gene,cascade_category,CTS,HPS,layer_consistency,propagation_depth,S_HSPC,Z_HSPC,S_GMP,Z_GMP,S_Monocyte,Z_Monocyte,S_Neutrophil,Z_Neutrophil,vexas_mechanism,evidence_level,overall_score,overall_rank,overall_category
ABCB1,Other,1.0000000000007214,0.04077300392079663,-0.7320508075688774,1,0.1359100130693221,0.21189057712192205,0.0,-0.39422219178824897,0.0,-0.3026875277812725,0.0,-0.31421297729543163,Other,Computational_Prediction,0.162877,519.0,other
ABCC1,Other,0.9704665032133826,0.06711824182073702,-0.7162777409878058,2,0.22244970498329422,0.7397118662196466,0.0015333213029950074,-0.38481437615800473,0.0,-0.3026875277812725,0.0,-0.31421297729543163,Other,Computational_Prediction,0.229754,160.0,other
ABCC4,Other,0.9947222168626174,0.05019264946328286,-0.7299383168510907,2,0.16718123704688004,0.40261944830748514,0.000153113396875393,-0.39328275228166254,0.0,-0.3026875277812725,0.0,-0.31421297729543163,Other,Computational_Prediction,0.185419,351.0,other
AC007319.1,Other,0.9924209800875335,0.06319093787423921,-0.7288514642993189,2,0.21039311864647756,0.6661765577193266,0.00029200912118378526,-0.3924305464435448,0.0,-0.3026875277812725,0.0,-0.31421297729543163,Other,Computational_Prediction,0.171825,456.0,other
AC008014.1,Other,0.9751886258745555,0.05969891344171574,-0.7192420710275802,2,0.19807405220073165,0.5910403353909881,0.001106791125984984,-0.38743138621206696,0.0,-0.3026875277812725,0.0,-0.31421297729543163,Other,Computational_Prediction,0.035377,1899.0,other
AC010737.1,Other,1.0000000000007214,0.036872877602244204,-0.7320508075688772,1,0.12290959200748068,0.13259864931501858,0.0,-0.39422219178824897,0.0,-0.3026875277812725,0.0,-0.31421297729543163,Other,Computational_Prediction,0.018575,1985.0,other
AC079793.1,Other,0.9984398414244502,0.07109984633976955,-0.7315180164167865,2,0.2369539183358761,0.8281756961662398,5.4683356026926085e-05,-0.3938866776787538,0.0,-0.3026875277812725,0.0,-0.31421297729543163,Other,Computational_Prediction,0.047705,1850.0,other
AC092821.3,Other,1.0000000000007214,0.044807651295175284,-0.7320508075688772,1,0.14935883765058428,0.29391739938502376,0.0,-0.39422219178824897,0.0,-0.3026875277812725,0.0,-0.31421297729543163,Other,Computational_Prediction,0.022571,1969.0,other
AC096577.1,Other,1.0000000000007214,0.03972144298439884,-0.7320508075688772,1,0.13240480994799614,0.19051170704359063,0.0,-0.39422219178824897,0.0,-0.3026875277812725,0.0,-0.31421297729543163,Other,Computational_Prediction,0.020009,1978.0,other
AC107223.1,Other,1.0000000000007214,0.03855471890020834,-0.7320508075688774,1,0.12851572966736113,0.16679150049178204,0.0,-0.39422219178824897,0.0,-0.3026875277812725,0.0,-0.31421297729543163,Other,Computational_Prediction,0.019422,1980.0,other
AC118549.1,Other,0.9719768371712971,0.03594812736847286,-0.7172388121634585,2,0.11918456179492648,0.10987901390572168,0.0007710353199796578,-0.38949144284436726,0.0,-0.3026875277812725,0.0,-0.31421297729543163,Other,Computational_Prediction,0.02129,1975.0,other
AC139720.1,Other,1.0000000000007214,0.056462752432042254,-0.7320508075688772,1,0.18820917477347418,0.5308726573546233,0.0,-0.39422219178824897,0.0,-0.3026875277812725,0.0,-0.31421297729543163,Other,Computational_Prediction,0.028441,1928.0,other
ACSM3,Other,0.9451036890293057,0.03808334837125623,-0.6985555754054309,2,0.12539877837382635,0.1477806487840614,0.0018548594364333328,-0.3828415531941732,0.0,-0.3026875277812725,0.0,-0.31421297729543163,Other,Computational_Prediction,0.172094,453.0,other
ADK,Other,0.49719190997094476,0.13445040493025134,-0.0033404997321166974,3,0.22828441907136723,0.7752988465216429,0.2634283183227521,1.2220633484471621,0.0,-0.3026875277812725,0.00043199851261271606,-0.3113735783097994,Other,Computational_Prediction,0.232086,149.0,other
AFDN,Other,1.0000000000007214,0.0418468756664534,-0.7320508075688772,1,0.13948958555484467,0.23372303945152528,0.0,-0.39422219178824897,0.0,-0.3026875277812725,0.0,-0.31421297729543163,Other,Computational_Prediction,0.023126,1965.0,other
AFF1,Other,0.9293497384589562,0.05849287202454189,-0.6862358960896948,2,0.19171984623040286,0.5522848798043719,0.003907672621684137,-0.37024635352372487,0.0,-0.3026875277812725,0.0,-0.31421297729543163,Other,Computational_Prediction,0.193485,297.0,other
AGPS,Other,0.9699957643569711,0.060968114135100684,-0.7159757813995358,2,0.20204406384828646,0.615254157039769,0.001419579922459001,-0.38551224550575464,0.0,-0.3026875277812725,0.0,-0.31421297729543163,Other,Computational_Prediction,0.197235,271.0,other
AGTPBP1,Neut_Amplifier,0.885469275997694,0.07769876032831886,-0.6561244093504375,3,0.0014272355923027706,-0.608344293137679,0.008857610009241488,-0.3398756163322231,0.0,-0.3026875277812725,0.30022474859327064,1.6590758691447716,Other,Computational_Prediction,0.189547,327.0,other
AHR,Other,0.9818879501786822,0.04731860163721968,-0.7232285634601734,2,0.15722558524861788,0.34189812090559724,0.0006037042505372639,-0.39051811601942243,0.0,-0.3026875277812725,0.0,-0.31421297729543163,Other,Computational_Prediction,0.257427,112.0,tf
AJ009632.2,Other,1.0000000000007214,0.05285496333480978,-0.7320508075688772,1,0.1761832111160326,0.4575241221342388,0.0,-0.39422219178824897,0.0,-0.3026875277812725,0.0,-0.31421297729543163,Other,Computational_Prediction,0.026624,1942.0,other
AKT3,Other,0.9874409727978626,0.06745990342919325,-0.7263071555285372,2,0.22439971345921442,0.751605321866968,0.0005599575657157231,-0.39078652730701857,0.0,-0.3026875277812725,0.0,-0.31421297729543163,Other,Computational_Prediction,0.194401,286.0,other
AL050309.1,Other,1.0000000000007214,0.04564004134061716,-0.7320508075688772,1,0.15213347113539052,0.3108403926420369,0.0,-0.39422219178824897,0.0,-0.3026875277812725,0.0,-0.31421297729543163,Other,Computational_Prediction,0.02299,1966.0,other
AL589693.1,Other,0.9857525317604257,0.06900596595414253,-0.7253953248722746,2,0.22946667322866937,0.78250962922201,0.0006638559421668827,-0.39014905049897775,0.0,-0.3026875277812725,0.0,-0.31421297729543163,Other,Computational_Prediction,0.046199,1855.0,other
ALCAM,Other,0.9660226718017474,0.057805885022775616,-0.7133829347100453,2,0.191382996757277,0.5502303737250813,0.001563943982370086,-0.38462648825668744,0.0,-0.3026875277812725,0.0,-0.31421297729543163,Other,Computational_Prediction,0.192047,307.0,other
ANGPT1,Other,1.0000000000007214,0.0733156159259806,-0.7320508075688774,1,0.24438538641993535,0.8735015689220157,0.0,-0.39422219178824897,0.0,-0.3026875277812725,0.0,-0.31421297729543163,Other,Computational_Prediction,0.192609,302.0,other
ANKRD17,Other,0.500468327277727,0.10024749686937787,-0.0012973563255711529,2,0.17627836015551945,0.4581044533968956,0.1894559552908881,0.7681999919686802,0.0,-0.3026875277812725,0.0,-0.31421297729543163,Other,Computational_Prediction,0.189209,328.0,other
ANKRD28,Other,0.5055142049304233,0.14501211236335998,-0.015135090038843835,2,0.2337232256618053,0.8084711151330446,0.2995805786592735,1.443878436516602,0.0,-0.3026875277812725,0.0,-0.31421297729543163,Other,Computational_Prediction,0.212022,217.0,other
ANTXR2,Other,0.4910518621358685,0.10644607400845403,-0.005633894995935362,3,0.17388760383002225,0.44352279661335975,0.21595550962153648,0.9307901294300344,0.0,-0.3026875277812725,0.0011636618162529872,-0.30656457091388045,Other,Computational_Prediction,0.194773,283.0,other
AP000331.1,Other,1.0000000000007214,0.04745935659563298,-0.7320508075688774,1,0.15819785531877661,0.34782817254354936,0.0,-0.39422219178824897,0.0,-0.3026875277812725,0.0,-0.31421297729543163,Other,Computational_Prediction,0.023907,1961.0,other
AREG,Other,0.9437404703457707,0.09670160933116785,-0.70177966591991,3,0.31929174117273923,1.3303690230671004,0.0012905272022354557,-0.38630405880416324,0.002957275893936162,-0.28241180663324583,0.0,-0.31421297729543163,Other,Computational_Prediction,0.11661,1349.0,other
ARG1,Other,1.0000000000007214,0.06168555976617397,-0.7320508075688774,1,0.0,-0.6170492620775301,0.0,-0.39422219178824897,0.0,-0.3026875277812725,0.2467422390646959,1.3075510863716366,Other,Computational_Prediction,0.121929,1104.0,other
ARHGAP15,Other,0.20877175704040296,0.32754017859584084,0.4183691025209807,4,0.3774092119581563,1.6848380264875467,0.41978881287902403,2.181425682855431,1.7498673928616347e-05,-0.3025675530999232,0.4374668482154087,2.5611277676486193,Other,Computational_Prediction,0.340888,51.0,other
ARHGAP26,Other,0.8639546262326792,0.05165406215310245,-0.6458810379553204,4,0.0005435525589076453,-0.613734036358675,0.1991031929611584,0.8273913911658162,0.001737837054535711,-0.2907725422397731,0.005470522936933685,-0.2782568412799063,Other,Computational_Prediction,0.197231,272.0,other
ARID1B,Other,0.5046438650624214,0.10374231015305871,-0.012766383938533243,2,0.16898360046152752,0.41361238992654614,0.21218892005840181,0.9076799175680078,0.0,-0.3026875277812725,0.0,-0.31421297729543163,Other,Computational_Prediction,0.194466,285.0,other
ARID2,Other,0.9042575816316911,0.057544990731171156,-0.6698535905373448,3,0.18746110646302586,0.5263100529447704,0.0047629203099452625,-0.3649989128512206,0.0,-0.3026875277812725,0.0004637148591083332,-0.31116511610579095,Other,Computational_Prediction,0.198653,264.0,other
ARIH1,Other,0.8803546208550955,0.06518119330019523,-0.6456863889358717,3,0.21037233897118734,0.6660498187079419,0.00804939000716352,-0.34483451487056155,0.0,-0.3026875277812725,0.00022857642819255103,-0.31271061175619835,Other,Computational_Prediction,0.207756,234.0,other
ARL15,Other,0.9450741933227793,0.07699104833461838,-0.6985333874958701,2,0.25350985120658825,0.9291533358685116,0.003752371890567668,-0.3711992135946911,0.0,-0.3026875277812725,0.0,-0.31421297729543163,Other,Computational_Prediction,0.231558,151.0,other
ASAP1,Other,0.8706139860089546,0.04882387037857287,-0.6466985335710798,3,0.0017411180558973265,-0.6064298670183401,0.18769952589530323,0.7574232787716957,0.0,-0.3026875277812725,0.005506613951911457,-0.2780196256684484,Other,Computational_Prediction,0.178516,397.0,other
ASGR2,Other,1.0000000000007214,0.035171459662822424,-0.7320508075688774,1,0.0,-0.6170492620775301,0.0,-0.39422219178824897,0.17585729831411212,0.9030280261085557,0.0,-0.31421297729543163,Other,Computational_Prediction,0.114912,1436.0,other
ATF3,Other,0.0023074509390392794,0.18980106195077404,0.9189427009119473,4,0.18019150111280627,0.48197141038293917,0.2163557917876536,0.933246092711539,0.18545094629547604,0.9688041451582932,0.17825789764369418,0.8574236811025079,Other,Computational_Prediction,0.266696,101.0,other
ATF7IP2,Other,0.987313267180144,0.03737033209202115,-0.7262389848067747,2,0.12430620492040836,0.1411168449749341,0.0003138824635945557,-0.39229634079974673,0.0,-0.3026875277812725,0.0,-0.31421297729543163,Other,Computational_Prediction,0.176882,413.0,other
ATG7,Other,0.8488317341817924,0.06795894373629499,-0.6339159932293381,4,0.005757063722514778,-0.5819358854496559,0.25919145189778586,1.196067715243477,0.0002482624363622444,-0.30098538698962973,0.005537236631286535,-0.2778183518163023,Other,Computational_Prediction,0.217176,203.0,other
ATP2B1,Other,0.5096704708627571,0.09830831569795101,-0.026345172474924405,2,0.1517944343280236,0.30877254561417955,0.21107994159817575,0.9008756914274461,0.0,-0.3026875277812725,0.0,-0.31421297729543163,Other,Computational_Prediction,0.186382,343.0,other
ATP2C1,Other,0.9435743264702275,0.06471151795527995,-0.6974006539174471,2,0.21298729705639494,0.681998922719577,0.0032613153534458714,-0.3742121302979577,0.0,-0.3026875277812725,0.0,-0.31421297729543163,Other,Computational_Prediction,0.193604,295.0,other
ATP8B4,Other,0.22007402668488596,0.16413050729749384,0.3824015497656539,3,0.17494955460406514,0.4499998271425516,0.2625774453029731,1.2168427489034175,0.0,-0.3026875277812725,0.18400511836212413,0.8951984701392104,Other,Computational_Prediction,0.15149,599.0,mitochondrial
ATXN1,Other,0.8159732661126409,0.054224672036572226,-0.6027401765143356,3,0.17218913879182593,0.4331635500512229,0.005856587430483784,-0.35828863066131744,0.0,-0.3026875277812725,0.0044151341656140115,-0.2851936008270838,Other,Computational_Prediction,0.202466,251.0,other
AUTS2,Other,0.5088387357265791,0.1375782382116355,-0.024115151852170946,2,0.2851704206790579,1.122256895898969,0.2081084480316726,0.8826438547174791,0.0,-0.3026875277812725,0.0,-0.31421297729543163,Other,Computational_Prediction,0.231175,154.0,other
BABAM2,Other,0.9308151611430941,0.05765780249465469,-0.6874204361960015,2,0.1890666097959764,0.5361023091928174,0.003751278223447129,-0.371205923876881,0.0,-0.3026875277812725,0.0,-0.31421297729543163,Other,Computational_Prediction,0.038799,1879.0,other
BATF,Cascade_Core_Uniform,0.0011625697723975925,0.5302607302415364,0.9434644564086474,4,0.5594818205182889,2.795331914715483,0.5467165378873632,2.960200902969025,0.4822404864631352,3.0036572234353436,0.5171558092863275,3.0848998377476278,Other,Computational_Prediction,0.265774,102.0,other
BAZ2B,Other,0.7588839117069007,0.04344302814552334,-0.5474805017000139,3,0.13494977333748925,0.2060339007010874,0.004643710593806563,-0.36573033360992,0.0,-0.3026875277812725,0.0071886739832997025,-0.2669639405041385,Other,Computational_Prediction,0.182298,374.0,other
BBS9,Other,1.0000000000007214,0.03894843906360221,-0.7320508075688774,1,0.12982813021200737,0.17479606963187488,0.0,-0.39422219178824897,0.0,-0.3026875277812725,0.0,-0.31421297729543163,Other,Computational_Prediction,0.165633,502.0,other
BCAS3,Other,0.9381363173283648,0.06012385780140098,-0.6979862674342543,3,0.1979384374777849,0.5902131965798453,0.0021293698836885016,-0.38115727236450747,0.0,-0.3026875277812725,0.0008399363485735846,-0.30869232306513905,Other,Computational_Prediction,0.200669,260.0,other
BCL11A,Cascade_Core_Uniform,0.0036804625686376324,0.5923561964444881,0.8978903210250646,4,0.6811161966632215,3.5372020530935737,0.589892328471983,3.225109423262024,0.5419065898912349,3.412740893166018,0.5286677493971159,3.16056442945083,Erythroid_Defect,Computational_Prediction,0.603706,12.0,tf
BCL3,Other,0.005117500142135967,0.2539566142253282,0.8797902962917648,4,0.24101032968595348,0.8529164852834104,0.25212745596622754,1.1527260025788924,0.21727228483466487,1.186978103191941,0.3006687774442093,1.6619943400008899,Other,Computational_Prediction,0.145374,664.0,other
BCLAF1,Other,0.004202709171683305,0.19731242241798863,0.8921977768165742,4,0.17382854580551316,0.44316259100205563,0.2178803637536843,0.9426002260842641,0.17887363223255737,0.9237086618061362,0.21967616516560856,1.1296537544819483,Other,Computational_Prediction,0.127231,986.0,other
BHLHE40,Other,0.009748494905890581,0.15108792536815568,0.8317434939073245,4,0.14279355392599155,0.25387454226170925,0.14522696326918974,0.4968294699268053,0.19748237828852033,1.0512942370035008,0.1297865708614269,0.5388359265627071,Other,Computational_Prediction,0.132859,876.0,other
BMP2K,Other,0.9745230207001857,0.036807148208299834,-0.7188315610048603,2,0.12210355933964379,0.12768250976814485,0.000704321625626808,-0.3899007700579513,0.0,-0.3026875277812725,0.0,-0.31421297729543163,Other,Computational_Prediction,0.176608,415.0,other
BRAF,Other,0.47328897863354435,0.10603551137140388,0.013927431667638213,3,0.1895292309879642,0.5389239198147001,0.1939815498356765,0.7959671396704996,0.0,-0.3026875277812725,0.002725418464381996,-0.2962996044544302,Other,Computational_Prediction,0.201495,256.0,other
BRCA1,Other,0.00030660166060880734,0.17171016727638608,0.9709687070524856,4,0.1721399237714017,0.43286337870846947,0.1636574415845049,0.6099111453910538,0.17555107152036134,0.9009284691849435,0.17617446177906831,0.8437298708047118,Other,Computational_Prediction,0.134963,829.0,other
BTBD11,Other,0.993148740132552,0.03907721836704562,-0.7292022095351447,2,0.13012342033455276,0.17659709768839582,0.00016076906671916267,-0.3932357803063332,0.0,-0.3026875277812725,0.0,-0.31421297729543163,Other,Computational_Prediction,0.165256,504.0,other
BTBD9,Other,0.9607939559229601,0.04712004637148591,-0.709855471798041,2,0.15580272432479725,0.3332198338628799,0.0015169162961869295,-0.3849150303908533,0.0,-0.3026875277812725,0.0,-0.31421297729543163,Other,Computational_Prediction,0.179355,389.0,other
C22ORF34,Other,0.9828283238508545,0.05833275915809504,-0.7237654504872693,2,0.19386015278529672,0.5653389979770066,0.0006988532900241153,-0.38993432146890084,0.0,-0.3026875277812725,0.0,-0.31421297729543163,Other,Computational_Prediction,0.178264,401.0,other
CABLES1,Other,1.0000000000007214,0.04305887756943418,-0.732050807568877,1,0.14352959189811396,0.25836377145444456,0.0,-0.39422219178824897,0.0,-0.3026875277812725,0.0,-0.31421297729543163,Other,Computational_Prediction,0.167837,486.0,other
CALN1,HSC_Initiator,0.991555049564517,0.11196865550032535,-0.7284264371248084,2,0.3727403470205773,1.6563617717716663,0.0005862055766086477,-0.39062548053446083,0.0,-0.3026875277812725,0.0,-0.31421297729543163,Other,Computational_Prediction,0.220682,189.0,other
CALR,Other,1.0000000000007214,0.061602167648232904,-0.732050807568877,1,0.0,-0.6170492620775301,0.24640867059293162,1.1176379370078888,0.0,-0.3026875277812725,0.0,-0.31421297729543163,UPR_Stress,Computational_Prediction,0.274826,89.0,other
CAMK1D,Other,0.9902213686257492,0.05888030360199266,-0.7277566556329198,2,0.19596327465809232,0.5781663200240055,0.00036528481825986623,-0.39198095753682133,0.0,-0.3026875277812725,0.0,-0.31421297729543163,Other,Computational_Prediction,0.191053,316.0,other
CARMIL1,Other,1.0000000000007214,0.03587873418967469,-0.7320508075688774,1,0.11959578063224896,0.11238711223628411,0.0,-0.39422219178824897,0.0,-0.3026875277812725,0.0,-0.31421297729543163,Other,Computational_Prediction,0.019261,1982.0,other
CASC15,Other,1.0000000000007214,0.077944780747084,-0.7320508075688774,1,0.25981593582361334,0.9676152905866579,0.0,-0.39422219178824897,0.0,-0.3026875277812725,0.0,-0.31421297729543163,Other,Computational_Prediction,0.054358,1833.0,other
CBLB,Other,0.9575250089307394,0.03949450705688709,-0.7075870618517943,2,0.13047995581584831,0.1787716723047877,0.0014020812485303848,-0.3856196100207931,0.0,-0.3026875277812725,0.0,-0.31421297729543163,Other,Computational_Prediction,0.243618,135.0,other
CCDC171,Other,0.9862391445263384,0.045941674732461676,-0.7256604151329851,2,0.15278529673923147,0.3148159953149496,0.0004243428427689464,-0.39161860229856654,0.0,-0.3026875277812725,0.0,-0.31421297729543163,Other,Computational_Prediction,0.037082,1890.0,other
CCNT2,Other,0.00552194952362961,0.44032777203602536,0.878031795460593,4,0.4267762521121446,1.9859365651664243,0.4772249290483455,2.533829572622577,0.35377069081483664,2.1228406050569233,0.4889381039093131,2.8994331713468737,Other,Computational_Prediction,0.22904,163.0,other
CCSER1,Other,0.9733065735372086,0.05864532922114496,-0.718074996640572,2,0.19449557338232962,0.5692145435356682,0.001186628825784296,-0.386941535612204,0.0,-0.3026875277812725,0.0,-0.31421297729543163,Other,Computational_Prediction,0.043132,1866.0,other
CD109,Other,1.0000000000007214,0.045812950112374295,-0.7320508075688772,1,0.15270983370791433,0.31435573258939437,0.0,-0.39422219178824897,0.0,-0.3026875277812725,0.0,-0.31421297729543163,Other,Computational_Prediction,0.168927,475.0,other
CDC42SE2,Other,0.48331766787141395,0.11646198686505788,0.0028315606933816406,3,0.2261397378479912,0.7622180464518745,0.19252915989960134,0.7870558849223082,0.0,-0.3026875277812725,0.0019511021430407226,-0.3013889575729812,Other,Computational_Prediction,0.217667,201.0,other
CDH9,Other,1.0000000000007214,0.04937414899027183,-0.7320508075688774,1,0.16458049663423943,0.38675706046153446,0.0,-0.39422219178824897,0.0,-0.3026875277812725,0.0,-0.31421297729543163,Other,Computational_Prediction,0.166044,500.0,other
CDK14,Other,0.4915268749382351,0.09675930027177627,-0.004004317576626004,3,0.1599947503978214,0.35878776179119326,0.19411278989014114,0.796772373533288,0.0,-0.3026875277812725,0.0009307107195782819,-0.3080956898605632,Other,Computational_Prediction,0.185849,347.0,other
CDK19,Other,0.9136041664159337,0.04539221637110312,-0.6798460458516644,3,0.14843468893372924,0.2882808486155418,0.0027516664752749204,-0.3773391217984526,0.0,-0.3026875277812725,0.0006955722886624997,-0.3096411855109706,Other,Computational_Prediction,0.185266,354.0,other
CDK6,Other,0.8391187160457063,0.044855936698547066,-0.5996397426527655,2,0.14214938399199437,0.2499456329087803,0.008844486003795025,-0.3399561397185019,0.0,-0.3026875277812725,0.0,-0.31421297729543163,Other,Computational_Prediction,0.316377,60.0,other
CDKAL1,Other,0.5027250311901506,0.12761225125908426,-0.007517614685143004,2,0.25020150816695924,0.9089751511611941,0.21020719523598602,0.8955208862399033,0.0,-0.3026875277812725,0.0,-0.31421297729543163,Other,Computational_Prediction,0.217871,199.0,other
CEBPB,Cascade_Core_Uniform,0.0001201306722704576,0.8385187919352987,0.9818085765786427,4,0.8141378348672015,4.3485251697105385,0.8457316906453182,4.794832315381696,0.8478971515439846,5.510678158580031,0.8530603540200469,5.292701475345467,Myeloid_Bias,Direct_Validation,0.441908,22.0,tf
CELF2,Other,0.9169227168650655,0.03978356327684542,-0.6806750546698295,3,0.13013107600439652,0.17664379100837965,0.0026291757577746057,-0.3780906734037217,0.0,-0.3026875277812725,0.00034778614433124985,-0.31192708140320113,Other,Computational_Prediction,0.285277,78.0,other
CENPP,Other,0.5099627299729041,0.09240464589792804,-0.027127206402567827,2,0.14229484171902598,0.2508328059884739,0.198864773528881,0.8259285496484173,0.0,-0.3026875277812725,0.0,-0.31421297729543163,Other,Computational_Prediction,0.183181,368.0,other
CEP70,Other,1.0000000000007214,0.05543317420476729,-0.7320508075688772,1,0.1847772473492243,0.5099407090532804,0.0,-0.39422219178824897,0.0,-0.3026875277812725,0.0,-0.31421297729543163,Other,Computational_Prediction,0.166801,497.0,other
CERS6,Other,0.5001218110368667,0.14160763598383558,-0.0003376558864109924,2,0.2531598777280159,0.92701878409782,0.2626386906617233,1.217218524706052,0.0,-0.3026875277812725,0.0,-0.31421297729543163,Other,Computational_Prediction,0.074829,1801.0,other
CHD2,GMP_Propagator,0.005208842952576842,0.2707975567476527,0.8802716728997534,4,0.28626299413247586,1.128920699708096,0.30820086290335813,1.4967688807374189,0.22437565278256258,1.2356803254021604,0.2519732489022316,1.341932973329305,Other,Computational_Prediction,0.174113,435.0,other
CHRM3,Other,1.0000000000007214,0.09285857243630756,-0.7320508075688772,1,0.30952857478769186,1.270821699139093,0.0,-0.39422219178824897,0.0,-0.3026875277812725,0.0,-0.31421297729543163,Other,Computational_Prediction,0.212703,215.0,other
CHST11,Other,0.5045759018792058,0.17002449814350007,-0.016834089752954418,3,0.3458700395360664,1.4924748891025479,0.26491133093820235,1.2311624910966708,0.00017826774064777905,-0.3014652857150268,0.0,-0.31421297729543163,Other,Computational_Prediction,0.280506,83.0,other
CMSS1,Other,0.9518394665142291,0.04166313959020292,-0.7035318922348837,2,0.13743895970383493,0.22121590017013024,0.001725806716209787,-0.38363336649258173,0.0,-0.3026875277812725,0.0,-0.31421297729543163,Other,Computational_Prediction,0.039107,1878.0,other
CNST,Other,0.9867199405325654,0.06307654029343088,-0.7259205277076566,2,0.2097894143959403,0.662494455914884,0.0005588638985951845,-0.3907932375892085,0.0,-0.3026875277812725,0.0,-0.31421297729543163,Other,Computational_Prediction,0.24241,136.0,other
COG5,Other,0.9002665702266595,0.053984940203750185,-0.6611924009559758,2,0.1752743737388651,0.45198095800472454,0.005610512328362616,-0.3597984441540456,0.0,-0.3026875277812725,0.0,-0.31421297729543163,Other,Computational_Prediction,0.188793,332.0,other
COL24A1,Other,0.9787152048827321,0.08001268653859823,-0.7213746460124666,2,0.2656790852568204,1.0033757032200228,0.0012358438462085294,-0.38663957291365836,0.0,-0.3026875277812725,0.0,-0.31421297729543163,Other,Computational_Prediction,0.198747,263.0,other
COMMD10,Other,0.9559783136460624,0.04894707197970153,-0.7064974821637182,2,0.1616440004155935,0.3688468370105765,0.001815487420093946,-0.3830831233530097,0.0,-0.3026875277812725,0.0,-0.31421297729543163,Other,Computational_Prediction,0.182754,370.0,other
COP1,Other,0.2105032843693142,0.20396776962995772,0.4132240928577344,3,0.22742151571326233,0.7700358423120318,0.25856368697059673,1.1922160132664728,0.0,-0.3026875277812725,0.28440157269331934,1.5550747944001453,Other,Computational_Prediction,0.06782,1811.0,other
CPNE8,Other,0.9674730280441002,0.0517327515024252,-0.7143384740810461,2,0.17133607843780588,0.4279605801101625,0.0013277118843337654,-0.3860759092097065,0.0,-0.3026875277812725,0.0,-0.31421297729543163,Other,Computational_Prediction,0.189797,324.0,other
CRADD,Other,0.9890891414312025,0.0392725473147738,-0.727174653623555,2,0.1306779095646658,0.179979028150085,0.000276697781496246,-0.39252449039420345,0.0,-0.3026875277812725,0.0,-0.31421297729543163,Other,Computational_Prediction,0.172303,452.0,other
CTCF,Cascade_Core_Uniform,0.00018881069852849652,0.8195436127105993,0.9771219338692237,4,0.8043352964658147,4.288737708708328,0.8408725276287656,4.765018531611957,0.8391729689234488,5.450863281509836,0.8007611923158948,4.948954489287407,Other,Computational_Prediction,0.437614,25.0,tf
CTCFL,Other,0.0054164396898421785,0.2696261298948439,0.8786559982532837,4,0.22382553822093168,0.7481033228681774,0.27091337609571775,1.2679885197548595,0.3158357530718375,1.862750492726874,0.2863318951610698,1.567762235437211,Other,Computational_Prediction,0.145583,662.0,other
CTDSPL,Other,0.9878283164898839,0.04291243554199408,-0.7265131020891216,2,0.1427552755767727,0.25364107566178984,0.0003434114758490958,-0.39211516318061934,0.0,-0.3026875277812725,0.0,-0.31421297729543163,Other,Computational_Prediction,0.174216,434.0,other
CTSB,Other,1.0000000000007214,0.04956083796774776,-0.7320508075688774,1,0.0,-0.6170492620775301,0.0,-0.39422219178824897,0.24780418983873878,1.3963114268936645,0.0,-0.31421297729543163,Other,Computational_Prediction,0.191833,311.0,other
CTSD,Mono_Amplifier,0.8995975444361238,0.058829885547735834,-0.6665242348588414,3,0.0,-0.6170492620775301,0.007494900777050489,-0.3482366279408424,0.2837158434087417,1.6425294666927044,0.0008519666868995083,-0.3086132511946531,Other,Computational_Prediction,0.204946,241.0,other
CUX1,Other,0.48284005465456126,0.1552412356251128,-0.016424463754117324,3,0.23366963597289894,0.8081442618931575,0.33612437182494764,1.6680958056100272,0.0,-0.3026875277812725,0.004437007508024783,-0.2850498337898366,Other,Computational_Prediction,0.276452,87.0,tf
DACH1,Other,0.8441805239041936,0.06717713579517802,-0.6240822507060688,3,0.21506417091829758,0.6946661533837739,0.008050483674284058,-0.34482780458837164,0.0,-0.3026875277812725,0.0025810544044709114,-0.29724846690026174,Other,Computational_Prediction,0.198584,265.0,other
DANT2,Other,0.9893866885812626,0.07517982621629454,-0.7273287415465861,2,0.2501719791547047,0.908795048355542,0.0005129298795325666,-0.3910750694411844,0.0,-0.3026875277812725,0.0,-0.31421297729543163,Other,Computational_Prediction,0.046471,1854.0,other
DAPK1,Other,1.0000000000007214,0.05781222829207473,-0.7320508075688772,1,0.19270742764024912,0.5583083180822918,0.0,-0.39422219178824897,0.0,-0.3026875277812725,0.0,-0.31421297729543163,Other,Computational_Prediction,0.188312,336.0,other
DEFA3,Other,0.5885910808307435,0.045946213451011915,-0.3540106157323981,4,0.018933565190762888,-0.5015700112831234,0.14997566590656802,0.525965515195365,0.0003598164826571736,-0.30022054839602813,0.01080105648243844,-0.243220814302763,Other,Computational_Prediction,0.126656,998.0,other
DENND1A,Other,0.5192645219891991,0.10034138819167608,-0.06074364573495905,4,0.13936053283462113,0.23293592348608294,0.23386977705595746,1.0407045517006486,2.9529012254540083e-05,-0.30248507050649565,0.00023951309939793626,-0.31263872823757477,Other,Computational_Prediction,0.191946,309.0,other
DENND1B,Other,0.9111981592313962,0.04556917171120625,-0.6709407182751326,2,0.14850140262808206,0.28868774754682974,0.004075003691126532,-0.3692196803486697,0.0,-0.3026875277812725,0.0,-0.31421297729543163,Other,Computational_Prediction,0.176085,420.0,other
DENND4A,Other,0.5031291415562745,0.11339086022387365,-0.008626065821848217,2,0.22346353440403344,0.7458953958803685,0.18540719961065452,0.7433585273016586,0.0,-0.3026875277812725,0.0,-0.31421297729543163,Other,Computational_Prediction,0.211924,219.0,other
DEPTOR,Other,1.0000000000007214,0.037554997785324076,-0.7320508075688772,1,0.12518332595108025,0.14646656535022948,0.0,-0.39422219178824897,0.0,-0.3026875277812725,0.0,-0.31421297729543163,Other,Computational_Prediction,0.033863,1905.0,other
DIAPH2,Other,0.47443355127342923,0.12457404399822826,-0.03512656357683164,4,0.16921217688972007,0.4150065190517789,0.2881616002537308,1.3738163801718226,5.6870690268003125e-05,-0.3022976100668874,0.007034466919303772,-0.26797749811673127,Other,Computational_Prediction,0.206644,237.0,other
DISC1FP1,Other,1.0000000000007214,0.039646636153354,-0.7320508075688774,1,0.13215545384451335,0.18899083890697296,0.0,-0.39422219178824897,0.0,-0.3026875277812725,0.0,-0.31421297729543163,Other,Computational_Prediction,0.019972,1979.0,other
DLEU2,Other,0.47237964990067616,0.10283177759185437,0.009474183621702381,4,0.1733746739504897,0.4403943441744402,0.20055011456163088,0.8362690945030582,0.00027997878285786155,-0.3007679328796842,0.002503404038912676,-0.2977588398824893,Other,Computational_Prediction,0.208967,228.0,other
DLG2,Other,1.0000000000007214,0.04032350673425529,-0.7320508075688774,1,0.1344116891141843,0.20275202735364928,0.0,-0.39422219178824897,0.0,-0.3026875277812725,0.0,-0.31421297729543163,Other,Computational_Prediction,0.169775,465.0,other
DNAJC1,Other,0.5074930449793806,0.09927172706443341,-0.020493113547370045,2,0.15657157231053584,0.3379091772841177,0.2092010214850906,0.8893474266251924,0.0,-0.3026875277812725,0.0,-0.31421297729543163,Other,Computational_Prediction,0.193859,292.0,other
DNM3,Other,1.0000000000007214,0.05419623669143822,-0.7320508075688774,1,0.18065412230479408,0.48479302100482197,0.0,-0.39422219178824897,0.0,-0.3026875277812725,0.0,-0.31421297729543163,Other,Computational_Prediction,0.175738,423.0,other
DOCK10,Other,0.8914433253845009,0.05619524145435853,-0.6530395845795285,2,0.18188012314691776,0.4922706226765255,0.00652481804113282,-0.35418864824328655,0.0,-0.3026875277812725,0.0,-0.31421297729543163,Other,Computational_Prediction,0.22888,165.0,other
DOCK3,Other,1.0000000000007214,0.04197811572091802,-0.7320508075688774,1,0.13992705240306008,0.23639122916488964,0.0,-0.39422219178824897,0.0,-0.3026875277812725,0.0,-0.31421297729543163,Other,Computational_Prediction,0.162432,521.0,other
DOCK5,Other,0.9069291788184711,0.048710074314680836,-0.6762906839359242,3,0.003243816679517255,-0.5972646353529338,0.18948876530450426,0.7684013004343773,0.0,-0.3026875277812725,0.0014589519387983878,-0.3046237159110432,Other,Computational_Prediction,0.178475,398.0,other
DOCK8,Other,0.20932185873381237,0.17920916930513858,0.41626463425572047,4,0.2020473448496481,0.6152741684626193,0.24142373585751703,1.0870524707863098,2.4060676651847475e-05,-0.30252256259441723,0.2329368790021381,1.216812520813065,Other,Computational_Prediction,0.229556,161.0,other
DPYD,Other,0.19003047171228982,0.2328418393293633,0.4255553505328836,4,0.3109404990403071,1.2794332814389762,0.2504114922541026,1.1421975698229343,0.004924783043784963,-0.2689221533990373,0.3038874397799542,1.6831496595318158,Other,Computational_Prediction,0.299929,67.0,other
DYRK1A,Other,0.8518074425148326,0.056093311678724334,-0.6226047725912986,3,0.179431402464032,0.47733543075596874,0.00838186481180723,-0.34279458908483096,0.0,-0.3026875277812725,0.0006736989462517293,-0.3097849525482178,Other,Computational_Prediction,0.194562,284.0,other
DYTN,Other,1.0000000000007214,0.052101645422182846,-0.7320508075688774,1,0.17367215140727615,0.4422087131795278,0.0,-0.39422219178824897,0.0,-0.3026875277812725,0.0,-0.31421297729543163,Other,Computational_Prediction,0.166089,499.0,other
E2F1,Cascade_Core_Uniform,0.002139652038858242,0.6544817931766108,0.922922151913501,4,0.588671795965462,2.973366873339715,0.7305597935156476,4.088185918527372,0.6455271748937775,4.12318596561089,0.6645394841172192,4.05360932307114,Other,Computational_Prediction,0.381557,36.0,tf
E2F4,GMP_Propagator,0.009345426642111132,0.26053015513668104,0.841891495909805,4,0.25449852628355507,0.9351834446207148,0.30491001853765765,1.476577641628,0.19414888090511892,1.0284390602064648,0.2764932657447053,1.5030958220834194,Other,Computational_Prediction,0.213378,213.0,tf
E2F6,Other,0.0073583785735497065,0.48336936966495503,0.8578533956356178,4,0.4354654373848232,2.0389334833481225,0.5555719605623637,3.0145340578606716,0.393923585478288,2.3981375082479928,0.5402081248530385,3.236415918302454,Other,Computational_Prediction,0.350067,48.0,tf
EBF1,Cascade_Core_Uniform,0.0004863508621624213,0.7166407467559099,0.9630840556412814,4,0.7085300567066402,3.7044041614815475,0.7606706366783142,4.272933407779786,0.7067736273110553,4.54310484875092,0.6902373804485128,4.222514026781016,Lymphoid_Depletion,Computational_Prediction,0.650199,9.0,tf
EGR1,Cascade_Core_Uniform,0.0032822730428889724,0.6817699361845235,0.9053971431938609,4,0.6565086864511048,3.3871163817168326,0.7383795134274981,4.1361644361851795,0.5825166374110712,3.6911721349073363,0.7348764976404132,4.5159137963951075,Other,Computational_Prediction,0.604601,11.0,tf
EHBP1,Other,0.9653270261144631,0.06263639396077016,-0.712921018644755,2,0.20734069371305455,0.6475592639943274,0.0017367433874151724,-0.38356626367068275,0.0,-0.3026875277812725,0.0,-0.31421297729543163,Other,Computational_Prediction,0.190774,317.0,other
EIF4G3,Other,0.2097511354261039,0.19214063465503003,0.4156609502981341,3,0.2157039661838126,0.6985683808395692,0.25965626042401474,1.1989195851741858,0.0,-0.3026875277812725,0.2500615187755303,1.3293677342738996,Other,Computational_Prediction,0.216441,205.0,other
ELF1,Cascade_Core_Uniform,0.0005715350981372325,0.5396963433239825,0.9600303188215313,4,0.5161791645476865,2.531221155938118,0.5393211608182817,2.9148259748009,0.5313253605000245,3.3401937030376305,0.5749889266204046,3.465019884229231,Other,Computational_Prediction,0.285094,79.0,other
ELF2,Other,0.518581865517458,0.09986952551251975,-0.06650584723832687,3,0.1359471977514204,0.21211737324755797,0.2357530718375248,1.0522596576316618,0.0,-0.3026875277812725,0.0005883929108497246,-0.3103456439934819,Other,Computational_Prediction,0.176215,417.0,other
ELK4,Other,0.008602658768234184,0.15228177239693555,0.8450560798179112,4,0.12443635130775246,0.14191063141466004,0.1479086350487502,0.513283081856448,0.19145955345571466,1.0100004513665988,0.15872719020511727,0.7290540935444808,Other,Computational_Prediction,0.136525,801.0,tf
ELL2,Other,1.0000000000007214,0.04520530866020309,-0.7320508075688772,1,0.150684362200677,0.30200201421651773,0.0,-0.39422219178824897,0.0,-0.3026875277812725,0.0,-0.31421297729543163,Other,Computational_Prediction,0.182638,371.0,other
ELMO1,Other,0.4721940387402208,0.20859895773523413,-0.01046759936029229,3,0.4374668482154087,2.051140451286764,0.30068736978525845,1.4506692420927838,0.0,-0.3026875277812725,0.008748243297187633,-0.256713350748413,Other,Computational_Prediction,0.337322,54.0,other
EMCN,Other,1.0000000000007214,0.03831323719999343,-0.7320508075688772,1,0.12771079066664479,0.16188203141919175,0.0,-0.39422219178824897,0.0,-0.3026875277812725,0.0,-0.31421297729543163,Other,Computational_Prediction,0.153957,582.0,other
EP300,Cascade_Core_Uniform,0.0006789538432470099,0.6172630980308522,0.9565258008632277,4,0.6124251521564381,3.1182429043011126,0.656200272323113,3.6319471221536634,0.580936288421893,3.680336921497981,0.6131929064750561,3.716123391485194,Other,Computational_Prediction,0.300763,66.0,other
EPGN,Other,1.0000000000007214,0.03717571402792132,-0.7320508075688774,1,0.12391904675973774,0.13875549707860674,0.0,-0.39422219178824897,0.0,-0.3026875277812725,0.0,-0.31421297729543163,Other,Computational_Prediction,0.139374,751.0,other
ERC1,Other,0.8942862509616135,0.06659251603589415,-0.6556939319368142,2,0.21575208753711633,0.6988618817080393,0.0074675590990370255,-0.34840438499559,0.0,-0.3026875277812725,0.0,-0.31421297729543163,Other,Computational_Prediction,0.205658,240.0,other
EREG,Other,0.5052415655084592,0.10437034849702796,-0.04955017656714,3,0.14658748516713968,0.2770144175508611,0.24039787609845192,1.0807582260921809,0.0014731696113653887,-0.2925871592951808,0.0,-0.31421297729543163,Other,Computational_Prediction,0.188571,334.0,other
ERG,HSC_Initiator,0.8903173907688129,0.10934013594282307,-0.6594910996222099,3,0.35480092524238394,1.54694598210088,0.010211569904468176,-0.33156828698112295,0.0,-0.3026875277812725,0.001387863575963384,-0.30509095878209663,Other,Computational_Prediction,0.35921,44.0,tf
ESR1,Other,0.0036517421680404283,0.4896533075227893,0.900025752033239,4,0.5503322013878635,2.739526726860468,0.4936058751797715,2.634336179262946,0.4889348229079515,3.049555037469024,0.4134608549195881,2.4033434442698143,Other,Computational_Prediction,0.501131,16.0,tf
ESYT2,Other,0.8492229689388435,0.04511158138797294,-0.610616430775869,2,0.1435930245911052,0.2587506589628824,0.008134696042565524,-0.3443111128597491,0.0,-0.3026875277812725,0.0,-0.31421297729543163,Other,Computational_Prediction,0.228649,166.0,other
ETS1,Other,0.0008525395085641208,0.24944408900263026,0.9513268342213036,4,0.2380213374455217,0.8346860790668487,0.2653280181111275,1.2337191086110237,0.2372349907858545,1.3238467193587053,0.2570347403360839,1.3752006657483078,Other,Computational_Prediction,0.145679,659.0,other
ETV6,Other,0.5001275445937783,0.21120686166751423,-0.00035354535843157286,2,0.37743655363616974,1.6850047883446324,0.39190358230665334,2.010333617859469,0.0,-0.3026875277812725,0.0,-0.31421297729543163,Other,Computational_Prediction,0.314933,61.0,tf
EXOC4,Other,0.48580166040173167,0.14721924197931877,0.004927660818459079,4,0.2770018209557557,1.0724351234761742,0.25469976103373415,1.1685085862895448,5.4683356026926085e-05,-0.302312606902056,0.0017312750518124799,-0.30283381629731554,Other,Computational_Prediction,0.240962,142.0,other
EXOC6,Other,0.9071240445731957,0.04922043407648015,-0.6732212238382964,3,0.16054923962793446,0.36216969225288254,0.0037031568701434343,-0.3715011762932368,0.0,-0.3026875277812725,0.0005194918822557978,-0.31079851016081056,Other,Computational_Prediction,0.178001,404.0,other
EXOC6B,Other,1.0000000000007214,0.038183309546073456,-0.7320508075688772,1,0.12727769848691153,0.15924052360296104,0.0,-0.39422219178824897,0.0,-0.3026875277812725,0.0,-0.31421297729543163,Other,Computational_Prediction,0.163276,515.0,other
EYS,Other,1.0000000000007214,0.04374952835605426,-0.7320508075688772,1,0.14583176118684754,0.2724051198210241,0.0,-0.39422219178824897,0.0,-0.3026875277812725,0.0,-0.31421297729543163,Other,Computational_Prediction,0.159052,555.0,other
FAF1,Other,0.5000486432080434,0.12829338714175564,-0.00013485548146174864,2,0.2307954787801237,0.7906142554763539,0.23621897403087422,1.0551182378445607,0.0,-0.3026875277812725,0.0,-0.31421297729543163,Other,Computational_Prediction,0.225957,177.0,other
FAM172A,Other,0.8658562483447748,0.07280848248218688,-0.63876995571692,3,0.2343903626053338,0.8125401044459251,0.008697934609642863,-0.3408553175319489,0.0,-0.3026875277812725,0.0012675601927041467,-0.3058816774869562,Other,Computational_Prediction,0.210429,224.0,other
FAR2,Other,0.9660603897254852,0.03686609686609687,-0.7149960203820667,3,0.12212871368341618,0.12783593067666338,0.0007535366460510415,-0.38959880735940566,0.0,-0.3026875277812725,0.0001563943982370086,-0.31318504297911415,Other,Computational_Prediction,0.1619,529.0,other
FBXL17,Other,0.8857852305789116,0.06212368281466169,-0.6548347510913926,3,0.20122600084212366,0.6102646422757778,0.006330145293676963,-0.3553830784730893,0.0,-0.3026875277812725,0.0006933849544214228,-0.3096555622146953,Other,Computational_Prediction,0.203623,248.0,other
FBXL20,Other,0.9624024097227912,0.04000475745197434,-0.7109540641022136,2,0.13232934691667897,0.1900514443180353,0.0012238135078826058,-0.3867133860177473,0.0,-0.3026875277812725,0.0,-0.31421297729543163,Other,Computational_Prediction,0.171646,459.0,other
FBXO11,Other,0.9270563240787313,0.05700898447539522,-0.685684257283393,3,0.18681912386326974,0.5223944845404083,0.0037611212275319764,-0.37114553133717193,0.0,-0.3026875277812725,9.186803812523582e-05,-0.3136091557389934,Other,Computational_Prediction,0.19816,268.0,other
FCER1A,Other,1.0000000000007214,0.03901077808947291,-0.7320508075688774,1,0.1300359269649097,0.176063459745723,0.0,-0.39422219178824897,0.0,-0.3026875277812725,0.0,-0.31421297729543163,Other,Computational_Prediction,0.158682,557.0,other
FCHSD2,Other,0.47692205477742067,0.14629711654663669,0.00902466570712257,4,0.27683886455479545,1.071441222807946,0.24994012172515048,1.139305438199086,0.00022857642819255103,-0.30112035850614766,0.0028588458530876956,-0.29542262552722226,Other,Computational_Prediction,0.259532,110.0,other
FHIT,Other,0.5022420544065207,0.15176670986651794,-0.00619068937994216,2,0.29556682032689713,1.1856664244370716,0.2523866550737952,1.1543163394578995,0.0,-0.3026875277812725,0.0,-0.31421297729543163,Other,Computational_Prediction,0.273022,91.0,other
FIGN,Other,1.0000000000007214,0.047881293370736745,-0.7320508075688774,1,0.15960431123578916,0.35640640247201566,0.0,-0.39422219178824897,0.0,-0.3026875277812725,0.0,-0.31421297729543163,Other,Computational_Prediction,0.170169,462.0,other
FLT3,Other,0.9468062175092578,0.044668591520798814,-0.6998304980381616,2,0.14715181740133756,0.280456382281101,0.002092185201590192,-0.3813854219589642,0.0,-0.3026875277812725,0.0,-0.31421297729543163,Other,Computational_Prediction,0.14819,632.0,other
FNDC3A,Other,0.9159230092142561,0.06407730039207966,-0.6750309360691187,2,0.20913977612634044,0.6585321941905381,0.00534147021671014,-0.3614491735727618,0.0,-0.3026875277812725,0.0,-0.31421297729543163,Other,Computational_Prediction,0.201125,258.0,other
FNDC3B,Other,0.5513978782992086,0.14119165969453876,-0.15999884787916518,4,0.1529613771456382,0.31588994167457884,0.37940734178738017,1.933661933557636,0.0002023284172996265,-0.3013003205281716,0.001643781682169398,-0.30340888444630437,Other,Computational_Prediction,0.2326,148.0,other
FNIP1,Other,0.8533121283819363,0.05677411946125956,-0.6295896084397379,3,0.18213276025176214,0.49381150223599324,0.007072745268522619,-0.35082679686614504,0.0,-0.3026875277812725,0.0014644202744010803,-0.30458777415173144,Other,Computational_Prediction,0.191309,314.0,other
FOS,Cascade_Core_Uniform,0.0004437724589407832,0.782232229276375,0.9648749504698892,4,0.8188012314691777,4.376968072055002,0.7836956105670116,4.414204978723817,0.7434705338736048,4.794706752375508,0.7678954016765916,4.732937327471622,UPR_Stress,Indirect_Support,0.941798,2.0,tf
FOSL1,Other,0.0013977435241485647,0.3416777400462621,0.937413883841308,4,0.34331960781097054,1.476919343073634,0.3344937141482247,1.6580907748648814,0.3772396935544728,2.283749147999048,0.31844196182008083,1.7788122461161044,Other,Computational_Prediction,0.225243,178.0,tf
FOSL2,Cascade_Core_Uniform,0.0012247903267235127,0.5418208463889846,0.9418838706566878,4,0.5441715744978701,2.701951945222016,0.5483756309092201,2.970380401051109,0.5860896478938705,3.7156694651553406,0.49703014693417763,2.9526197867764763,Other,Computational_Prediction,0.291306,73.0,tf
FOXA1,Cascade_Core_Uniform,0.0001536175737317791,0.8011404760732975,0.9794196299110474,4,0.8080570456770073,4.3114373326947755,0.816115185021135,4.613117873679117,0.7724516189007552,4.993407319942653,0.8008169693390422,4.949321095232386,Other,Computational_Prediction,0.412407,31.0,tf
FOXA2,Cascade_Core_Uniform,0.00199254917418068,0.7277454052310098,0.9259675482943931,4,0.776945497099048,4.12168235075459,0.7665840947990661,4.309215903580593,0.6468450437740265,4.1322215588000075,0.6945868945868945,4.251102102137622,Other,Computational_Prediction,0.378266,38.0,tf
FOXN3,Other,0.5004948830318438,0.1254703588868656,-0.01717162928511029,3,0.2568302245845432,0.9494048957929464,0.19307380612562955,0.79039760545288,0.0,-0.3026875277812725,0.0006113599203810337,-0.3101946886043723,Other,Computational_Prediction,0.21503,207.0,other
FOXO3,Other,0.9402915397684831,0.058965937737530824,-0.7004824595677124,4,0.19431402464032022,0.568107244804622,0.0014097369183741545,-0.38557263804546377,4.4840351942079386e-05,-0.302380092660315,0.001241312181811222,-0.3060541979316529,Other,Computational_Prediction,0.251997,121.0,tf
FOXP1,Other,0.4677011745330243,0.1301622455173319,-0.01454964913972101,3,0.18741079777548109,0.5260032111277336,0.28854985208152195,1.3761985303492383,0.0,-0.3026875277812725,0.00720617265722832,-0.26684892687434075,Other,Computational_Prediction,0.213882,210.0,other
FPR1,Other,1.0000000000007214,0.04095783366416764,-0.7320508075688772,1,0.0,-0.6170492620775301,0.0,-0.39422219178824897,0.20478916832083818,1.1013911648844055,0.0,-0.31421297729543163,Other,Computational_Prediction,0.140161,741.0,other
FREM1,Other,1.0000000000007214,0.044748265170530044,-0.732050807568877,1,0.14916088390176682,0.2927100435397265,0.0,-0.39422219178824897,0.0,-0.3026875277812725,0.0,-0.31421297729543163,Other,Computational_Prediction,0.168681,479.0,other
FRMD4B,Other,1.0000000000007214,0.039837918532736195,-0.7320508075688774,1,0.1327930617757873,0.19287972541420143,0.0,-0.39422219178824897,0.0,-0.3026875277812725,0.0,-0.31421297729543163,Other,Computational_Prediction,0.160743,539.0,other
FRY,Other,0.9191056908319719,0.05094837344357498,-0.6852073120232931,3,0.16694063028036157,0.4011519439651348,0.0023404476379524364,-0.37986218790185616,0.0,-0.3026875277812725,0.0011242897999136003,-0.30682335158092544,Other,Computational_Prediction,0.183699,364.0,other
FTH1,Other,0.9950293700773873,0.06208961508385693,-0.7300781229939488,2,0.0002121714213844732,-0.6157551900665483,0.24810385462976633,1.1280388744022387,0.0,-0.3026875277812725,0.0,-0.31421297729543163,Other,Computational_Prediction,0.302362,65.0,other
FTL,GMP_Propagator,0.4597238692872968,0.17822125979515613,0.014658942095726823,4,0.0006015169162961869,-0.6133805012216542,0.3876951512268211,1.984512451992722,0.008147820048011987,-0.24682431677801858,0.31794981161583846,1.7755774877780421,Other,Computational_Prediction,0.267426,99.0,other
FTX,Other,0.8797361700424116,0.06755335728464326,-0.6535900308328044,3,0.21872795577210163,0.7170122422331999,0.006082976524435258,-0.3568996022480075,0.0,-0.3026875277812725,0.0016569056876158605,-0.303322624223956,Other,Computational_Prediction,0.052023,1840.0,other
GAB2,Other,0.8484984773832636,0.059849730137638,-0.6287111789132851,4,0.19211137905955564,0.5546729095978329,0.007477402103121873,-0.3483439924558809,0.0010827304493331365,-0.29526409437278645,0.0005216792164968748,-0.3107841334570859,Other,Computational_Prediction,0.219618,196.0,other
GABPB1,Other,0.0008862106325335795,0.40212772938300767,0.9506405854249255,4,0.39551924580715364,1.7952944101465451,0.41521290964669083,2.153349862172876,0.37101563397148807,2.241075653526629,0.42186240573956507,2.458564363276465,Other,Computational_Prediction,0.175346,426.0,other
GAS5,Other,1.0000000000007214,0.055853470479190245,-0.7320508075688774,1,0.18617823493063415,0.5184855866103296,0.0,-0.39422219178824897,0.0,-0.3026875277812725,0.0,-0.31421297729543163,Other,Computational_Prediction,0.347779,50.0,other
GATA1,Cascade_Core_Uniform,0.0005974665113721578,0.6476054705229369,0.9595378481404291,4,0.6638942205161015,3.432162094552705,0.6451432977344685,3.564106169213743,0.6017454927243794,3.8230093128750156,0.6672091255584538,4.071156089967161,Erythroid_Defect,Computational_Prediction,0.725056,7.0,tf
GATA2,Cascade_Core_Uniform,4.912687885050282e-05,0.8002596365744159,0.9883255883927874,4,0.7890687971302175,4.195624558186198,0.8142493889134963,4.601670132263143,0.8043331091315736,5.211993690943439,0.7964401135226471,4.920553311079221,Other,Computational_Prediction,0.75566,6.0,tf
GATA3,Cascade_Core_Uniform,0.00024074673772478405,0.6505346938552312,0.974193301992595,4,0.6292687194798519,3.2209748787399213,0.669872204996965,3.715832359809643,0.6670461691574936,4.270724830000155,0.6435071717221429,3.915370128406092,Other,Computational_Prediction,0.417774,26.0,tf
GCNT2,Other,1.0000000000007214,0.037680660137473954,-0.7320508075688774,1,0.12560220045824652,0.14902135700077584,0.0,-0.39422219178824897,0.0,-0.3026875277812725,0.0,-0.31421297729543163,Other,Computational_Prediction,0.160104,546.0,other
GLUL,Other,0.9550923879514193,0.034172558798278574,-0.7058687642000958,2,0.0,-0.6170492620775301,0.001939071804714799,-0.38232486146555067,0.16843895423549934,0.8521662596340496,0.0,-0.31421297729543163,Other,Computational_Prediction,0.162081,527.0,other
GMDS,Other,0.927918505827072,0.0539794718681475,-0.6850715762969286,2,0.1768492543924406,0.46158644097283613,0.0036987822016612804,-0.37152801742199637,0.0,-0.3026875277812725,0.0,-0.31421297729543163,Other,Computational_Prediction,0.187654,338.0,other
GMDS-DT,Other,0.9757355879462607,0.06694320039809482,-0.719577545827949,2,0.2221369161868202,0.737804110574591,0.0012085021681950666,-0.38680732996840594,0.0,-0.3026875277812725,0.0,-0.31421297729543163,Other,Computational_Prediction,0.039674,1874.0,other
GNAQ,Other,0.4518331493705877,0.14970695189505168,0.0292645000370807,3,0.2656036222255032,1.0029154404944673,0.2720179798874616,1.2747659047666617,0.0,-0.3026875277812725,0.00808548102214129,-0.2610694919770032,Other,Computational_Prediction,0.244024,134.0,other
GPC5,Other,1.0000000000007214,0.07745459914365864,-0.7320508075688772,1,0.2581819971455288,0.9576496020072423,0.0,-0.39422219178824897,0.0,-0.3026875277812725,0.0,-0.31421297729543163,Other,Computational_Prediction,0.213341,214.0,other
GPHN,Other,0.961647595162427,0.05974200392626496,-0.7104399817896845,2,0.19757971466224825,0.5880252810148866,0.0018723581103619491,-0.3827341886791347,0.0,-0.3026875277812725,0.0,-0.31421297729543163,Other,Computational_Prediction,0.196141,274.0,other
GPX1,Mono_Amplifier,0.9618537983059764,0.058441743086656714,-0.7105806789920857,2,0.0,-0.6170492620775301,0.0027188564616587646,-0.37754043026414963,0.2888101448562101,1.6774570958005106,0.0,-0.31421297729543163,Other,Computational_Prediction,0.216011,206.0,other
GRB10,Other,0.9668083554902988,0.04303968371146873,-0.7139018366018002,2,0.14252232448009797,0.2522202646394232,0.0011319454697573698,-0.3872770497216992,0.0,-0.3026875277812725,0.0,-0.31421297729543163,Other,Computational_Prediction,0.173244,441.0,other
GTDC1,Other,0.9625777173981078,0.04092289099966643,-0.7136291813332871,3,0.13550098156624069,0.20939581973992644,0.0004341858468537931,-0.3915582097588574,0.0,-0.3026875277812725,0.000656200272323113,-0.3098999661780155,Other,Computational_Prediction,0.175857,422.0,other
GTF2B,Other,0.002505351916502363,0.18849626239261558,0.9176945166206358,4,0.16415834112571157,0.38418225738813794,0.195599083506953,0.8058916470293664,0.19396623849598899,1.0271868244698819,0.2062229659158642,1.0412298382230565,Other,Computational_Prediction,0.130653,914.0,other
GTF2F1,Other,0.007991767899838464,0.23812343127122393,0.8518548461058573,4,0.19575985257367212,0.576925611807291,0.22087482432971875,0.9609729787202189,0.2854985208152194,1.654751887355161,0.268308261014595,1.449298196745516,Other,Computational_Prediction,0.167292,494.0,other
GUCY1A1,Other,1.0000000000007214,0.06974129304263661,-0.7320508075688774,1,0.2324709768087887,0.8008334220785392,0.0,-0.39422219178824897,0.0,-0.3026875277812725,0.0,-0.31421297729543163,Other,Computational_Prediction,0.040051,1873.0,other
HDAC2,Other,0.0019741528257228858,0.47196920233388556,0.9269270805610316,4,0.4995335509730903,2.4296965373446064,0.4761290745935659,2.5271058698682936,0.410150324545718,2.509391529946688,0.48418721393769376,2.8682069708567814,Other,Computational_Prediction,0.28026,84.0,other
HDAC8,Other,0.408740492075098,0.06884399385359077,-0.16539032955299282,4,0.18209010723406116,0.4935513537389403,0.018713738099534645,-0.2794025532368155,0.013630373323271595,-0.20923474942777534,0.027249809975337807,-0.1351080022928667,Other,Computational_Prediction,0.217231,202.0,other
HERC1,Other,0.9155900880365764,0.0518878881834736,-0.6747452026308722,2,0.16933685494146147,0.4157669531200877,0.004347326804140624,-0.3675488200833838,0.0,-0.3026875277812725,0.0,-0.31421297729543163,Other,Computational_Prediction,0.185354,353.0,other
HEY1,Cascade_Core_Uniform,0.001668543344226947,0.6844581699668072,0.9316406418732531,4,0.6359597749233066,3.2617848404058285,0.7563976792383702,4.246716335263835,0.6514296963433239,4.163654925313516,0.6971395136462315,4.267879715384371,Other,Computational_Prediction,0.317464,59.0,tf
HIF1A,Other,0.917192906632482,0.05468701981177988,-0.6839361409195666,3,0.17910658332923207,0.4753542998937958,0.001285058866632763,-0.3863376102151127,0.0,-0.3026875277812725,0.0025351203854082935,-0.29755037767848086,Other,Computational_Prediction,0.249628,123.0,tf
HLA-DQA1,Other,1.0000000000007214,0.06544154075823941,-0.7320508075688774,1,0.21813846919413138,0.7134168565944415,0.0,-0.39422219178824897,0.0,-0.3026875277812725,0.0,-0.31421297729543163,Other,Computational_Prediction,0.209537,225.0,other
HLA-DRB5,Other,0.9463363648722256,0.05533988439938536,-0.699479794048369,2,0.18228259264727595,0.4947253572128207,0.002620426420810298,-0.37814435566124094,0.0,-0.3026875277812725,0.0,-0.31421297729543163,Other,Computational_Prediction,0.099066,1717.0,other
HMGA2,Other,1.0000000000007214,0.059799858916941444,-0.7320508075688774,1,0.1993328630564715,0.598718051291194,0.0,-0.39422219178824897,0.0,-0.3026875277812725,0.0,-0.31421297729543163,Other,Computational_Prediction,0.22616,174.0,tf
HMGN3,Other,0.007737307684090089,0.3112656462752432,0.8558198205658734,4,0.3007387721399238,1.2172110973233208,0.3347638499269977,1.6597482145657874,0.23970011647554834,1.3407481525937839,0.3576521154256279,2.0365290370854394,Other,Computational_Prediction,0.174232,433.0,other
HNF4A,Cascade_Core_Uniform,0.0009913587252091682,0.5002849002849004,0.9478598722814929,4,0.5165313253605001,2.5333690486573768,0.5265372858463069,2.836389486283121,0.4951720064963827,3.0923185129524544,0.458627119663588,2.700207999481563,Other,Computational_Prediction,0.414699,27.0,tf
HNF4G,Other,0.002141522941757623,0.36729158805934237,0.9230405015368783,4,0.3909050642256017,1.7671516791448354,0.39318864117328606,2.0182181994326056,0.3310125717035506,1.9668060335446134,0.34208157663052097,1.9341884716210185,Other,Computational_Prediction,0.193197,298.0,other
IFITM3,Other,0.9411566666807701,0.045113331255365804,-0.6955564851119396,2,0.0,-0.6170492620775301,0.0035697294814377345,-0.372319830720405,0.22110449442503183,1.2132525584074312,0.0,-0.31421297729543163,Interferon,Computational_Prediction,0.202178,252.0,other
IGF2BP2,Other,0.989014822838322,0.04127379409529121,-0.7271360431218277,2,0.13733506132738377,0.22058220511320614,0.00029310278830432384,-0.39242383616135496,0.0,-0.3026875277812725,0.0,-0.31421297729543163,Other,Computational_Prediction,0.168815,476.0,other
IL12A-AS1,Other,1.0000000000007214,0.07012221730072017,-0.7320508075688774,1,0.23374072433573392,0.8085778427215791,0.0,-0.39422219178824897,0.0,-0.3026875277812725,0.0,-0.31421297729543163,Other,Computational_Prediction,0.040254,1871.0,other
IL1R2,Other,0.503233303811661,0.09667087728508074,-0.011516497553367477,3,0.0,-0.6170492620775301,6.999469571446539e-05,-0.39379273372809515,0.18904583012068618,0.9934514437579839,0.23537685034805955,1.2328497338179902,Other,Computational_Prediction,0.169062,473.0,other
IMMP2L,Other,0.9156725489502735,0.10024629383554527,-0.6748160107182537,2,0.3271639571063755,1.3783830969590911,0.008388426814530461,-0.34275432739169154,0.0,-0.3026875277812725,0.0,-0.31421297729543163,Other,Computational_Prediction,0.241772,137.0,other
INPP4B,HSC_Initiator,0.9976930030936199,0.1191555796162322,-0.7312242806754201,2,0.3970667847827157,1.8047331312575716,0.0001421767256700078,-0.3933498551035616,0.0,-0.3026875277812725,0.0,-0.31421297729543163,Other,Computational_Prediction,0.27344,90.0,other
INPP5D,Other,0.4942522518308924,0.1202841347179159,-0.006106850013599008,3,0.23812195482061124,0.8352997627009225,0.19452291506034308,0.7992887293545016,0.0,-0.3026875277812725,0.0008672780265870476,-0.30851261426858,Other,Computational_Prediction,0.213643,212.0,other
INVS,Other,0.9658966933369934,0.05223540091102471,-0.713299455628869,2,0.1729350197680332,0.43771281351250896,0.001419579922459001,-0.38551224550575464,0.0,-0.3026875277812725,0.0,-0.31421297729543163,Other,Computational_Prediction,0.187044,339.0,other
IQGAP2,Other,0.9461081174765669,0.06987236904703316,-0.7007230926676182,3,0.23025848822393927,0.7873390526031994,0.003022895921168474,-0.37567497181535653,0.0,-0.3026875277812725,0.0001563943982370086,-0.31318504297911415,Other,Computational_Prediction,0.220377,190.0,other
IRAK3,Other,0.826651169459411,0.07897501517463129,-0.6137440481404188,4,0.2518813808641064,0.9192209996605131,0.005876273438653477,-0.3581678455818991,0.00012030338325923739,-0.30186270184699626,0.0076698875163366525,-0.2638010656847001,Other,Computational_Prediction,0.2278,167.0,other
IRF1,Other,0.007898646446785618,0.38462785242055875,0.8519586027740206,4,0.3404148279388202,1.4592025633768952,0.4573715898092098,2.412017820029264,0.3175648407894089,1.8746054909276986,0.4185901537149138,2.4370568145042837,Interferon,Computational_Prediction,0.227579,168.0,tf
IRF4,Cascade_Core_Uniform,0.0026199981453632892,0.6196626036933138,0.9143007395044995,4,0.6053305335455047,3.074971537624627,0.6991988888342056,3.8957685767318972,0.5517167839624654,3.480001698897453,0.6116814585144719,3.7061890892114127,Other,Computational_Prediction,0.56723,13.0,tf
ITFG1,Other,0.9264602783244499,0.04733664714470857,-0.6838778072959013,2,0.15501637766513007,0.3284237628531076,0.003326935380678183,-0.3738095133665635,0.0,-0.3026875277812725,0.0,-0.31421297729543163,Other,Computational_Prediction,0.186555,341.0,other
ITGA9,Other,1.0000000000007214,0.067833062650721,-0.7320508075688772,1,0.22611020883573668,0.7620379436462225,0.0,-0.39422219178824897,0.0,-0.3026875277812725,0.0,-0.31421297729543163,Other,Computational_Prediction,0.185422,350.0,other
ITPR1,Other,0.9861456052701517,0.044521493293086384,-0.7256095999321137,2,0.14805956111138452,0.2859928759363319,0.0004144998386840997,-0.3916789948382757,0.0,-0.3026875277812725,0.0,-0.31421297729543163,Other,Computational_Prediction,0.178327,400.0,other
ITPR2,Other,0.8944882329170001,0.06033581048936135,-0.6558815268354368,2,0.19549518513050182,0.5753113570307057,0.0067490198008432175,-0.3528130403943564,0.0,-0.3026875277812725,0.0,-0.31421297729543163,Other,Computational_Prediction,0.193173,299.0,other
JARID2,Other,0.5112746392244268,0.1455932870712141,-0.030627702911161236,2,0.22158680162518934,0.7344488620100357,0.3164689863346293,1.5474986140930869,0.0,-0.3026875277812725,0.0,-0.31421297729543163,Other,Computational_Prediction,0.252178,120.0,tf
JMJD1C,Other,0.5119230550560856,0.11721000049215019,-0.044685212998060164,3,0.16967807908306948,0.4178481410965119,0.26476477954405014,1.2302633132832237,0.0,-0.3026875277812725,0.00046152752486725614,-0.3111794928095157,Other,Computational_Prediction,0.201173,257.0,other
JUN,Cascade_Core_Uniform,0.001002805861214151,0.7713142050953952,0.9477890193288813,4,0.7942877766294273,4.227456061466634,0.7939695194973506,4.4772413696157685,0.6979247666387781,4.482435152076111,0.7798021556178946,4.8111969141971365,UPR_Stress,Indirect_Support,1.008796,1.0,tf
JUNB,Other,0.0017601896118346616,0.4300166237402322,0.9301621668712847,4,0.44211602714481796,2.0794966374655433,0.4670866348409534,2.471625256722174,0.3883218224868896,2.359730613381057,0.41178316955668204,2.392316512512954,Other,Computational_Prediction,0.234864,146.0,tf
JUND,Cascade_Core_Uniform,0.00013012820112745516,0.8264949609287421,0.9809926785945947,4,0.8194147787237999,4.380710208127995,0.8294940149066828,4.695204755708204,0.8056225426666885,5.220834325275363,0.8486900602063749,5.263976821303476,UPR_Stress,Indirect_Support,0.844552,4.0,tf
KANSL1,Other,0.8704519993586531,0.04014518431025149,-0.6330284304814007,3,0.12892585483756308,0.1692929283480611,0.005859868431845399,-0.3582684998147477,0.0,-0.3026875277812725,9.843004084846695e-06,-0.31414828212867035,Other,Computational_Prediction,0.040065,1872.0,other
KANSL1L,Other,1.0000000000007214,0.03882474531226931,-0.732050807568877,1,0.12941581770756436,0.1722813008270291,0.0,-0.39422219178824897,0.0,-0.3026875277812725,0.0,-0.31421297729543163,Other,Computational_Prediction,0.031931,1914.0,other
KCNQ5,Other,0.5225711293096833,0.13445275631456052,-0.06011788445918387,2,0.18787669996883047,0.5288448331724664,0.31235898529564554,1.5222813736234306,0.0,-0.3026875277812725,0.0,-0.31421297729543163,Other,Computational_Prediction,0.198332,267.0,other
KDM6A,Other,0.8082588487883899,0.05149050423522592,-0.5915191116545904,3,0.16275625987718118,0.37563070935680537,0.007935648626627514,-0.34553238421831145,0.0,-0.3026875277812725,0.0027188564616587646,-0.29634273456560434,Other,Computational_Prediction,0.194773,282.0,other
KHDRBS2,Other,1.0000000000007214,0.08273602703545122,-0.7320508075688774,1,0.2757867567848374,1.0650242265473047,0.0,-0.39422219178824897,0.0,-0.3026875277812725,0.0,-0.31421297729543163,Other,Computational_Prediction,0.19067,318.0,other
KIAA1211,Other,0.9927949339376816,0.049170836272563724,-0.7290324552131884,2,0.16372415527885778,0.3815340790976238,0.00021435875562555025,-0.39290697647902795,0.0,-0.3026875277812725,0.0,-0.31421297729543163,Other,Computational_Prediction,0.171576,460.0,other
KIF13A,Other,0.9361149073591866,0.06202973680900744,-0.6960589328193658,3,0.20406625435416223,0.6275878639897956,0.00255261905933691,-0.3785603931570149,0.0,-0.3026875277812725,0.0006868229516981916,-0.3096986923258695,Other,Computational_Prediction,0.204834,243.0,other
KMT2C,Other,0.4779192468846636,0.11165630417069955,0.0003543411246645922,3,0.17971138124688987,0.4790430721725219,0.2280252199637996,1.004844803677806,0.0,-0.3026875277812725,0.0029463392227307775,-0.2948475573782334,Other,Computational_Prediction,0.078597,1798.0,other
L3MBTL4,Other,0.9972570833215059,0.06107895729776728,-0.7310461809977971,2,0.20352270179525458,0.6242726382709405,8.858703676362026e-05,-0.39367865893086684,0.0,-0.3026875277812725,0.0,-0.31421297729543163,Other,Computational_Prediction,0.182123,377.0,other
LIMCH1,Other,1.0000000000007214,0.04846334301228735,-0.7320508075688774,1,0.1615444767076245,0.3682398238507863,0.0,-0.39422219178824897,0.0,-0.3026875277812725,0.0,-0.31421297729543163,Other,Computational_Prediction,0.16728,495.0,other
LINC01122,Other,1.0000000000007214,0.06102268812441557,-0.7320508075688772,1,0.20340896041471856,0.6235789089454656,0.0,-0.39422219178824897,0.0,-0.3026875277812725,0.0,-0.31421297729543163,Other,Computational_Prediction,0.030738,1923.0,other
LINC01473,Other,0.9789054762954449,0.06219143549277905,-0.7214876076857921,2,0.20651278770280687,0.6425097149617854,0.0009503967277479753,-0.3883909565652231,0.0,-0.3026875277812725,0.0,-0.31421297729543163,Other,Computational_Prediction,0.036884,1892.0,other
LINC01515,Other,1.0000000000007214,0.03588463999212559,-0.7320508075688774,1,0.11961546664041865,0.11250718077338545,0.0,-0.39422219178824897,0.0,-0.3026875277812725,0.0,-0.31421297729543163,Other,Computational_Prediction,0.018077,1987.0,other
LNCAROD,Other,1.0000000000007214,0.050559246682087375,-0.7320508075688776,1,0.1685308222736246,0.41085081357321407,0.0,-0.39422219178824897,0.0,-0.3026875277812725,0.0,-0.31421297729543163,Other,Computational_Prediction,0.025468,1950.0,other
LPP,Other,0.934186637830535,0.05497563856489,-0.6923755250720325,3,0.18060818828573147,0.4845128610849188,0.0029736809007442403,-0.37597693451390224,0.0,-0.3026875277812725,0.00019904741593801094,-0.31290469725648207,Other,Computational_Prediction,0.19256,303.0,other
LRBA,HSC_Initiator,0.5300031317558669,0.1537727687823657,-0.07891283901846169,2,0.3505345298051632,1.520924461921295,0.194449639363267,0.7988391404477783,0.0,-0.3026875277812725,0.0,-0.31421297729543163,Other,Computational_Prediction,0.305045,64.0,other
LRMDA,Other,0.5012343468441969,0.20980822547041358,-0.015825950672229583,4,0.3343023224021305,1.421921282606913,0.4374668482154087,2.2898906841730264,0.0006255775929480344,-0.2983984329230361,0.00010280470933062103,-0.3135372722203698,Other,Computational_Prediction,0.08983,1769.0,other
LYN,Other,0.4567869641659309,0.11211826916241503,0.021773668494254883,3,0.21449327668137647,0.6911841658078335,0.18557015601161472,0.7443583593479541,0.0,-0.3026875277812725,0.005510988620393611,-0.27799087226099894,Other,Computational_Prediction,0.221759,186.0,other
MACC1,Other,1.0000000000007214,0.045564906409436154,-0.7320508075688772,1,0.15188302136478718,0.3093128540311358,0.0,-0.39422219178824897,0.0,-0.3026875277812725,0.0,-0.31421297729543163,Other,Computational_Prediction,0.171651,458.0,other
MAFF,Cascade_Core_Uniform,0.0011376382063554846,0.7609188444313204,0.9433891747257789,4,0.8265717363606039,4.424361791838635,0.7522690858583373,4.22138501999695,0.7213948630455348,4.643351193435819,0.7224043177977918,4.433937831756752,Other,Computational_Prediction,0.375687,40.0,tf
MAFK,Cascade_Core_Uniform,0.0003447933904359157,0.8147649435941182,0.9689764605718777,4,0.8530603540200469,4.585920678982843,0.7970405367718227,4.496083842005016,0.814335788616019,5.280574218169716,0.7868781818877787,4.857705550746606,Other,Computational_Prediction,0.351204,46.0,tf
MAGI2,Other,1.0000000000007214,0.038460882261266136,-0.7320508075688774,1,0.12820294087088713,0.16488374484672652,0.0,-0.39422219178824897,0.0,-0.3026875277812725,0.0,-0.31421297729543163,Other,Computational_Prediction,0.159296,552.0,other
MALRD1,Other,1.0000000000007214,0.06265957970372557,-0.7320508075688774,1,0.20886526567908525,0.656857905145402,0.0,-0.39422219178824897,0.0,-0.3026875277812725,0.0,-0.31421297729543163,Other,Computational_Prediction,0.031562,1916.0,other
MAML2,Other,0.9699353419836719,0.041067145692865466,-0.7176771330399883,3,0.13627748522182304,0.214131856481148,0.0002613864418087067,-0.3926184343448621,0.0005927675793318787,-0.298623385450566,0.0,-0.31421297729543163,Other,Computational_Prediction,0.19915,262.0,other
MAML3,HSC_Initiator,0.5305910829428471,0.15345265241618405,-0.08579625573124372,4,0.3531013665370671,1.5365800650644597,0.18990326514318834,0.7709444973843506,0.0001323337215851611,-0.3017802192535686,7.983769979931207e-05,-0.31368822760947934,Other,Computational_Prediction,0.278433,85.0,other
MAN1A1,Other,0.5000485063966307,0.10571725423932718,-0.00013447622778328672,2,0.19423746794188254,0.5676403116047835,0.18978405542704965,0.7702130766256511,0.0,-0.3026875277812725,0.0,-0.31421297729543163,Other,Computational_Prediction,0.196384,273.0,other
MAP3K5,Other,0.5022687451876973,0.11939192108098057,-0.012614864232185719,3,0.23977229850550386,0.8453655083945892,0.1896429723685002,0.7693474502231537,0.0,-0.3026875277812725,0.00019795374881747242,-0.31291188560834443,Other,Computational_Prediction,0.224144,180.0,other
MAP4K3,Other,0.9714806032755438,0.043386376188679444,-0.7169243573341169,2,0.1438292566891415,0.26019148140809906,0.0009503967277479753,-0.3883909565652231,0.0,-0.3026875277812725,0.0,-0.31421297729543163,Other,Computational_Prediction,0.176169,418.0,other
MAPK14,Neut_Amplifier,0.5036278293851583,0.10473426623138715,-0.09476532202482435,3,0.1250564605650978,0.1456927903333539,0.005002433409343198,-0.3635293610516318,0.0,-0.3026875277812725,0.26386687883808807,1.4201062998324716,Other,Computational_Prediction,0.193806,293.0,other
MAPK8,Other,0.9715525803686571,0.04972800498712207,-0.7169700481980086,2,0.16485500708149461,0.3884313495066706,0.001086011450694752,-0.38755888157367513,0.0,-0.3026875277812725,0.0,-0.31421297729543163,Other,Computational_Prediction,0.17927,393.0,other
MAX,Cascade_Core_Uniform,0.00023938911016285758,0.7167355676952606,0.9742437727207376,4,0.6960250668504028,3.6281339585250296,0.7332174046185562,4.104491904248836,0.7407013687244013,4.775720759051986,0.7059336909624817,4.325681252709608,Other,Computational_Prediction,0.394429,33.0,tf
MBD5,Other,0.935011442450153,0.06730471206478884,-0.6939854791937194,3,0.22124667115070187,0.7323743445078948,0.0033050620382674123,-0.37394371901036155,0.0,-0.3026875277812725,0.0004177808400457153,-0.31146702688401007,Other,Computational_Prediction,0.205917,239.0,other
MBNL1,Other,0.4608483678614722,0.16856029660252309,0.0149852642415782,4,0.277664583230802,1.076477430891921,0.3338604808854329,1.6542055214769273,0.00044293518381810124,-0.2996506686596191,0.00682885750064253,-0.269328908266855,Other,Computational_Prediction,0.337583,53.0,other
MCTP1,Other,0.9034508756930882,0.04947963318404777,-0.66873250497545,3,0.005024306751753968,-0.5864051032195411,0.19147377112828168,0.7805804626090517,0.0,-0.3026875277812725,0.00041559350580463826,-0.3114814035877348,Other,Computational_Prediction,0.169316,470.0,other
MCTP2,Other,0.8712969097549762,0.06004883223693204,-0.6389164309361466,3,0.19330456988806316,0.5619503970410339,0.007837218585779045,-0.34613630961540276,0.0,-0.3026875277812725,0.00039262649627332927,-0.3116323589768444,Other,Computational_Prediction,0.185214,355.0,other
MCU,Other,0.8690231155213684,0.056760229888828735,-0.6437988600938112,3,0.0016131590027943193,-0.6072103125094992,0.21798973046573814,0.9432712543032543,0.0,-0.3026875277812725,0.007115398286223621,-0.2674455600789167,Other,Computational_Prediction,0.059265,1821.0,other
MECOM,Other,1.0000000000007214,0.06740686057384714,-0.7320508075688774,1,0.22468953524615712,0.7533729975520718,0.0,-0.39422219178824897,0.0,-0.3026875277812725,0.0,-0.31421297729543163,Other,Computational_Prediction,0.193515,296.0,other
MED12L,Other,0.9887518741684712,0.08719851698738454,-0.7269990414606833,2,0.2901312947378206,1.15251416724852,0.0006365142641534196,-0.39031680755372533,0.0,-0.3026875277812725,0.0,-0.31421297729543163,Other,Computational_Prediction,0.219305,197.0,other
MED13L,Other,0.21427234848190413,0.19167008437641833,0.40207308019035626,3,0.19696944840898775,0.5843031563647434,0.2721612502802522,1.2756449517335389,0.0,-0.3026875277812725,0.2581557491346359,1.382568726407227,Other,Computational_Prediction,0.218912,198.0,other
MEF2A,Cascade_Core_Uniform,0.0014953228620191439,0.6664521438609731,0.9364081271249447,4,0.6923317529843441,3.605607766869951,0.679153064181855,3.7727758144731616,0.5888959977251724,3.7349104046767305,0.6847406095006863,4.186385370320794,Other,Computational_Prediction,0.332553,56.0,tf
MEF2C,Other,0.00032801509744762036,0.4624764451443914,0.9699186498182227,4,0.46992032635026876,2.249080105172694,0.47780019795374884,2.537359181054466,0.45935768930010773,2.8467678323184193,0.4407150395634081,2.5824771726798286,Other,Computational_Prediction,0.462159,19.0,tf
MEF2C-AS1,Other,1.0000000000007214,0.04849090342372492,-0.7320508075688776,1,0.16163634474574973,0.3688001436905928,0.0,-0.39422219178824897,0.0,-0.3026875277812725,0.0,-0.31421297729543163,Other,Computational_Prediction,0.024426,1956.0,other
MEGF9,Other,0.9811536069497763,0.06161917417195729,-0.723721534774362,3,0.00027451044725516893,-0.615374973032394,0.0006146409217426492,-0.3904510131975234,0.0,-0.3026875277812725,0.2455326432293803,1.2996007692118665,Other,Computational_Prediction,0.186619,340.0,other
MEIS1,HSC_Initiator,0.9983971344847558,0.12554746241886355,-0.7315016618828034,2,0.4184086049729044,1.934900766424049,9.952370796900547e-05,-0.3936115561089678,0.0,-0.3026875277812725,0.0,-0.31421297729543163,Other,Computational_Prediction,0.367582,41.0,tf
MIR924HG,Other,0.9364525707159043,0.05296635333103663,-0.6919046899261418,2,0.003692220198938049,-0.5945297408967354,0.20743474908542087,0.8785103208884987,0.0,-0.3026875277812725,0.0,-0.31421297729543163,Other,Computational_Prediction,0.032827,1910.0,other
MIR99AHG,Other,1.0000000000007214,0.06881178535689092,-0.7320508075688774,1,0.22937261785630306,0.7819359684336366,0.0,-0.39422219178824897,0.0,-0.3026875277812725,0.0,-0.31421297729543163,Other,Computational_Prediction,0.043322,1864.0,other
MLLT3,Other,0.9987737083303894,0.07072187498291145,-0.7316437111166962,2,0.2357049504842211,0.8205580145345847,4.155935058046382e-05,-0.39396720106503264,0.0,-0.3026875277812725,0.0,-0.31421297729543163,Other,Computational_Prediction,0.270853,95.0,other
MSRB3,Other,0.5025410364247308,0.09421461029906328,-0.00701238567119522,2,0.15813551629290593,0.34744795550939495,0.18709582164476599,0.7537192030028691,0.0,-0.3026875277812725,0.0,-0.31421297729543163,Other,Computational_Prediction,0.167774,487.0,other
MTRNR2L8,Other,0.9195166193648214,0.03231873834560975,-0.6780911403903445,2,0.0037622148946525142,-0.5941028305425972,0.0,-0.39422219178824897,0.15595036938606996,0.7665418292385923,0.0,-0.31421297729543163,Other,Computational_Prediction,0.193034,300.0,mitochondrial
MXI1,Other,0.0018459254701288508,0.4126755472436854,0.929155559973292,4,0.4100442388350258,1.883884979104523,0.4294447998862586,2.240670764310086,0.36325825308550835,2.187889377600981,0.4385977000180455,2.5685605234742996,Other,Computational_Prediction,0.248486,125.0,tf
MYC,Cascade_Core_Uniform,0.0018702992421613107,0.6873954864357935,0.9280435874109242,4,0.6315282357508845,3.234756078609448,0.7411016508905184,4.152866328555848,0.6464294502682219,4.129372160117962,0.7335028517370168,4.506885226455982,Other,Computational_Prediction,0.503938,15.0,tf
NAALADL2,Other,0.9719336504519469,0.08082298450820524,-0.7172114970052126,2,0.2679626622045048,1.0173036535237845,0.0017367433874151724,-0.38356626367068275,0.0,-0.3026875277812725,0.0,-0.31421297729543163,Other,Computational_Prediction,0.207877,233.0,other
NANOG,Other,0.002629336434164964,0.3455334634797207,0.9148097516091003,4,0.37674973068447154,1.6808157304946498,0.3249547495228877,1.5995636936045456,0.3712376483969574,2.242597832296248,0.30808930885706315,1.7107673073870031,Other,Computational_Prediction,0.181792,378.0,other
NCOA1,Other,0.8579158468148729,0.06381711698410354,-0.628211562788624,3,0.20458683990353857,0.6307630097486991,0.009063219427902728,-0.3386140832805212,0.0,-0.3026875277812725,0.0007010406242651924,-0.30960524375165877,Other,Computational_Prediction,0.208873,230.0,other
NCOA2,Other,0.7685757719848756,0.06703993525490647,-0.5561031772303615,3,0.2089626020528132,0.6574515773566255,0.006070946186109334,-0.35697341535209637,0.0,-0.3026875277812725,0.0113336723701407,-0.2397200869457936,Other,Computational_Prediction,0.220287,191.0,other
NDUFAF6,Other,0.9816213555990174,0.04238042117120812,-0.7230752787586703,2,0.14080964176933466,0.24177430191160212,0.0005501145616308763,-0.39084691984672765,0.0,-0.3026875277812725,0.0,-0.31421297729543163,Other,Computational_Prediction,0.039429,1876.0,other
NEGR1,Other,0.9897280705852742,0.039627715712168686,-0.727504539201129,2,0.13187547506165548,0.18728319749041977,0.0002602927746881682,-0.392625144627052,0.0,-0.3026875277812725,0.0,-0.31421297729543163,Other,Computational_Prediction,0.163313,514.0,other
NEK7,Other,0.977257799826475,0.06714733336614334,-0.720502163160567,2,0.22288935916575073,0.7423933968815778,0.0011221024656725232,-0.3873374422614083,0.0,-0.3026875277812725,0.0,-0.31421297729543163,Other,Computational_Prediction,0.202018,253.0,other
NF1,Other,0.9231378733915446,0.04203219756002865,-0.6811299596152915,2,0.13750348606394672,0.2216094581528515,0.0031246069633785564,-0.37505091557169556,0.0,-0.3026875277812725,0.0,-0.31421297729543163,Other,Computational_Prediction,0.180945,382.0,other
NFE2,Other,0.011839850180615397,0.15646493976628334,0.8157630160702399,4,0.1364207556146136,0.21500568861227484,0.16346604983841068,0.6087368460078207,0.20680917149247283,1.1152407421626618,0.13324146529520808,0.5615439300959026,Other,Computational_Prediction,0.145922,655.0,tf
NFKB1,Cascade_Core_Uniform,0.0004105267976871607,0.7047590924750233,0.966410656735584,4,0.7198987264246381,3.7737437416576025,0.7232453478134859,4.043307551241298,0.6639139065242712,4.249249362038635,0.7007814251576248,4.29181692708603,NFkB_Signaling,Direct_Validation,0.3871,34.0,tf
NFYA,Other,0.004953544641735919,0.1736330528077169,0.8842684248531373,4,0.14342897452302444,0.2577500878203709,0.19968064920080272,0.8309344201620851,0.17708111182199474,0.9114187553854204,0.18107190314483979,0.8759193104443604,Other,Computational_Prediction,0.125518,1020.0,other
NFYB,Other,0.004308278226900386,0.20926686024574698,0.8912321454197334,4,0.17954186284320642,0.47800914865859334,0.2339047744038147,1.0409192807307255,0.19671353030278174,1.0460228494417172,0.2303416069251002,1.1997545618436842,Other,Computational_Prediction,0.138565,763.0,other
NKAIN2,HSC_Initiator,0.9913431233960347,0.11915979023464628,-0.7283212038682358,2,0.3966643152823575,1.802278396721276,0.0006419825997561122,-0.3902832561427758,0.0,-0.3026875277812725,0.0,-0.31421297729543163,Other,Computational_Prediction,0.249118,124.0,other
NLGN1,Other,1.0000000000007214,0.03918368686123004,-0.7320508075688774,1,0.13061228953743348,0.17957879969308044,0.0,-0.39422219178824897,0.0,-0.3026875277812725,0.0,-0.31421297729543163,Other,Computational_Prediction,0.158581,558.0,other
NLK,Other,0.9846722684350252,0.05344040334443405,-0.7253651286652238,3,0.17770450208070168,0.46680275186246317,0.00041559350580463826,-0.39167228455608577,0.0,-0.3026875277812725,0.000100617375089544,-0.3135516489240945,Other,Computational_Prediction,0.191389,313.0,other
NR2C2,Other,0.005580217135231713,0.09719846230402851,0.874552441561008,4,0.09925357219023245,-0.011683709435155593,0.11486567033591985,0.31054532605290297,0.08354523133793768,0.2701165914856494,0.08798770718156514,0.2641043067351653,Other,Computational_Prediction,0.079678,1795.0,other
NR3C2,Cascade_Core_Uniform,0.003564215601221443,0.5638777061425814,0.8996010261556591,4,0.5430691580403673,2.695228107144338,0.5071706284758107,2.7175638092643157,0.6617123546106272,4.234155047441381,0.5672873227575722,3.414399510414491,Other,Computational_Prediction,0.487086,17.0,tf
NR6A1,Other,0.9488171876669117,0.03864926642277889,-0.7039689841005343,3,0.12751939892055053,0.16071469841959482,0.0013408358897802277,-0.3859953858234277,0.0,-0.3026875277812725,0.00023295109667470512,-0.31268185834874895,Other,Computational_Prediction,0.17309,445.0,other
NRF1,Other,0.008760807184572617,0.19984808963695722,0.8458452965312736,4,0.15920840373815423,0.35399169078142095,0.23249394381832,1.0322630167057505,0.23383806070946186,1.3005566343417783,0.18877788167615422,0.9265684376665501,Other,Computational_Prediction,0.150298,610.0,other
NRIP1,Other,0.9812252104061548,0.057675082435159196,-0.7228466406635272,2,0.19161047951834898,0.5516178323760307,0.0007677543186180423,-0.3895115736909369,0.0,-0.3026875277812725,0.0,-0.31421297729543163,Other,Computational_Prediction,0.190536,320.0,other
NSMCE2,Other,0.47894654294009176,0.10238698317393136,0.007896887850535439,3,0.1754471731439102,0.45303489294150356,0.19690601571599653,0.8139104342463007,0.0,-0.3026875277812725,0.0021053092070366544,-0.30037539996038837,Other,Computational_Prediction,0.195242,279.0,other
NT5C2,Other,0.4533621404804683,0.12285747876918701,0.019155645789555753,3,0.19738176091343076,0.5868179251695892,0.24734922431659476,1.1234087796912056,0.0,-0.3026875277812725,0.007222577664036397,-0.26674110159640535,Other,Computational_Prediction,0.209004,227.0,other
P2RY14,Other,1.0000000000007214,0.05738930721656249,-0.7320508075688774,1,0.19129769072187497,0.5497100767309752,0.0,-0.39422219178824897,0.0,-0.3026875277812725,0.0,-0.31421297729543163,Other,Computational_Prediction,0.179126,395.0,other
P2RY8,Other,0.8649511630308373,0.03819621481809581,-0.627071950395365,2,0.12237916345401949,0.12936346928756437,0.005929863127559864,-0.3578390417545939,0.0,-0.3026875277812725,0.0,-0.31421297729543163,Other,Computational_Prediction,0.223308,182.0,other
PADI4,Neut_Amplifier,0.9941748237863609,0.08580939569423254,-0.7297331325707053,3,0.0003335684717642491,-0.6150147674210897,1.0936671205385217e-05,-0.39415508896634993,0.0,-0.3026875277812725,0.3428263639396077,1.9390837392392857,NETosis,Direct_Validation,0.181547,379.0,other
PAG1,Neut_Amplifier,0.9893704748381819,0.06936310295235439,-0.727320365664599,2,0.0,-0.6170492620775301,0.0005687069026800312,-0.39073284504949934,0.0,-0.3026875277812725,0.2768837049067375,1.5056620636982818,Other,Computational_Prediction,0.167084,496.0,other
PAN3,Other,0.47454094943883607,0.1396454331195214,0.012827366992332112,3,0.24711955422128165,0.8901777546305425,0.25862930699782904,1.192618630197867,0.0,-0.3026875277812725,0.003408960414718572,-0.2918068845404551,Other,Computational_Prediction,0.226919,169.0,other
PAX5,Cascade_Core_Uniform,0.00185007000145343,0.7046032995937026,0.928437726229891,4,0.677140716680064,3.512954879073376,0.7285179170016023,4.075657821678822,0.6359630559246682,4.0576123038359295,0.7685559766173969,4.737279091996488,Lymphoid_Depletion,Direct_Validation,0.636755,10.0,tf
PBX1,Other,1.0000000000007214,0.058079301802910245,-0.7320508075688774,1,0.1935976726763675,0.5637380841489881,0.0,-0.39422219178824897,0.0,-0.3026875277812725,0.0,-0.31421297729543163,Other,Computational_Prediction,0.265768,103.0,tf
PBX3,Other,0.01656427366472657,0.43654406658245426,0.7792877087625352,4,0.5826577204696206,2.9366859352552392,0.3991545953158237,2.0548227887785275,0.34067840171487,2.0330770481549156,0.37528968507855265,2.1524555875697216,Other,Computational_Prediction,0.476621,18.0,tf
PCCA,Other,0.9919289385450218,0.043581869186475705,-0.7286109456263461,2,0.1450924422133635,0.2678958792054386,0.00021654608986662727,-0.3928935559146482,0.0,-0.3026875277812725,0.0,-0.31421297729543163,Other,Computational_Prediction,0.177409,410.0,other
PCNX1,Other,0.7906812111782135,0.04491056537121796,-0.5741066235352184,3,0.14097259817029492,0.2427682025798304,0.007883152604841664,-0.3458544777634268,0.0,-0.3026875277812725,0.0025919910756762965,-0.29717658338163816,Other,Computational_Prediction,0.039118,1877.0,other
PDE4B,Other,0.9802664792272799,0.039115387349552416,-0.722289088130111,2,0.12992437291861475,0.17538307136881506,0.0005523018958719535,-0.3908334992823479,0.0,-0.3026875277812725,0.0,-0.31421297729543163,Other,Computational_Prediction,0.211173,220.0,other
PDE4D,GMP_Propagator,0.48590980145017515,0.17570527858435728,0.00037007699209168354,3,0.0028161928353866933,-0.5998727907977475,0.3803358651727174,1.9393589631368635,0.0,-0.3026875277812725,0.31910581776224767,1.7831755756965566,Other,Computational_Prediction,0.23097,156.0,other
PDZD2,Other,1.0000000000007214,0.07049362665485505,-0.7320508075688774,1,0.23497875551618352,0.8161288196104,0.0,-0.39422219178824897,0.0,-0.3026875277812725,0.0,-0.31421297729543163,Other,Computational_Prediction,0.192532,304.0,other
PDZRN4,Other,1.0000000000007214,0.042702560821562735,-0.7320508075688774,1,0.14234186940520913,0.2511196363826605,0.0,-0.39422219178824897,0.0,-0.3026875277812725,0.0,-0.31421297729543163,Other,Computational_Prediction,0.161748,530.0,other
PEAK1,Other,0.9673644014962602,0.046700679714115415,-0.7163729760280704,3,0.15478670756981697,0.3270229632535912,0.0004199681742867923,-0.39164544342732616,0.0,-0.3026875277812725,0.0006387015983944966,-0.3100149798078133,Other,Computational_Prediction,0.044431,1861.0,other
PGLYRP1,Neut_Amplifier,0.9975609070684128,0.09613443356245659,-0.7311707822804645,2,0.0,-0.6170492620775301,0.00014655139415216192,-0.39332301397480196,0.0,-0.3026875277812725,0.3843911828556742,2.2122770517682824,Other,Computational_Prediction,0.156156,572.0,other
PHACTR1,Other,0.9929374728877286,0.036452362594397145,-0.7291010210066715,2,0.12137845803872675,0.12325998531824356,0.00015530073111647008,-0.3932693317172827,0.0,-0.3026875277812725,0.0,-0.31421297729543163,Other,Computational_Prediction,0.158494,559.0,other
PHACTR4,Other,0.9716136789054193,0.04157225585248617,-0.7170088120683078,2,0.13781955586178232,0.22353722522075709,0.0009055563758058959,-0.38866607813500914,0.0,-0.3026875277812725,0.0,-0.31421297729543163,Other,Computational_Prediction,0.173294,440.0,other
PHLPP1,Other,0.8937596629448702,0.04390094656889283,-0.6670453940435961,3,0.142877766294273,0.25438816878153186,0.0025723050675066027,-0.3784396080775967,0.0,-0.3026875277812725,0.0015781616549370868,-0.303840185558046,Other,Computational_Prediction,0.179418,388.0,other
PHTF1,Other,0.9964017731886724,0.051577177354528596,-0.7306849587819073,2,0.1718391653132536,0.43102899828053154,0.0001017110422100825,-0.39359813554458795,0.0,-0.3026875277812725,0.0,-0.31421297729543163,Other,Computational_Prediction,0.168949,474.0,other
PICALM,Other,0.2124413586700693,0.15986974424594386,0.40687499349542444,3,0.17694877810040957,0.4621934541326264,0.19369063438161327,0.7941822046079854,0.0,-0.3026875277812725,0.2334498088816707,1.2201838578365118,Other,Computational_Prediction,0.206139,238.0,other
PIK3CB,Other,0.9179888608038562,0.06294344100486134,-0.6821354623354163,3,0.20600095149039485,0.6393879329971491,0.0039022042860814453,-0.3702799049346744,0.0,-0.3026875277812725,0.0006704179448901138,-0.30980651760380484,Other,Computational_Prediction,0.195688,277.0,other
PIP5K1B,Other,1.0000000000007214,0.04848040421936775,-0.7320508075688774,1,0.1616013473978925,0.3685866885135236,0.0,-0.39422219178824897,0.0,-0.3026875277812725,0.0,-0.31421297729543163,Other,Computational_Prediction,0.177292,412.0,other
PKD2,Other,0.9378237437946669,0.04813939881118384,-0.692977702946757,2,0.1581825439790891,0.3477347859035817,0.0027385424698284583,-0.3774196451847314,0.0,-0.3026875277812725,0.0,-0.31421297729543163,Other,Computational_Prediction,0.172752,448.0,other
PLA2G4A,Other,0.9408583352717942,0.03616336105779483,-0.6953273696273836,2,0.11893411202432315,0.10835147529482056,0.0019325098019915676,-0.38236512315869003,0.0,-0.3026875277812725,0.0,-0.31421297729543163,Other,Computational_Prediction,0.161109,536.0,other
PLCB1,Other,0.49948410641984375,0.1531129594085448,-0.00024325710349337726,3,0.2730525889834911,1.048348040838778,0.2847449841691684,1.352853458610565,5.4683356026926085e-05,-0.302312606902056,0.0,-0.31421297729543163,Other,Computational_Prediction,0.226466,171.0,other
PLCB4,Other,1.0000000000007214,0.04671424118641009,-0.7320508075688772,1,0.15571413728803365,0.3326795254459236,0.0,-0.39422219178824897,0.0,-0.3026875277812725,0.0,-0.31421297729543163,Other,Computational_Prediction,0.168344,480.0,other
PLEKHA5,Other,0.9863987907755465,0.057976770510359744,-0.7257469856166001,2,0.19281570068518242,0.5589686950363493,0.000528241219220106,-0.39098112549052577,0.0,-0.3026875277812725,0.0,-0.31421297729543163,Other,Computational_Prediction,0.18486,358.0,other
PLXDC2,Other,0.9703003627396777,0.10441245468116868,-0.7166281911057282,3,0.3461117399697054,1.493949063919182,0.0022518606011888162,-0.38040572075923834,7.983769979931207e-05,-0.3021401432976165,0.0,-0.31421297729543163,Other,Computational_Prediction,0.256776,115.0,other
POL2,Cascade_Core_Uniform,0.0007733928572409843,0.6109016738575279,0.9540811057085187,4,0.5663270830257394,2.83708241325535,0.6268714011516314,3.45199748466703,0.6383231895707904,4.073793888982912,0.6264842429909608,3.8034834316684574,Other,Computational_Prediction,0.244904,133.0,other
POLR2A,Cascade_Core_Uniform,0.00013075761731995428,0.6153266510272267,0.9809612837228798,4,0.5999726583219864,3.0422928841101977,0.6316780681463983,3.4814891748916548,0.6110733795954525,3.886963316451761,0.6208026422997631,3.766139943743496,Other,Computational_Prediction,0.330312,57.0,other
POLR3A,Other,0.0346936905199684,0.10116557573371392,0.6857976323528023,4,0.07212187826391281,-0.1771648354580091,0.07868934932274663,0.08858261177528537,0.1549726309803085,0.7598382439182018,0.1154485949111669,0.4445966336471658,Other,Computational_Prediction,0.100024,1704.0,other
POU2F1,Other,0.9478554856900069,0.03893985377670598,-0.7006105245091092,2,0.12831668225142312,0.16557747417220128,0.0017793964051161747,-0.38330456266527646,0.0,-0.3026875277812725,0.0,-0.31421297729543163,Other,Computational_Prediction,0.195173,280.0,other
POU2F2,Other,0.0012010207839314724,0.43244795511590134,0.9425734246266337,4,0.396068266701664,1.7986429882368173,0.4634195689857878,2.4491256805394284,0.43018083785838107,2.64672504800368,0.44694566114911605,2.6234292132396946,Other,Computational_Prediction,0.236977,143.0,other
POU5F1,Other,0.0009209845886837265,0.16365962891874603,0.9494588389348138,4,0.1695479326957254,0.417054354656786,0.15432080537646756,0.5526254663358504,0.1552591717658896,0.7618028293252961,0.17265285365093427,0.8205833778079122,Other,Computational_Prediction,0.12018,1158.0,other
PPM1H,Other,0.9945893284743875,0.05122479780829109,-0.7298774147113756,2,0.170615351805371,0.4235647375573949,0.00016076906671916267,-0.3932357803063332,0.0,-0.3026875277812725,0.0,-0.31421297729543163,Other,Computational_Prediction,0.182911,369.0,other
PPP1R16B,Other,1.0000000000007214,0.04856931935626753,-0.7320508075688772,1,0.16189773118755843,0.37039438704432787,0.0,-0.39422219178824897,0.0,-0.3026875277812725,0.0,-0.31421297729543163,Other,Computational_Prediction,0.179352,390.0,other
PPP3CA,Other,0.7454653390450415,0.03903833850091047,-0.5346853016586188,3,0.12064570106796593,0.11879076754835835,0.006301709948542961,-0.3555575458100268,0.0,-0.3026875277812725,0.005076802773539818,-0.2808446479503559,Other,Computational_Prediction,0.183199,367.0,other
PPP3R1,Other,0.5240381122866703,0.08813737552701084,-0.06386476693674936,2,0.12195700794549162,0.12678866621416784,0.2062010925734534,0.8709411225782878,0.0,-0.3026875277812725,0.0,-0.31421297729543163,Other,Computational_Prediction,0.177692,405.0,other
PRDM1,Other,0.0013557496787252044,0.22738006572939393,0.9385441024815596,4,0.24684941844250863,0.8885301474825401,0.21903090156449082,0.9496594429480423,0.23087422281280248,1.2802359226882456,0.2095706809718326,1.0632333832737406,Other,Computational_Prediction,0.178429,399.0,tf
PREX2,Other,1.0000000000007214,0.0668097183260331,-0.7320508075688774,1,0.222699061086777,0.7412327343562644,0.0,-0.39422219178824897,0.0,-0.3026875277812725,0.0,-0.31421297729543163,Other,Computational_Prediction,0.182463,372.0,other
PRKACB,Other,0.9839633593640043,0.038191730782901605,-0.7244053831752759,2,0.12695397301923214,0.15726606321507153,0.00042215550852786935,-0.39163202286294635,0.0,-0.3026875277812725,0.0,-0.31421297729543163,Other,Computational_Prediction,0.173363,439.0,other
PRKCE,Other,0.9452036806870783,0.05106545050882862,-0.6986307680009336,2,0.16815022611567718,0.408529488522587,0.0024815306965019057,-0.3789965614993586,0.0,-0.3026875277812725,0.0,-0.31421297729543163,Other,Computational_Prediction,0.185613,349.0,other
PRKCH,Other,0.9978981150675618,0.0844799339425059,-0.7313064865486638,2,0.28152413449918245,1.1000175346380776,9.07743710046973e-05,-0.39366523836648704,0.0,-0.3026875277812725,0.0,-0.31421297729543163,Other,Computational_Prediction,0.276257,88.0,other
PRKG1,HSC_Initiator,1.0000000000007214,0.10933674557474941,-0.7320508075688774,1,0.36445581858249804,1.60583292907483,0.0,-0.39422219178824897,0.0,-0.3026875277812725,0.0,-0.31421297729543163,Other,Computational_Prediction,0.241029,141.0,other
PRKG2,Other,1.0000000000007214,0.06603015240251324,-0.7320508075688774,1,0.2201005080083775,0.7253836874588805,0.0,-0.39422219178824897,0.0,-0.3026875277812725,0.0,-0.31421297729543163,Other,Computational_Prediction,0.177449,409.0,other
PRR16,Other,1.0000000000007214,0.059553455714684116,-0.7320508075688772,1,0.19851151904894707,0.5937085251043526,0.0,-0.39422219178824897,0.0,-0.3026875277812725,0.0,-0.31421297729543163,Other,Computational_Prediction,0.179478,387.0,other
PRSS57,Other,0.9382672249426574,0.05886411732860869,-0.6933232489469026,2,0.00395798130922891,-0.5929088156458666,0.23070689174336007,1.0212984156074485,0.0,-0.3026875277812725,0.0,-0.31421297729543163,Other,Computational_Prediction,0.055801,1828.0,other
PRTN3,Other,1.0000000000007214,0.05357601806738083,-0.7320508075688772,1,0.0,-0.6170492620775301,0.21430407226952333,0.9206576033232807,0.0,-0.3026875277812725,0.0,-0.31421297729543163,Other,Computational_Prediction,0.102373,1679.0,other
PSME4,Other,0.9438078768759928,0.039874118914426014,-0.6975776112123735,2,0.13124771013446637,0.18345434525174206,0.0019992234963444174,-0.3819557959451059,0.0,-0.3026875277812725,0.0,-0.31421297729543163,Other,Computational_Prediction,0.172528,450.0,other
PTBP2,Other,0.8633611980613319,0.05689157931000541,-0.6309824367912538,3,0.18257350810133918,0.49649970337220783,0.008117197368636907,-0.34441847737478753,0.0,-0.3026875277812725,0.00036091014977771214,-0.3118408211808528,Other,Computational_Prediction,0.171907,454.0,other
PTK2,Other,1.0000000000007214,0.03603687845530456,-0.7320508075688774,1,0.12012292818434853,0.11560228084088807,0.0,-0.39422219178824897,0.0,-0.3026875277812725,0.0,-0.31421297729543163,Other,Computational_Prediction,0.174544,430.0,other
PTPRJ,Neut_Amplifier,0.9365910007875567,0.06891535563320592,-0.6924429425902299,3,0.0,-0.6170492620775301,0.004719173625123721,-0.36526732413881674,3.609101497777122e-05,-0.30244008000098965,0.27091337609571775,1.4664208508816579,Other,Computational_Prediction,0.174729,429.0,other
QKI,Other,0.9453213047910749,0.051562959681961604,-0.6987191698912638,2,0.16979400779784656,0.4185552113705534,0.002499029370430522,-0.37888919698432016,0.0,-0.3026875277812725,0.0,-0.31421297729543163,Other,Computational_Prediction,0.191914,310.0,other
RAB11FIP1,Other,0.9514803701962004,0.048019915678265,-0.7032712249321962,2,0.0,-0.6170492620775301,0.18967578238211635,0.7695487586888508,0.0,-0.3026875277812725,0.0024038803309436706,-0.2984129799019641,Other,Computational_Prediction,0.17499,428.0,other
RABGAP1L,Other,0.878233521334596,0.06786466963050455,-0.640933489603382,3,0.2186218700614094,0.716365206227709,0.0090850927703135,-0.3384798776367232,0.0,-0.3026875277812725,2.7341678013463042e-05,-0.31403326849887264,Other,Computational_Prediction,0.241167,140.0,other
RABGEF1,Other,0.8101323530735701,0.04017274472168906,-0.5925082444833696,3,0.12702724871630822,0.15771298499206002,0.001952195810161261,-0.3822443380792718,0.0,-0.3026875277812725,0.006306084617025116,-0.2727649404570631,Other,Computational_Prediction,0.176357,416.0,other
RAD21,Cascade_Core_Uniform,8.173564485425278e-05,0.7974626375969947,0.9849774561539442,4,0.7965112018854821,4.241017135684808,0.80623499625419,4.552497184375532,0.7769356540949631,5.024150832038403,0.8062535885952392,4.985054392340179,Other,Computational_Prediction,0.43893,24.0,tf
RAD51B,Other,0.4982590647338546,0.13487791940766988,-0.0020199508539664457,3,0.25729722044501313,0.9522531883119629,0.23051331266302474,1.0201106956598356,0.0,-0.3026875277812725,0.00024170043363901328,-0.31262435153385004,Other,Computational_Prediction,0.077778,1799.0,other
RALGAPA2,Other,0.4962852975888188,0.0992337768153507,-0.012343824955719729,3,0.1587162535339119,0.3509899773538861,0.20571659803905484,0.8679684675681607,0.0,-0.3026875277812725,0.000759004981653734,-0.3092242611029537,Other,Computational_Prediction,0.184928,357.0,other
RAPGEF2,Other,0.9699233388514917,0.08172651759983812,-0.7159292227473848,2,0.27083135106167733,1.0348003075691707,0.0019084491253397204,-0.38251274936686797,0.0,-0.3026875277812725,0.0,-0.31421297729543163,Other,Computational_Prediction,0.220071,192.0,other
RBPMS,Other,1.0000000000007214,0.04987351739750972,-0.7320508075688772,1,0.16624505799169906,0.3969095223208856,0.0,-0.39422219178824897,0.0,-0.3026875277812725,0.0,-0.31421297729543163,Other,Computational_Prediction,0.168289,481.0,other
RERE,Other,0.5023464398147712,0.1327388158866086,-0.006477675310428754,2,0.25890163011084316,0.9620387740857265,0.22027330741342258,0.9572823235157722,0.0,-0.3026875277812725,0.0,-0.31421297729543163,Other,Computational_Prediction,0.219736,194.0,other
REST,Cascade_Core_Uniform,0.0007127688592915016,0.5034457623133246,0.9551773405435974,4,0.48990709297811025,2.3709830227020254,0.49232081631313873,2.6264515976898104,0.48894138491067474,3.0496000279745297,0.5424206134378878,3.250957954120009,Other,Computational_Prediction,0.270546,96.0,other
RFX3,Other,0.8848402147102807,0.06315271420837638,-0.6475107362261807,3,0.2039634496448316,0.626960839407155,0.007818626244729891,-0.34625038441263106,0.0,-0.3026875277812725,3.609101497777122e-05,-0.3139757616839738,Other,Computational_Prediction,0.204275,246.0,other
RFX3-AS1,Other,0.9973607577325349,0.05040547708493966,-0.7310889350318936,2,0.16795992803670345,0.40736882599727353,6.999469571446539e-05,-0.39379273372809515,0.0,-0.3026875277812725,0.0,-0.31421297729543163,Other,Computational_Prediction,0.027691,1933.0,other
RFX5,Other,0.0006412314752587411,0.41396749621317763,0.9579551168612139,4,0.3888369397006633,1.7545378122749058,0.41622783273455055,2.1595770040451057,0.41907136724795074,2.5705561221820625,0.43778073067900325,2.5631908246331165,Other,Computational_Prediction,0.221434,187.0,other
RFX7,Other,0.9681084883349088,0.06092272694959834,-0.7147538929829924,2,0.201803457081768,0.6137866526974187,0.0015267593002717763,-0.3848546378511441,0.0,-0.3026875277812725,0.0,-0.31421297729543163,Other,Computational_Prediction,0.182251,375.0,other
RHEX,Other,1.0000000000007214,0.0720337286939974,-0.7320508075688772,1,0.24011242897999135,0.84744002589673,0.0,-0.39422219178824897,0.0,-0.3026875277812725,0.0,-0.31421297729543163,Other,Computational_Prediction,0.041264,1868.0,other
RIPOR2,Other,0.9855301641364854,0.08025553532271383,-0.7258718729432625,3,0.26692149110575214,1.0109533620059774,0.000530428553461183,-0.39096770492614596,0.0,-0.3026875277812725,0.00018592341049154869,-0.31299095747883043,Other,Computational_Prediction,0.060729,1817.0,other
RNF220,HSC_Initiator,0.9439368869737756,0.12226175828862969,-0.6976752693787485,2,0.40244543968152413,1.8375385237833854,0.0061125055366897975,-0.3567184246288801,0.0,-0.3026875277812725,0.0,-0.31421297729543163,Other,Computational_Prediction,0.251964,122.0,other
RNF24,Other,0.4334747436629601,0.09021463217240568,0.003777171039774929,3,0.12145064006868228,0.12370023662094864,0.2038333032574875,0.8564133616371474,0.0,-0.3026875277812725,0.011284457349716467,-0.24004356277959985,Other,Computational_Prediction,0.167929,484.0,other
RORA,Other,1.0000000000007214,0.042932887117148155,-0.7320508075688774,1,0.14310962372382718,0.25580230932961484,0.0,-0.39422219178824897,0.0,-0.3026875277812725,0.0,-0.31421297729543163,Other,Computational_Prediction,0.170022,463.0,other
RPL13A,Other,0.6532227475097423,0.051064575575132186,-0.4549917356490698,4,0.15467296618928095,0.3263292339281166,0.0043331091315736234,-0.36763605375185254,0.013280399844699267,-0.21163424305476075,0.0036933138660585874,-0.2899379130562415,Other,Computational_Prediction,0.223869,181.0,ribosomal
RPS2,Other,0.42522839187017747,0.06893104975638564,-0.004957515992260353,4,0.08882873719725927,-0.0752666703046267,0.1610709188444313,0.5940413280119328,0.009320231201229282,-0.23878601312761746,0.0006026105834167254,-0.3102521954192712,Other,Computational_Prediction,0.200681,259.0,ribosomal
RPS20,Other,0.8485667796861183,0.04224644694894214,-0.6198585838714199,3,0.13603031645258132,0.21262432929309721,0.0005566765643541076,-0.3908066581535882,0.0064909143603961265,-0.2581844194182776,0.0,-0.31421297729543163,Other,Computational_Prediction,0.219621,195.0,ribosomal
RUNX1,Other,0.48507072995444667,0.21868125618605463,-0.0010126806270158717,3,0.4317535311777154,2.0162938936302264,0.35306965019057146,1.772064917860387,0.0,-0.3026875277812725,0.00355113714038858,-0.2908723987983483,Myeloid_Bias,Computational_Prediction,0.413626,28.0,tf
RXRA,Other,0.0011211465905788254,0.3882967775098293,0.9441066158568082,4,0.41711807777066895,1.9270296067696238,0.39123644536312485,2.0062403457236284,0.35917887472589966,2.159920280011432,0.37406587157067006,2.1444118218357406,Other,Computational_Prediction,0.214659,208.0,other
S100A11,Mono_Amplifier,0.8951098213199031,0.05209590366980002,-0.6596398944567856,3,0.0,-0.6170492620775301,0.007888620940444357,-0.3458209263524773,0.2502496295202629,1.413077888612225,0.00029529012254540083,-0.3122721222925944,Other,Computational_Prediction,0.293292,72.0,other
S100A8,Mono_Amplifier,0.9094435848519632,0.09032093661652203,-0.6758675462478867,3,0.001725806716209787,-0.606523253658308,0.0,-0.39422219178824897,0.4374668482154087,2.696679505950483,0.009239299834309432,-0.25348578076221323,Calprotectin,Computational_Prediction,0.172743,449.0,other
S100A9,Other,0.4848272544990473,0.14607220390329795,-0.015311559269039154,4,0.0009657080674355147,-0.6111592332852784,0.0028205675038688476,-0.37691637402048866,0.3824947640686604,2.31977904449175,0.274313587173472,1.4887694368217355,Calprotectin,Computational_Prediction,0.289267,75.0,other
SBF2,Other,0.930889949522876,0.05528809926122786,-0.6882954325375457,3,0.18135625659617982,0.4890754654947717,0.0034745804419508836,-0.3729036252709266,0.0,-0.3026875277812725,5.0308687544772e-05,-0.3138823131097631,Other,Computational_Prediction,0.189703,326.0,other
SCAPER,Other,0.9630043296322504,0.047979942145009315,-0.7113621415811064,2,0.15873375220784047,0.35109670494242057,0.0014392659306286945,-0.3853914604263364,0.0,-0.3026875277812725,0.0,-0.31421297729543163,Other,Computational_Prediction,0.167705,488.0,other
SCFD2,Other,0.9580853173532646,0.05059949363212319,-0.7079792177438129,2,0.16719217371808542,0.40268615305031935,0.001767366066790251,-0.38337837576936545,0.0,-0.3026875277812725,0.0,-0.31421297729543163,Other,Computational_Prediction,0.184258,363.0,other
SCMH1,Other,0.8758570789039783,0.061407330850708965,-0.6380296011075206,2,0.1975950260019358,0.5881186676548543,0.00851529220051293,-0.34197593465766274,0.0,-0.3026875277812725,0.0,-0.31421297729543163,Other,Computational_Prediction,0.191562,312.0,other
SDCCAG8,Other,0.9209325200358779,0.047995581584833025,-0.6792847120200374,2,0.15690295344805902,0.33993033099199116,0.0036987822016612804,-0.37152801742199637,0.0,-0.3026875277812725,0.0,-0.31421297729543163,Other,Computational_Prediction,0.180323,383.0,other
SESN3,Other,0.9607313512977649,0.045299254665857346,-0.7098124751695902,2,0.1497798994919916,0.2964855319841369,0.001461139273039465,-0.38525725478253836,0.0,-0.3026875277812725,0.0,-0.31421297729543163,Other,Computational_Prediction,0.23307,147.0,other
SETDB1,Other,0.004115043590381839,0.49596267314117604,0.8919455763030469,4,0.5774015562883126,2.9046276358491676,0.45880101273575363,2.4207881588514675,0.4924848663812195,3.073894900947757,0.4381799191779998,2.565814573062878,Other,Computational_Prediction,0.246349,132.0,other
SGCZ,Other,1.0000000000007214,0.05575832143970339,-0.7320508075688774,1,0.18586107146567798,0.5165511490681406,0.0,-0.39422219178824897,0.0,-0.3026875277812725,0.0,-0.31421297729543163,Other,Computational_Prediction,0.172757,447.0,other
SGK3,Other,0.9043685754364952,0.05174467247403907,-0.6648965782360541,2,0.16823881315244077,0.4090697969395433,0.005092114113227357,-0.3629791179120597,0.0,-0.3026875277812725,0.0,-0.31421297729543163,Other,Computational_Prediction,0.179995,385.0,other
SIK3,Other,0.4816079431465262,0.1898028118181669,0.00871412028356322,4,0.34504650819430094,1.48745202196714,0.3421471966577533,1.7050493296298241,5.6870690268003125e-05,-0.3022976100668874,0.002962744229538855,-0.294739732100298,Other,Computational_Prediction,0.281574,81.0,other
SIL1,Other,0.9417082406530521,0.05411853164252396,-0.6959791945154559,2,0.1780282275483811,0.4687772122503529,0.0028402535120385405,-0.3767955889410704,0.0,-0.3026875277812725,0.0,-0.31421297729543163,Other,Computational_Prediction,0.185026,356.0,other
SIN3A,Other,0.0027551840493689195,0.44996363556824204,0.9123047548403735,4,0.4270923219099802,1.9878643322343297,0.506210388743978,2.7116721815015805,0.4009372727223015,2.4462248602162973,0.46038354905917284,2.711752492572513,Other,Computational_Prediction,0.246707,131.0,other
SIPA1L3,Other,0.9773333575874875,0.04198582607411781,-0.7205477070232487,2,0.13937037583870596,0.23299595775463353,0.0006988532900241153,-0.38993432146890084,0.0,-0.3026875277812725,0.0,-0.31421297729543163,Other,Computational_Prediction,0.174307,431.0,other
SIRT6,Other,0.029795915770163717,0.11912495693685712,0.7218649274390976,4,0.14768552695616033,0.2837115737314053,0.10495485888959977,0.2497367488480003,0.06725724691175747,0.1584426584022319,0.14051653898103036,0.6093608466843223,Other,Computational_Prediction,0.092117,1761.0,other
SIX5,Other,0.007721986307548501,0.1517256426661417,0.8555984743360929,4,0.177684816072532,0.4666826833253619,0.15600724007633796,0.5629727214726811,0.15074013922382445,0.7308193678668471,0.1170814399221309,0.45532884297766935,Other,Computational_Prediction,0.093539,1757.0,other
SKAP1,Other,1.0000000000007214,0.058268943681611625,-0.7320508075688774,1,0.19422981227203875,0.5675936182847995,0.0,-0.39422219178824897,0.0,-0.3026875277812725,0.0,-0.31421297729543163,Other,Computational_Prediction,0.26499,104.0,other
SLC39A11,Other,0.5281779672086895,0.10842019784438209,-0.07908280883879493,3,0.14405892678445462,0.26159228100761545,0.2606613405077896,1.2050863345067069,0.0,-0.3026875277812725,0.00014873872839323894,-0.3132353614421507,Other,Computational_Prediction,0.190243,322.0,other
SMARCA4,Other,0.03232385197600962,0.12359050915672798,0.7009612078010845,4,0.13539598952266899,0.2087554542087189,0.09907530444958468,0.2136622717950808,0.07663106780189315,0.2227115955175191,0.1715066905086099,0.8130499850561589,Other,Computational_Prediction,0.095418,1750.0,other
SMARCB1,Other,0.003119224946373178,0.23229932575422016,0.9062091066787118,4,0.21000158581732475,0.6637885279258656,0.22077311328750865,0.9603489224765579,0.2353134176550683,1.3106719996630385,0.2681715526245277,1.448399652762721,Other,Computational_Prediction,0.142559,700.0,other
SMARCC1,Other,0.005791192730499328,0.14636175227346052,0.8708986404797022,4,0.13886947629749932,0.2299408805328315,0.14304947203219756,0.48346929808670813,0.18081489137151324,0.9370183530183209,0.13110225240743473,0.5474835138531261,Other,Computational_Prediction,0.108101,1617.0,other
SMC3,Cascade_Core_Uniform,0.0002566427576369268,0.7424821868967741,0.9733968628997463,4,0.7386223075282576,3.887942261389594,0.76236800804939,4.283347765738515,0.7102186787407516,4.566724864141557,0.7530390275111963,4.635290755773322,Other,Computational_Prediction,0.413255,29.0,tf
SMYD3,Other,0.508119567902263,0.158023962246611,-0.02218161602804547,2,0.3259073335848768,1.370718722007452,0.24100704868459186,1.0844958532719569,0.0,-0.3026875277812725,0.0,-0.31421297729543163,Other,Computational_Prediction,0.24779,129.0,other
SNHG32,Other,1.0000000000007214,0.061533211936282944,-0.7320508075688772,1,0.20511070645427648,0.6339581669304528,0.0,-0.39422219178824897,0.0,-0.3026875277812725,0.0,-0.31421297729543163,Other,Computational_Prediction,0.033815,1906.0,other
SNTB1,Other,0.9162381860938027,0.06826221762882032,-0.675301093318285,2,0.22282155180427732,0.7419798274760063,0.0056630083501484655,-0.35947635060893024,0.0,-0.3026875277812725,0.0,-0.31421297729543163,Other,Computational_Prediction,0.195732,276.0,other
SNX9,Other,0.9905454045081724,0.046377555763352306,-0.7279210060851233,2,0.15436127105992747,0.32442814875734444,0.000276697781496246,-0.39252449039420345,0.0,-0.3026875277812725,0.0,-0.31421297729543163,Other,Computational_Prediction,0.217702,200.0,other
SOCS2,Other,1.0000000000007214,0.0464888363928671,-0.7320508075688772,1,0.15496278797622368,0.3280969096132205,0.0,-0.39422219178824897,0.0,-0.3026875277812725,0.0,-0.31421297729543163,Other,Computational_Prediction,0.180038,384.0,other
SOS1,Other,0.9402476474925907,0.05899907585128314,-0.6948573124264732,2,0.19400232951096674,0.5662061596338499,0.0031935079919724833,-0.3746281677937317,0.0,-0.3026875277812725,0.0,-0.31421297729543163,Other,Computational_Prediction,0.20158,255.0,other
SP1,Cascade_Core_Uniform,0.0006286147289932265,0.5640849013785674,0.9585605545292785,4,0.5807995800318257,2.9253527994477246,0.5685658196214818,3.094258920558911,0.5215589131136156,3.273232834009569,0.5735671593637045,3.455675026808163,Other,Computational_Prediction,0.306617,63.0,other
SP2,Other,0.029753087159658853,0.08733768612847308,0.7294303827638112,4,0.04903565901646516,-0.3179718771065263,0.09560181767475434,0.19235041555994828,0.10975824488300497,0.44983866414685625,0.10709954011297582,0.38972075552990854,Other,Computational_Prediction,0.084942,1784.0,other
SPI1,Cascade_Core_Uniform,0.0002239114852847779,0.8190613055104418,0.9750082288866933,4,0.8146824810932297,4.351847065903677,0.8514559443542169,4.82995393236365,0.7960070213429138,5.154908237873939,0.8103646833013435,5.01207540699079,Myeloid_Bias,Direct_Validation,0.911633,3.0,tf
SPIDR,Other,0.49957018291432154,0.12819812873555675,1.6523907991006226e-05,3,0.23534622766868446,0.818370098969626,0.23035254359630558,1.01912428417792,3.0622679375078607e-05,-0.3024775720889113,0.0,-0.31421297729543163,Other,Computational_Prediction,0.073862,1803.0,other
SRGN,Other,0.5276919145455559,0.06579993547363988,-0.12521921685069004,4,0.15918762406286396,0.353864951770036,0.07096696578462414,0.04120130923237897,0.0010050800837749015,-0.2957964820212738,0.0004035631674787145,-0.31156047545822074,Other,Computational_Prediction,0.334444,55.0,other
SRT,Other,2.351929548138898e-05,0.41502266625107315,0.9919308497491119,4,0.41454577270316234,1.9113406512550415,0.4100606438418339,2.121737722776242,0.4186951457584855,2.567976666533053,0.4176189773118756,2.4306735580505077,Other,Computational_Prediction,0.165653,501.0,other
SSBP2,Other,0.5178664951813805,0.13709543886127376,-0.04797528176718613,2,0.2984978482099403,1.203543295516612,0.19018433759316675,0.7726690399071556,0.0,-0.3026875277812725,0.0,-0.31421297729543163,Other,Computational_Prediction,0.231473,152.0,other
SSH2,Other,0.2053073620680108,0.18872954158942642,0.41673184446349953,4,0.20982988007940023,0.6627412634633701,0.25669898453007856,1.1807749821326878,0.0006977596229035769,-0.2979035373624704,0.24586511803402397,1.301786028178024,Other,Computational_Prediction,0.291262,74.0,other
ST6GALNAC3,Other,0.9918062064901509,0.06040159456666174,-0.7285505427253358,2,0.0,-0.6170492620775301,0.00036637848538040475,-0.3919742472546314,0.0,-0.3026875277812725,0.24123999978126656,1.2713864881521029,Other,Computational_Prediction,0.168145,483.0,other
ST8SIA6,Other,1.0000000000007214,0.08550978558656101,-0.7320508075688774,1,0.28503261862187007,1.121416416139259,0.0,-0.39422219178824897,0.0,-0.3026875277812725,0.0,-0.31421297729543163,Other,Computational_Prediction,0.216881,204.0,other
STAG1,Other,0.49179849855991997,0.14034778614433124,-0.004518577538533242,3,0.2772271163825866,1.0738092411785567,0.2274062043735748,1.0010467839583208,0.0,-0.3026875277812725,0.001312400544646226,-0.30558695506059946,Other,Computational_Prediction,0.247098,130.0,other
STAT1,Other,0.0004340077339126669,0.4450124404634961,0.9653600894347328,4,0.46120161206533566,2.1959030841853435,0.4225273553488525,2.1982282294589486,0.43608335930792747,2.6871940077063057,0.45521378458038725,2.677773153319137,JAK_STAT,Indirect_Support,0.262864,107.0,tf
STAT2,Other,0.012150568237637827,0.18150231584012771,0.813358666431779,4,0.16064438866742128,0.36275002351553914,0.18188887248388205,0.7217715494967399,0.14570927046934723,0.6963266469789318,0.2347797081002455,1.2289248937011417,Other,Computational_Prediction,0.123725,1059.0,tf
STAT3,Cascade_Core_Uniform,0.0001853021646547326,0.7893770472081412,0.9773458236122551,4,0.7670445286568126,4.061294547066872,0.8064920080275166,4.554074100690159,0.7778477724734922,5.030404512303734,0.8082845284380793,4.998403161748581,JAK_STAT,Therapeutic_Evidence,0.362573,43.0,tf
STK3,Other,0.9606066979279951,0.04647560302070858,-0.7097268111853321,2,0.15366460510414442,0.3201790566388118,0.0015048859578610059,-0.38498884349494217,0.0,-0.3026875277812725,0.0,-0.31421297729543163,Other,Computational_Prediction,0.179183,394.0,other
STON2,Other,1.0000000000007214,0.05570287251669209,-0.7320508075688772,1,0.18567624172230698,0.5154238389142441,0.0,-0.39422219178824897,0.0,-0.3026875277812725,0.0,-0.31421297729543163,Other,Computational_Prediction,0.182309,373.0,other
STXBP5,Other,0.4573107406313889,0.14892295661969362,-0.003679667556167443,3,0.3145977218913879,1.3017393474427017,0.20827031076551228,0.8836369764815847,0.0,-0.3026875277812725,0.009904249443596852,-0.24911526282989832,Other,Computational_Prediction,0.255287,118.0,other
SUMF1,Other,0.9437003242171174,0.0480050964887817,-0.6974961465865486,2,0.15800646357268236,0.34666083954395244,0.002412629667907979,-0.37941930927732254,0.0,-0.3026875277812725,0.0,-0.31421297729543163,Other,Computational_Prediction,0.184602,361.0,other
SUPT3H,Other,0.9561254151017238,0.05669827364645023,-0.7066015517683708,2,0.18724893504164136,0.5250159809337888,0.002094372535831269,-0.3813720013945844,0.0,-0.3026875277812725,0.0,-0.31421297729543163,Other,Computational_Prediction,0.191087,315.0,other
SYK,Other,0.8011053199244815,0.04255661094432686,-0.577923446479242,4,0.1337587698432228,0.19876975420645307,0.008587474230468472,-0.34153305603312917,0.0001323337215851611,-0.3017802192535686,0.0010225787577035177,-0.30749186830412495,Other,Computational_Prediction,0.186,345.0,other
SYTL3,Other,1.0000000000007214,0.03794642124776481,-0.7320508075688774,1,0.1264880708258827,0.1544244411703385,0.0,-0.39422219178824897,0.0,-0.3026875277812725,0.0,-0.31421297729543163,Other,Computational_Prediction,0.248372,126.0,other
TAF1,Cascade_Core_Uniform,0.00028761630417506456,0.7797266379032214,0.9717986762599691,4,0.7507620125662352,3.9619845259354536,0.7946257197696738,4.4812675389297105,0.8098101940712304,5.24954576620576,0.7755182615067452,4.783040139952272,Other,Computational_Prediction,0.44299,21.0,tf
TAF7,Other,0.007647473192715637,0.20699946957144652,0.8559836629443007,4,0.16386633200452777,0.3824012407544672,0.21798754313149704,0.9432578337388745,0.20693494321133474,1.1161030601848596,0.24782278217978793,1.3146531780116484,Other,Computational_Prediction,0.159473,551.0,other
TAFA2,HSC_Initiator,0.9512196067049278,0.1120666480743256,-0.7030816050870587,2,0.3696255830612836,1.6373642610125128,0.0047158926237621055,-0.36528745498538645,0.0,-0.3026875277812725,0.0,-0.31421297729543163,Other,Computational_Prediction,0.072504,1805.0,other
TAL1,Cascade_Core_Uniform,0.0007243372838612316,0.6382200567613235,0.9555803679862612,4,0.6523757184025898,3.3619086593998238,0.6495857735780961,3.5913633354691297,0.5860896478938705,3.7156694651553406,0.6515718730689939,3.968377035039136,Other,Computational_Prediction,0.366307,42.0,tf
TAOK3,Other,0.4816003572384927,0.12080247824969512,-0.0030260048327275246,3,0.19347190095750555,0.5629709796063959,0.24830946404842758,1.1293004074539403,0.0,-0.3026875277812725,0.002734167801346304,-0.2962420976395313,Other,Computational_Prediction,0.204587,244.0,other
TBC1D5,Other,0.4933889724400905,0.16563233098741736,0.0008622040779873164,3,0.31335203504109455,1.294141677233897,0.2856046065259117,1.358127740411829,0.0,-0.3026875277812725,0.0009022753744442804,-0.30828258700898453,Other,Computational_Prediction,0.257346,114.0,other
TBP,Cascade_Core_Uniform,0.0003183627171087222,0.7568652219324004,0.9702249042564527,4,0.7335739400998518,3.85715135209737,0.7635229205286787,4.290433823731053,0.7945458820698743,5.1448903519812745,0.7480125334252014,4.602253090613915,Other,Computational_Prediction,0.44715,20.0,tf
TBXAS1,Other,0.9524304932469889,0.06374159926943035,-0.7088314850455695,4,0.21074199845792935,0.6683044390157348,0.001224907175003144,-0.3867066757355574,0.00032700646904101796,-0.30044550092355804,0.0005894865779702632,-0.31033845564161955,Other,Computational_Prediction,0.228939,164.0,other
TCF12,Cascade_Core_Uniform,0.023820112553384676,0.8164022179569204,0.7454509729073817,4,1.0,5.482132251330492,0.9862449486249869,5.656962660858268,0.5480540927757819,3.454889498407533,0.6409206489820694,3.898369676251611,Lymphoid_Depletion,Computational_Prediction,0.832376,5.0,tf
TCF4,Cascade_Core_Uniform,0.00459339823083571,0.6901338101721979,0.8850466957226709,4,0.8141717385479382,4.348731954413324,0.6571955094028031,3.638053478946476,0.6229484171902597,3.9683811345824096,0.6279749112762548,3.8132811552568544,Lymphoid_Depletion,Computational_Prediction,0.71037,8.0,tf
TEC,Other,0.9792771629294399,0.045317409540058286,-0.7217076328136187,2,0.15049297045458274,0.3008346812169208,0.0006780736147338834,-0.390061816830509,0.0,-0.3026875277812725,0.0,-0.31421297729543163,Other,Computational_Prediction,0.176125,419.0,other
TET2,Other,0.9166387473221882,0.048536345292583286,-0.6764845164932707,3,0.1585040821125274,0.3496959053429044,0.0039000169518403683,-0.3702933254990542,0.0,-0.3026875277812725,4.04656834599253e-05,-0.3139470082765243,Other,Computational_Prediction,0.189719,325.0,other
TEX14,Other,1.0000000000007214,0.036112341486621714,-0.7320508075688776,1,0.12037447162207238,0.11713648992607249,0.0,-0.39422219178824897,0.0,-0.3026875277812725,0.0,-0.31421297729543163,Other,Computational_Prediction,0.164521,507.0,other
TFAP2A,GMP_Propagator,0.0025270950630619238,0.3113758332376374,0.9163677450632663,4,0.283812086115349,1.1139721668389726,0.3366635497153731,1.6714039747296492,0.34402830410507956,2.056044701215717,0.2930426366126942,1.6118699624646526,Other,Computational_Prediction,0.194287,288.0,other
TFAP2C,Other,0.0029256105116699516,0.3709596382149165,0.9103867310090112,4,0.32823903188586484,1.3849401731796835,0.4062404645897928,2.0982987070869106,0.4074741211017603,2.491042902117834,0.3577319531254272,2.037053786771392,Other,Computational_Prediction,0.2108,222.0,other
TFPI,Other,1.0000000000007214,0.04752399232245681,-0.7320508075688772,1,0.1584133077415227,0.3491422559773813,0.0,-0.39422219178824897,0.0,-0.3026875277812725,0.0,-0.31421297729543163,Other,Computational_Prediction,0.17538,425.0,other
THBS1,Other,1.0000000000007214,0.0477792542283905,-0.7320508075688774,1,0.0,-0.6170492620775301,0.0,-0.39422219178824897,0.2388962711419525,1.3352368156693015,0.0,-0.31421297729543163,Other,Computational_Prediction,0.177656,407.0,other
THRB,Other,1.0000000000007214,0.07084469380054792,-0.7320508075688772,1,0.23614897933515974,0.8232662270936496,0.0,-0.39422219178824897,0.0,-0.3026875277812725,0.0,-0.31421297729543163,Other,Computational_Prediction,0.26695,100.0,tf
TMEM163,Other,1.0000000000007214,0.051691520251980906,-0.7320508075688774,1,0.17230506750660302,0.4338706203252644,0.0,-0.39422219178824897,0.0,-0.3026875277812725,0.0,-0.31421297729543163,Other,Computational_Prediction,0.167439,493.0,other
TMEM176A,Mono_Amplifier,1.0000000000007214,0.05601216157838038,-0.7320508075688774,1,0.0,-0.6170492620775301,0.0,-0.39422219178824897,0.2800608078919019,1.6174697551258754,0.0,-0.31421297729543163,Other,Computational_Prediction,0.117946,1262.0,other
TMEM176B,Mono_Amplifier,1.0000000000007214,0.06100606438418338,-0.7320508075688774,1,0.0,-0.6170492620775301,0.0,-0.39422219178824897,0.3050303219209169,1.7886661269936996,0.0,-0.31421297729543163,Other,Computational_Prediction,0.156586,569.0,other
TNFAIP3,Other,0.9879231471204144,0.037222632347392426,-0.7265633323103589,2,0.1238785810762778,0.1385086895301205,0.0,-0.39422219178824897,0.00029529012254540083,-0.3006629550335036,0.0,-0.31421297729543163,NFkB_Signaling,Computational_Prediction,0.297737,69.0,other
TNS3,Other,0.9953811022744631,0.0455044813010264,-0.730236514973367,2,0.1515822629066391,0.30747847360319785,0.00011920971613869887,-0.39349077102954955,0.0,-0.3026875277812725,0.0,-0.31421297729543163,Other,Computational_Prediction,0.182161,376.0,other
TOX,Other,0.9972775096201033,0.06159669931263021,-0.7310546234159698,2,0.20524850851146437,0.6347986466901626,8.858703676362026e-05,-0.39367865893086684,0.0,-0.3026875277812725,0.0,-0.31421297729543163,Other,Computational_Prediction,0.186455,342.0,other
TRAPPC9,Other,0.904710652268995,0.05236521919823263,-0.6652029860341326,2,0.17027631499800405,0.42149689052953754,0.0051292987953256665,-0.362750968317603,0.0,-0.3026875277812725,0.0,-0.31421297729543163,Other,Computational_Prediction,0.190636,319.0,other
TRIM24,Other,0.9952703554962867,0.04063432692991235,-0.7301868447396824,2,0.1353566175063296,0.20851531713451618,0.00010936671205385217,-0.3935511635692586,0.0,-0.3026875277812725,0.0,-0.31421297729543163,Other,Computational_Prediction,0.178051,403.0,other
TRIM28,Cascade_Core_Uniform,0.0024076613759456134,0.520706782376648,0.9185240643917494,4,0.5546150018318924,2.7656483041543045,0.4891021539773939,2.606703237204925,0.46128473076649656,2.859980044102008,0.55915918871773,3.3609756793734307,Other,Computational_Prediction,0.276658,86.0,other
TRIO,Other,0.8610698463008379,0.03788692575640752,-0.6230826253005384,2,0.12119690929671735,0.12215268658719738,0.006111411869569259,-0.35672513491106994,0.0,-0.3026875277812725,0.0,-0.31421297729543163,Other,Computational_Prediction,0.171894,455.0,other
TRPS1,Other,0.9723382685430698,0.05902838613011357,-0.7176666894979049,3,0.19573688556414082,0.5767855318473394,0.0012128768366772204,-0.38678048883964633,0.0,-0.3026875277812725,1.6405006808077827e-05,-0.3141051520174962,Other,Computational_Prediction,0.192834,301.0,other
TSC22D1,Other,0.9914391886814319,0.03721962476281094,-0.7283689633374195,2,0.12390045441868858,0.13864209901578875,0.00019795374881747242,-0.3930076307118765,0.0,-0.3026875277812725,0.0,-0.31421297729543163,Other,Computational_Prediction,0.169816,464.0,other
TTTY10,Other,1.0000000000007214,0.04204931345046507,-0.7320508075688772,1,0.14016437816821692,0.23783872208438975,0.0,-0.39422219178824897,0.0,-0.3026875277812725,0.0,-0.31421297729543163,Other,Computational_Prediction,0.022906,1967.0,other
TTTY14,Other,0.46866403029568815,0.11142417332436526,0.015062559895058891,3,0.19141908777225475,0.5504504993764338,0.21236171946344692,0.9087401421540127,0.0,-0.3026875277812725,0.0036320685073084305,-0.29034046076053366,Other,Computational_Prediction,0.060527,1819.0,other
TYMP,Other,0.9852856994838324,0.038434196783525,-0.7251393133148949,2,0.0,-0.6170492620775301,0.0005752689054032624,-0.3906925833563599,0.1914518977858709,1.0099479624435084,0.0,-0.31421297729543163,Other,Computational_Prediction,0.199399,261.0,other
ULK4,Other,0.9469721506448866,0.05850780058073724,-0.6999541439072228,2,0.1927511743250707,0.5585751370536283,0.00272979313286415,-0.37747332744225065,0.0,-0.3026875277812725,0.0,-0.31421297729543163,Other,Computational_Prediction,0.196014,275.0,other
USF1,Cascade_Core_Uniform,0.0008249336560373077,0.7896410037676832,0.951970177241342,4,0.7656697890862958,4.052909760892625,0.801632845010964,4.52426031692042,0.8530603540200469,5.546078187995651,0.7556791399401763,4.652643437169059,Other,Computational_Prediction,0.413138,30.0,tf
USF2,Cascade_Core_Uniform,0.0017077118657020662,0.5744026116770838,0.9303159984462179,4,0.5557786636481454,2.7727456887918542,0.5535585193934521,3.0021804283490594,0.6488956696250362,4.146281091770624,0.5580009952370797,3.353363214751191,Other,Computational_Prediction,0.312516,62.0,tf
USP9Y,Other,0.9956361877238261,0.04453904665037103,-0.730350197315873,2,0.14837234990785855,0.2879006315813874,0.00010936671205385217,-0.3935511635692586,0.0,-0.3026875277812725,0.0,-0.31421297729543163,Other,Computational_Prediction,0.038296,1881.0,other
UTRN,Other,0.5010447933468909,0.12435077185557032,-0.003194529647706279,3,0.23770854864904767,0.8327783234217931,0.21214626704070083,0.9074182165626017,0.0,-0.3026875277812725,6.56200272323113e-06,-0.3141698471842575,Other,Computational_Prediction,0.221989,185.0,other
UVRAG,Other,0.5015504343050842,0.10231469177726375,-0.004286449130530556,2,0.1748762789069891,0.4495529053655632,0.1994072324206681,0.8292568496146092,0.0,-0.3026875277812725,0.0,-0.31421297729543163,Other,Computational_Prediction,0.198356,266.0,other
VAV3,Other,0.5013521172933373,0.13362304575356398,-0.029250018852676973,3,0.2828201300370206,1.1079220466639192,0.19392905381389067,0.7956450461253842,0.0,-0.3026875277812725,0.0011789731559405264,-0.3064639339878074,Other,Computational_Prediction,0.226807,170.0,other
VPS13B,Other,0.4751487901190701,0.12763510890190352,0.011654589872458487,3,0.23886346112833634,0.8398223442650748,0.2208420143161026,0.9607716702545218,0.0,-0.3026875277812725,0.0030622679375078604,-0.2940855920808233,Other,Computational_Prediction,0.22941,162.0,other
VTI1A,Other,0.8832249043112399,0.05406423106998923,-0.6503877467851553,3,0.17481503354823894,0.44917935880569215,0.006114692870930874,-0.3567050040645003,0.0,-0.3026875277812725,0.0003641911511393277,-0.31181925612526573,Other,Computational_Prediction,0.195332,278.0,other
WDPCP,Other,0.9741991938216081,0.055790420569691204,-0.7186309514164593,2,0.18506488180192596,0.5116950437898176,0.0010838241164536748,-0.38757230213805494,0.0,-0.3026875277812725,0.0,-0.31421297729543163,Other,Computational_Prediction,0.050672,1842.0,other
WWOX,Other,0.5002781733098366,0.14077491783825757,-0.0007708639166166265,2,0.2494764068660422,0.9045526267112928,0.26372798311377965,1.2239019657671955,0.0,-0.3026875277812725,0.0,-0.31421297729543163,Other,Computational_Prediction,0.23133,153.0,other
XYLT1,Other,0.9229370625901625,0.06105779483898485,-0.6809626379050691,2,0.19973095788834752,0.6011461039303555,0.004554029889922404,-0.3662805767494921,0.0,-0.3026875277812725,0.0,-0.31421297729543163,Other,Computational_Prediction,0.188992,329.0,other
YES1,Other,1.0000000000007214,0.04297783683580228,-0.7320508075688774,1,0.14325945611934093,0.2567161643064421,0.0,-0.39422219178824897,0.0,-0.3026875277812725,0.0,-0.31421297729543163,Other,Computational_Prediction,0.173234,442.0,other
YY1,Cascade_Core_Uniform,0.0007712728027531313,0.7925672195153961,0.9540597471718122,4,0.825410261878592,4.417277748149653,0.802512153375877,4.529655383801102,0.728143882846378,4.689623928348716,0.7947493041542945,4.909440119100012,Other,Computational_Prediction,0.440499,23.0,tf
ZBTB16,Other,0.9754573265280482,0.055947197751420395,-0.7204588822284366,3,0.18583591712190559,0.516397728159622,0.00017498673928616348,-0.39314854663786447,0.0007633796501358882,-0.2974536323074106,0.0,-0.31421297729543163,Other,Computational_Prediction,0.288631,76.0,tf
ZBTB20,Other,0.48570457672829204,0.16735945010417178,-0.05087536786340685,3,0.37588682732636663,1.6755527262850394,0.21079886914819734,0.8991511489046409,0.0,-0.3026875277812725,0.007574738476849801,-0.2644264522967254,Other,Computational_Prediction,0.284816,80.0,other
ZBTB33,Other,0.0007218660620564865,0.11811429915076747,0.9553715917655061,4,0.12117394228718605,0.1220126066272458,0.1235657922798038,0.3639256208735829,0.11004259833434497,0.45178825271878187,0.1154485949111669,0.4445966336471658,Other,Computational_Prediction,0.091776,1764.0,other
ZBTB7A,Other,0.0028323836816444015,0.3664124984278535,0.911149107269655,4,0.33049854815689744,1.39872137304921,0.38299566360986703,1.955678369422708,0.34221500401922667,2.0436123248608995,0.4122840690978886,2.395608777665915,Other,Computational_Prediction,0.257981,111.0,tf
ZC3H12C,Other,1.0000000000007214,0.03772528175599193,-0.7320508075688774,1,0.12575093918663977,0.1499285415033197,0.0,-0.39422219178824897,0.0,-0.3026875277812725,0.0,-0.31421297729543163,Other,Computational_Prediction,0.164098,509.0,other
ZCCHC7,Other,0.8892774495643074,0.0483850364464568,-0.6509999806684985,2,0.15647861060529009,0.33734218697002777,0.0057658130594790856,-0.35884558408307937,0.0,-0.3026875277812725,0.0,-0.31421297729543163,Other,Computational_Prediction,0.188346,335.0,other
ZEB1,Other,0.010537974635193126,0.4299051243772933,0.8303181969358666,4,0.517707017515079,2.5405398085120425,0.43411913315944023,2.269350510389732,0.3177157668520432,1.8756402725543366,0.41008032985000353,2.381124248663259,Other,Computational_Prediction,0.506398,14.0,tf
ZEB2,Other,0.9514013591094151,0.0752792405575515,-0.7032137997744432,2,0.0037665895631346685,-0.5940761486454634,0.2965970547544444,1.425572786702546,0.0,-0.3026875277812725,0.0,-0.31421297729543163,Other,Computational_Prediction,0.271119,94.0,tf
ZFAND3,Other,0.20590902455514493,0.2132632292709068,0.41961380384680347,4,0.2663593462057953,1.0075247382243044,0.2865167249044408,1.3637241157582083,0.0004440288509386398,-0.2996431702420348,0.24654975365148107,1.3062859364438613,Other,Computational_Prediction,0.263281,106.0,other
ZNF143,Other,0.0004997735096035072,0.42164864850085576,0.9628195045568569,4,0.40092414871685506,1.8282598940551609,0.42737011335859704,2.22794135899584,0.44511267505509344,2.7491009432825297,0.4220253621405253,2.4596354277039563,Other,Computational_Prediction,0.264057,105.0,other
ZNF263,Cascade_Core_Uniform,0.0005091870059301673,0.4856816006911976,0.9623957642085629,4,0.4677636147885668,2.2359259298858083,0.5093874917291423,2.7311655512632496,0.46807202891655864,2.9065152236303557,0.49756495015612096,2.9561348908371707,Other,Computational_Prediction,0.261598,109.0,other
ZNF385D,HSC_Initiator,0.9991365589781747,0.11551191823744605,-0.7317753197748937,2,0.3850014491089347,1.731144458962984,4.593401906261791e-05,-0.393940359936273,0.0,-0.3026875277812725,0.0,-0.31421297729543163,Other,Computational_Prediction,0.248099,128.0,other
ZNF521,Other,1.0000000000007214,0.05663959840543334,-0.7320508075688772,1,0.18879866135144446,0.5344680429933818,0.0,-0.39422219178824897,0.0,-0.3026875277812725,0.0,-0.31421297729543163,Other,Computational_Prediction,0.178595,396.0,other
ZNF609,Other,0.9228993402693559,0.06897698377544825,-0.6809311908415561,2,0.22563336997118186,0.7591296168586552,0.005147891136374822,-0.36263689352037465,0.0,-0.3026875277812725,0.0,-0.31421297729543163,Other,Computational_Prediction,0.194034,290.0,other
ZNF804A,Other,0.9410978224159928,0.08065439572157422,-0.6955113201502596,2,0.2652744284222211,1.0009076277351607,0.004288268779631544,-0.3679111753216386,0.0,-0.3026875277812725,0.0,-0.31421297729543163,Other,Computational_Prediction,0.194383,287.0,other
ZNF804B,Other,1.0000000000007214,0.08301556835146086,-0.7320508075688776,1,0.2767185611715362,1.0707074706367707,0.0,-0.39422219178824897,0.0,-0.3026875277812725,0.0,-0.31421297729543163,Other,Computational_Prediction,0.203967,247.0,other
ZSWIM6,Other,0.9388742324473904,0.05111767311383434,-0.696180697574579,4,0.16818412979641387,0.4087362732253728,0.0024968420361894447,-0.3789026175487,7.765036555823504e-05,-0.3021551401327851,9.07743710046973e-05,-0.31361634409085576,Other,Computational_Prediction,0.197828,269.0,other
