gene,driver_score,evidence_count,gene_category,category_multiplier,geneWeight_norm,geneWeight_raw,DREM_norm,DREM_raw,DREM_trajectories,dynamic_norm,dynamic_qval,dynamic_log2fc,dynamic_track_count,dynamic_direction,network_norm,is_HC_marker,is_MFVS_driver,rank
JUN,1.008796,4,tf,1.3,0.8938,1.711644,0.9694,1989.995,81,0.0105,1.8651695140700103e-13,0.7065,5,increasing,0.7282,False,True,1
FOS,0.941798,4,tf,1.3,0.809,1.549771,0.9565,1963.6755,81,0.0157,5.1204035149836955e-17,0.7989,6,increasing,0.6409,False,True,2
SPI1,0.911633,4,tf,1.56,0.4884,0.9377,0.9957,2043.7058,81,0.0018,8.754228050069762e-09,0.2113,2,increasing,0.6349,False,True,3
JUND,0.844552,4,tf,1.3,0.6275,1.203275,0.7473,1536.6415,81,0.2735,0.0,0.6805,7,increasing,0.724,False,True,4
TCF12,0.832376,4,tf,1.56,0.4001,0.769037,0.7504,1543.0412,81,0.2629,0.0,0.8332,4,increasing,0.6376,False,True,5
GATA2,0.75566,4,tf,1.56,0.2887,0.55646,0.9728,1996.826,81,0.0004,0.00045487911074550445,0.12,2,increasing,0.6246,False,True,6
GATA1,0.725056,4,tf,1.56,0.3394,0.653154,0.8054,1655.2429,81,0.0004,0.00019121072622069532,0.1278,1,increasing,0.6697,False,True,7
TCF4,0.71037,4,tf,1.56,0.3057,0.58878,0.7846,1612.8633,81,0.108,0.0,0.3076,3,increasing,0.5595,False,True,8
EBF1,0.650199,3,tf,1.56,0.2712,0.522952,0.8848,1817.3506,81,0.0,1.0,0.0,0,N/A,0.4923,False,True,9
PAX5,0.636755,3,tf,1.56,0.2743,0.528834,0.8457,1737.5145,81,0.0,1.0,0.0,0,N/A,0.4994,False,True,10
EGR1,0.604601,4,tf,1.3,0.3153,0.607173,0.8367,1719.2252,81,0.0036,3.052811115383162e-08,0.5399,1,decreasing,0.6839,False,True,11
BCL11A,0.603706,4,tf,1.56,0.2865,0.552263,0.7444,1530.6726,81,0.0017,5.812314985903793e-05,0.3966,2,decreasing,0.3548,False,True,12
IRF4,0.56723,3,tf,1.56,0.2655,0.512158,0.746,1533.9439,81,0.0,1.0,0.0,0,N/A,0.3785,False,True,13
ZEB1,0.506398,4,tf,1.3,0.3883,0.746547,0.415,858.5975,81,0.1609,0.0,0.4493,4,increasing,0.4746,False,True,14
MYC,0.503938,2,tf,1.56,0.0,0.0,0.8388,1723.4682,81,0.0,1.0,0.0,0,N/A,0.9795,False,True,15
ESR1,0.501131,4,tf,1.3,0.2778,0.535591,0.6473,1332.5782,81,0.0005,0.00018940188383523063,0.1426,1,increasing,0.6217,False,True,16
NR3C2,0.487086,4,tf,1.3,0.273,0.526435,0.7348,1511.2253,81,0.0001,0.027823834573095375,0.0857,1,increasing,0.3289,False,True,17
PBX3,0.476621,4,tf,1.3,0.3209,0.617879,0.4367,902.7724,81,0.178,0.0,0.5557,3,increasing,0.4568,False,True,18
MEF2C,0.462159,4,tf,1.3,0.3507,0.674858,0.5379,1109.3515,81,0.0054,7.130698418775334e-15,0.2843,5,decreasing,0.3328,False,True,19
TBP,0.44715,2,tf,1.3,0.0,0.0,0.9309,1911.3234,81,0.0,1.0,0.0,0,N/A,0.9486,False,True,20
TAF1,0.44299,2,tf,1.3,0.0,0.0,0.9518,1954.0102,81,0.0,1.0,0.0,0,N/A,0.8659,False,True,21
CEBPB,0.441908,2,tf,1.56,0.0,0.0,0.8016,1647.5207,81,0.0,1.0,0.0,0,N/A,0.6938,False,True,22
YY1,0.440499,2,tf,1.3,0.0,0.0,0.9717,1994.5579,81,0.0,1.0,0.0,0,N/A,0.798,False,True,23
RAD21,0.43893,2,tf,1.3,0.0,0.0,1.0,2052.4028,81,0.0,1.0,0.0,0,N/A,0.7156,False,True,24
CTCF,0.437614,2,tf,1.3,0.0,0.0,1.0,2052.4028,81,0.0,1.0,0.0,0,N/A,0.706,False,True,25
GATA3,0.417774,2,tf,1.56,0.0,0.0,0.7859,1615.4831,81,0.0,1.0,0.0,0,N/A,0.5857,False,True,26
HNF4A,0.414699,2,tf,1.3,0.0,0.0,0.8152,1675.3329,81,0.0,1.0,0.0,0,N/A,1.0,False,True,27
RUNX1,0.413626,3,tf,1.56,0.3997,0.7684,0.0,0.0,0,0.3194,0.0,1.0879,4,increasing,0.1727,False,False,28
SMC3,0.413255,2,tf,1.3,0.0,0.0,0.9159,1880.7529,81,0.0,1.0,0.0,0,N/A,0.7378,False,True,29
USF1,0.413138,2,tf,1.3,0.0,0.0,0.9688,1988.8313,81,0.0,1.0,0.0,0,N/A,0.6045,False,True,30
FOXA1,0.412407,2,tf,1.3,0.0,0.0,0.984,2019.653,81,0.0,1.0,0.0,0,N/A,0.5614,False,True,31
RACK1,0.406314,3,other,1.0,0.751,1.439028,0.0,0.0,0,0.3202,0.0,0.7227,9,increasing,0.0493,False,False,32
MAX,0.394429,2,tf,1.3,0.0,0.0,0.8345,1714.7093,81,0.0,1.0,0.0,0,N/A,0.8033,False,True,33
NFKB1,0.3871,2,tf,1.3,0.0,0.0,0.8494,1745.15,81,0.0,1.0,0.0,0,N/A,0.7123,False,True,34
HSP90AB1,0.384547,3,other,1.0,0.629,1.206026,0.0,0.0,0,0.3419,0.0,0.8458,8,increasing,0.2962,False,False,35
E2F1,0.381557,2,tf,1.3,0.0,0.0,0.8165,1677.8903,81,0.0,1.0,0.0,0,N/A,0.7541,False,True,36
ATP5F1E,0.381123,2,other,1.0,0.737,1.412279,0.0,0.0,0,0.3409,0.0,0.7842,9,decreasing,0.0,False,False,37
FOXA2,0.378266,2,tf,1.3,0.0,0.0,0.9016,1851.6584,81,0.0,1.0,0.0,0,N/A,0.5171,False,True,38
EEF1G,0.376599,3,other,1.0,0.7054,1.352026,0.0,0.0,0,0.2305,0.0,0.5918,6,increasing,0.141,False,False,39
MAFF,0.375687,2,tf,1.3,0.0,0.0,0.9112,1871.0955,81,0.0,1.0,0.0,0,N/A,0.4744,False,True,40
MEIS1,0.367582,3,tf,1.56,0.3465,0.666764,0.0,0.0,0,0.2874,0.0,1.0409,3,increasing,0.1813,False,False,41
TAL1,0.366307,2,tf,1.56,0.0,0.0,0.6999,1440.0139,81,0.0,1.0,0.0,0,N/A,0.4865,False,True,42
STAT3,0.362573,2,tf,1.3,0.0,0.0,0.7419,1525.7042,81,0.0,1.0,0.0,0,N/A,0.8014,False,True,43
ERG,0.35921,3,tf,1.56,0.3318,0.638608,0.0,0.0,0,0.2625,0.0,0.8313,4,increasing,0.2413,False,False,44
SNHG6,0.352737,3,other,1.0,0.7124,1.365359,0.0,0.0,0,0.1183,0.0,0.29,5,increasing,0.1204,False,False,45
MAFK,0.351204,2,tf,1.3,0.0,0.0,0.7978,1639.7914,81,0.0,1.0,0.0,0,N/A,0.5784,False,True,46
MT2A,0.350191,3,other,1.0,0.6258,1.199928,0.0,0.0,0,0.2701,0.0,0.5821,9,increasing,0.1403,False,False,47
E2F6,0.350067,2,tf,1.3,0.0,0.0,0.7851,1613.7733,81,0.0,1.0,0.0,0,N/A,0.6019,False,True,48
NME2,0.349702,3,other,1.0,0.6579,1.261227,0.0,0.0,0,0.1985,0.0,0.4576,7,increasing,0.1507,False,False,49
GAS5,0.347779,3,other,1.0,0.6634,1.271736,0.0,0.0,0,0.1791,0.0,0.5111,4,increasing,0.15,False,False,50
ARHGAP15,0.340888,3,other,1.0,0.5204,0.99881,0.0,0.0,0,0.4667,0.0,1.3083,8,increasing,0.084,False,False,51
SNHG29,0.339131,2,other,1.0,0.6994,1.340465,0.0,0.0,0,0.2162,0.0,0.5074,7,increasing,0.0,False,False,52
MBNL1,0.337583,3,other,1.0,0.5471,1.049726,0.0,0.0,0,0.3624,0.0,0.8506,9,increasing,0.1557,False,False,53
ELMO1,0.337322,3,other,1.0,0.5147,0.987943,0.0,0.0,0,0.4507,0.0,1.6368,5,increasing,0.1062,False,False,54
SRGN,0.334444,3,other,1.0,0.5044,0.968256,0.0,0.0,0,0.4576,0.0,1.2712,8,increasing,0.1075,False,False,55
MEF2A,0.332553,2,tf,1.3,0.0,0.0,0.7676,1578.1485,81,0.0,1.0,0.0,0,N/A,0.5172,False,True,56
POLR2A,0.330312,2,other,1.0,0.0,0.0,0.9539,1958.3175,81,0.0,1.0,0.0,0,N/A,0.7611,False,True,57
AHSP,0.329428,3,other,1.0,0.6776,1.298837,0.0,0.0,0,0.1192,4.563492192287169e-70,1.4013,9,decreasing,0.0462,False,False,58
HEY1,0.317464,2,tf,1.3,0.0,0.0,0.7971,1638.2664,81,0.0,1.0,0.0,0,N/A,0.3331,False,True,59
CDK6,0.316377,3,other,1.0,0.6033,1.157056,0.0,0.0,0,0.1495,0.0,0.4116,4,increasing,0.1639,False,False,60
ETV6,0.314933,3,tf,1.3,0.3771,0.725162,0.0,0.0,0,0.2792,0.0,0.9033,4,increasing,0.1355,False,False,61
USF2,0.312516,2,tf,1.3,0.0,0.0,0.6782,1395.6373,81,0.0,1.0,0.0,0,N/A,0.594,False,True,62
SP1,0.306617,2,other,1.0,0.0,0.0,0.9017,1851.8691,81,0.0,1.0,0.0,0,N/A,0.6658,False,True,63
LRBA,0.305045,3,other,1.0,0.4846,0.930455,0.0,0.0,0,0.3612,0.0,1.1748,5,increasing,0.1123,False,False,64
FTH1,0.302362,3,other,1.0,0.5566,1.0679,0.0,0.0,0,0.1774,0.0,0.4304,6,increasing,0.1674,False,False,65
EP300,0.300763,2,other,1.0,0.0,0.0,0.7696,1582.2849,81,0.0,1.0,0.0,0,N/A,0.9403,False,True,66
DPYD,0.299929,3,other,1.0,0.4633,0.889793,0.0,0.0,0,0.3845,0.0,0.9922,8,increasing,0.1044,False,False,67
HBA2,0.299527,3,hemoglobin,0.45,1.0,1.91444,0.0,0.0,0,1.0,0.0,4.0183,10,decreasing,0.0511,False,False,68
TNFAIP3,0.297737,3,other,1.0,0.5537,1.062432,0.0,0.0,0,0.1532,0.0,0.3162,8,increasing,0.1853,False,False,69
HIST1H4C,0.296818,3,other,1.0,0.6058,1.161735,0.0,0.0,0,0.003,1.8989088952944105e-10,0.2292,5,increasing,0.2693,False,False,70
ATP5MC2,0.295693,2,other,1.0,0.6075,1.164994,0.0,0.0,0,0.1931,0.0,0.5152,5,decreasing,0.0,False,False,71
S100A11,0.293292,3,other,1.0,0.5415,1.039052,0.0,0.0,0,0.2043,0.0,0.4737,7,increasing,0.0918,False,False,72
FOSL2,0.291306,2,tf,1.3,0.0,0.0,0.6648,1368.2887,81,0.0,1.0,0.0,0,N/A,0.4722,False,True,73
SSH2,0.291262,3,other,1.0,0.4944,0.949128,0.0,0.0,0,0.2739,0.0,0.5923,9,increasing,0.1224,False,False,74
S100A9,0.289267,3,other,1.0,0.4596,0.882622,0.0,0.0,0,0.3673,0.0,0.8086,10,decreasing,0.0569,False,False,75
ZBTB16,0.288631,3,tf,1.56,0.3346,0.644056,0.0,0.0,0,0.1375,0.0,0.3731,4,increasing,0.0686,False,False,76
HSP90AA1,0.287351,3,other,1.0,0.409,0.786029,0.0,0.0,0,0.3805,0.0,0.978,8,increasing,0.2154,False,False,77
CELF2,0.285277,3,other,1.0,0.5463,1.048177,0.0,0.0,0,0.161,0.0,0.3346,8,increasing,0.0864,False,False,78
ELF1,0.285094,2,other,1.0,0.0,0.0,0.8671,1781.0836,81,0.0,1.0,0.0,0,N/A,0.5475,False,True,79
ZBTB20,0.284816,3,other,1.0,0.4097,0.7875,0.0,0.0,0,0.3873,0.0,1.3005,5,increasing,0.1757,False,False,80
SIK3,0.281574,3,other,1.0,0.4133,0.794376,0.0,0.0,0,0.3792,0.0,1.1485,6,increasing,0.1479,False,False,81
ATP5MG,0.281343,2,other,1.0,0.664,1.273025,0.0,0.0,0,0.0116,1.8010284621696983e-15,0.5729,7,decreasing,0.0,False,False,82
CHST11,0.280506,3,other,1.0,0.4304,0.827001,0.0,0.0,0,0.3564,0.0,1.1525,5,increasing,0.1156,False,False,83
HDAC2,0.28026,2,other,1.0,0.0,0.0,0.759,1560.5226,81,0.0,1.0,0.0,0,N/A,0.7717,False,True,84
MAML3,0.278433,3,other,1.0,0.4124,0.792641,0.0,0.0,0,0.3638,0.0,1.1872,5,increasing,0.1538,False,False,85
TRIM28,0.276658,2,other,1.0,0.0,0.0,0.8116,1667.8167,81,0.0,1.0,0.0,0,N/A,0.606,False,True,86
CUX1,0.276452,3,tf,1.3,0.3639,0.700035,0.0,0.0,0,0.1729,0.0,0.4897,4,increasing,0.1318,False,False,87
PRKCH,0.276257,3,other,1.0,0.4621,0.887533,0.0,0.0,0,0.2901,0.0,0.8665,5,increasing,0.0827,False,False,88
CALR,0.274826,3,other,1.0,0.4969,0.953975,0.0,0.0,0,0.1813,0.0,0.4109,7,increasing,0.1481,False,False,89
INPP4B,0.27344,3,other,1.0,0.4096,0.787173,0.0,0.0,0,0.3818,0.0,1.411,4,increasing,0.0839,False,False,90
FHIT,0.273022,3,other,1.0,0.4464,0.857418,0.0,0.0,0,0.2842,0.0,0.9255,4,increasing,0.1281,False,False,91
HBA1,0.27284,3,hemoglobin,0.45,0.906,1.734955,0.0,0.0,0,0.9169,0.0,3.3889,10,decreasing,0.0541,False,False,92
S100A10,0.272247,3,other,1.0,0.5873,1.126471,0.0,0.0,0,0.003,4.933111641403087e-09,0.2527,6,increasing,0.1198,False,False,93
ZEB2,0.271119,3,tf,1.3,0.3768,0.724524,0.0,0.0,0,0.1382,0.0,0.3754,4,increasing,0.1124,False,False,94
MLLT3,0.270853,3,other,1.0,0.476,0.914065,0.0,0.0,0,0.2105,0.0,0.6863,3,increasing,0.1372,False,False,95
REST,0.270546,2,other,1.0,0.0,0.0,0.7829,1609.2809,81,0.0,1.0,0.0,0,N/A,0.6195,False,True,96
NKG7,0.269659,3,other,1.0,0.5864,1.124827,0.0,0.0,0,0.0053,6.873390745454344e-13,0.3609,4,increasing,0.0951,False,False,97
S100A6,0.268894,3,other,1.0,0.4096,0.787246,0.0,0.0,0,0.3471,0.0,1.1098,5,increasing,0.1119,False,False,98
FTL,0.267426,3,other,1.0,0.4109,0.789764,0.0,0.0,0,0.302,0.0,0.7184,8,increasing,0.1834,False,False,99
THRB,0.26695,3,tf,1.3,0.3339,0.642609,0.0,0.0,0,0.1947,0.0,0.688,2,increasing,0.1421,False,False,100
ATF3,0.266696,4,other,1.0,0.2763,0.532686,0.2886,600.5085,81,0.0,0.03988811736239725,0.0796,1,increasing,0.4925,False,True,101
BATF,0.265774,2,other,1.0,0.0,0.0,0.8582,1763.109,81,0.0,1.0,0.0,0,N/A,0.3856,False,True,102
PBX1,0.265768,3,tf,1.56,0.3005,0.578911,0.0,0.0,0,0.1228,0.0,0.3913,2,increasing,0.1013,False,False,103
SKAP1,0.26499,3,other,1.0,0.4775,0.916822,0.0,0.0,0,0.2002,0.0,0.5383,5,increasing,0.0988,False,False,104
ZNF143,0.264057,2,other,1.0,0.0,0.0,0.6687,1376.2673,81,0.0,1.0,0.0,0,N/A,0.8431,False,True,105
ZFAND3,0.263281,3,other,1.0,0.4268,0.819987,0.0,0.0,0,0.2745,0.0,0.8048,5,increasing,0.1375,False,False,106
STAT1,0.262864,2,tf,1.3,0.0,0.0,0.4957,1023.2041,81,0.0,1.0,0.0,0,N/A,0.6865,False,True,107
DUSP2,0.262586,3,other,1.0,0.4711,0.904718,0.0,0.0,0,0.1851,0.0,0.5322,4,increasing,0.1324,False,False,108
ZNF263,0.261598,2,other,1.0,0.0,0.0,0.7799,1603.2378,81,0.0,1.0,0.0,0,N/A,0.5416,False,True,109
FCHSD2,0.259532,3,other,1.0,0.3942,0.757868,0.0,0.0,0,0.3043,0.0,0.8472,6,increasing,0.1739,False,False,110
ZBTB7A,0.257981,2,tf,1.3,0.0,0.0,0.5393,1112.2835,81,0.0,1.0,0.0,0,N/A,0.5416,False,True,111
AHR,0.257427,3,tf,1.3,0.3168,0.610095,0.0,0.0,0,0.0997,0.0,0.3077,2,increasing,0.3335,False,False,112
RNASEK,0.257371,3,other,1.0,0.5502,1.05576,0.0,0.0,0,0.0026,5.677898563687412e-10,0.2079,5,decreasing,0.1335,False,False,113
TBC1D5,0.257346,3,other,1.0,0.3881,0.746118,0.0,0.0,0,0.3229,0.0,1.0028,5,increasing,0.1415,False,False,114
PLXDC2,0.256776,3,other,1.0,0.399,0.766997,0.0,0.0,0,0.3328,0.0,1.1536,4,increasing,0.0726,False,False,115
GNLY,0.256096,3,other,1.0,0.5745,1.102041,0.0,0.0,0,0.0048,4.34116206474552e-09,0.3917,7,decreasing,0.0207,False,False,116
LGALS1,0.255827,3,other,1.0,0.5454,1.046531,0.0,0.0,0,0.0045,4.916667673594045e-12,0.281,6,increasing,0.135,False,False,117
STXBP5,0.255287,3,other,1.0,0.3989,0.766818,0.0,0.0,0,0.3025,0.0,1.0084,4,increasing,0.1201,False,False,118
CCL5,0.25383,3,other,1.0,0.5533,1.06157,0.0,0.0,0,0.0049,1.0124939775479902e-10,0.4095,4,decreasing,0.0846,False,False,119
JARID2,0.252178,3,tf,1.3,0.3312,0.637616,0.0,0.0,0,0.1522,0.0,0.4593,3,increasing,0.1341,False,False,120
FOXO3,0.251997,3,tf,1.3,0.3184,0.613061,0.0,0.0,0,0.1643,0.0,0.393,6,decreasing,0.1601,False,False,121
RNF220,0.251964,3,other,1.0,0.3703,0.712142,0.0,0.0,0,0.3594,0.0,1.4399,3,increasing,0.0908,False,False,122
HIF1A,0.249628,3,tf,1.3,0.3091,0.595339,0.0,0.0,0,0.142,0.0,0.3574,5,increasing,0.2253,False,False,123
NKAIN2,0.249118,3,other,1.0,0.3728,0.717021,0.0,0.0,0,0.3542,0.0,1.4089,3,increasing,0.065,False,False,124
MXI1,0.248486,2,tf,1.3,0.0,0.0,0.481,993.1931,81,0.0,1.0,0.0,0,N/A,0.618,False,True,125
SYTL3,0.248372,3,other,1.0,0.4817,0.924972,0.0,0.0,0,0.1217,0.0,0.3239,4,increasing,0.0876,False,False,126
SNHG5,0.248365,3,other,1.0,0.5321,1.021097,0.0,0.0,0,0.002,5.0465029245046515e-05,0.3665,5,decreasing,0.1255,False,False,127
ZNF385D,0.248099,3,other,1.0,0.3821,0.734712,0.0,0.0,0,0.3438,0.0,1.3474,3,increasing,0.0395,False,False,128
SMYD3,0.24779,3,other,1.0,0.392,0.753678,0.0,0.0,0,0.291,0.0,1.0593,3,increasing,0.1025,False,False,129
STAG1,0.247098,3,other,1.0,0.3646,0.701243,0.0,0.0,0,0.2666,0.0,0.8488,4,increasing,0.2549,False,False,130
SIN3A,0.246707,2,other,1.0,0.0,0.0,0.6807,1400.7461,81,0.0,1.0,0.0,0,N/A,0.6479,False,True,131
SETDB1,0.246349,2,other,1.0,0.0,0.0,0.7279,1497.1195,81,0.0,1.0,0.0,0,N/A,0.5264,False,True,132
POL2,0.244904,1,other,1.0,0.0,0.0,0.9796,2010.8026,81,0.0,1.0,0.0,0,N/A,0.0,False,False,133
GNAQ,0.244024,3,other,1.0,0.4023,0.773269,0.0,0.0,0,0.2554,0.0,0.8018,4,increasing,0.0984,False,False,134
CBLB,0.243618,3,other,1.0,0.4506,0.865563,0.0,0.0,0,0.1434,0.0,0.3356,6,increasing,0.1253,False,False,135
CNST,0.24241,3,other,1.0,0.4067,0.781631,0.0,0.0,0,0.2018,0.0,0.5922,4,increasing,0.1735,False,False,136
IMMP2L,0.241772,3,other,1.0,0.3744,0.720046,0.0,0.0,0,0.2921,0.0,1.0651,3,increasing,0.116,False,False,137
LYZ,0.241653,3,other,1.0,0.5317,1.020268,0.0,0.0,0,0.0046,6.004809861716394e-08,0.5679,4,increasing,0.061,False,False,138
RPS10,0.241532,3,ribosomal,0.55,0.8413,1.611396,0.0,0.0,0,0.225,3.2003922346984853e-97,1.9306,11,decreasing,0.1771,False,False,139
RABGAP1L,0.241167,3,other,1.0,0.391,0.751632,0.0,0.0,0,0.2403,0.0,0.6237,6,increasing,0.148,False,False,140
PRKG1,0.241029,3,other,1.0,0.3694,0.71041,0.0,0.0,0,0.3004,0.0,1.243,2,increasing,0.1129,False,False,141
EXOC4,0.240962,3,other,1.0,0.37,0.711585,0.0,0.0,0,0.2854,0.0,0.8479,5,increasing,0.1398,False,False,142
POU2F2,0.236977,2,other,1.0,0.0,0.0,0.6914,1422.5623,81,0.0,1.0,0.0,0,N/A,0.5285,False,True,143
ELOB,0.235117,3,other,1.0,0.5123,0.98338,0.0,0.0,0,0.0065,4.449599730066314e-13,0.4136,5,decreasing,0.075,False,False,144
BLVRB,0.235081,3,other,1.0,0.4926,0.945707,0.0,0.0,0,0.014,3.760076206340187e-17,0.6803,6,decreasing,0.1387,False,False,145
JUNB,0.234864,2,tf,1.3,0.0,0.0,0.5193,1071.3114,81,0.0,1.0,0.0,0,N/A,0.4225,False,True,146
SESN3,0.23307,3,other,1.0,0.428,0.822384,0.0,0.0,0,0.1544,0.0,0.394,5,increasing,0.098,False,False,147
FNDC3B,0.2326,3,other,1.0,0.3739,0.718992,0.0,0.0,0,0.2463,0.0,0.6987,5,increasing,0.1265,False,False,148
ADK,0.232086,3,other,1.0,0.3705,0.712505,0.0,0.0,0,0.2352,0.0,0.6588,5,increasing,0.1575,False,False,149
CST3,0.231628,3,other,1.0,0.5031,0.965673,0.0,0.0,0,0.0002,0.0123002056724694,0.1449,2,decreasing,0.093,False,False,150
ARL15,0.231558,3,other,1.0,0.368,0.707746,0.0,0.0,0,0.2438,0.0,0.7542,4,increasing,0.1456,False,False,151
SSBP2,0.231473,3,other,1.0,0.3527,0.678632,0.0,0.0,0,0.2666,0.0,0.938,3,increasing,0.1603,False,False,152
WWOX,0.23133,3,other,1.0,0.3739,0.718974,0.0,0.0,0,0.2228,0.0,0.7385,3,increasing,0.162,False,False,153
AUTS2,0.231175,3,other,1.0,0.3639,0.699937,0.0,0.0,0,0.2742,0.0,0.8816,4,increasing,0.0976,False,False,154
IGKC,0.231167,3,immunoglobulin,0.55,0.8731,1.672151,0.0,0.0,0,0.1262,7.059091285218728e-68,1.3785,11,decreasing,0.0762,False,False,155
PDE4D,0.23097,3,other,1.0,0.3701,0.711856,0.0,0.0,0,0.2469,0.0,0.7009,5,increasing,0.1255,False,False,156
BACH2,0.230731,3,tf,1.3,0.3782,0.727272,0.0,0.0,0,0.0019,1.7903308374939815e-09,0.223,1,increasing,0.0969,False,False,157
RPL17,0.230106,3,ribosomal,0.55,0.7604,1.456999,0.0,0.0,0,0.3054,0.0,0.6367,10,increasing,0.1511,False,False,158
FOSB,0.229813,3,tf,1.3,0.364,0.700248,0.0,0.0,0,0.0038,1.628975078442889e-08,0.5502,1,decreasing,0.1433,False,False,159
ABCC1,0.229754,3,other,1.0,0.3959,0.761152,0.0,0.0,0,0.1987,0.0,0.6375,3,increasing,0.1076,False,False,160
DOCK8,0.229556,3,other,1.0,0.3798,0.730262,0.0,0.0,0,0.236,0.0,0.5651,7,increasing,0.0959,False,False,161
VPS13B,0.22941,3,other,1.0,0.369,0.70964,0.0,0.0,0,0.2297,0.0,0.6981,4,increasing,0.1503,False,False,162
CCNT2,0.22904,2,other,1.0,0.0,0.0,0.653,1344.1442,81,0.0,1.0,0.0,0,N/A,0.549,False,True,163
TBXAS1,0.228939,3,other,1.0,0.382,0.734442,0.0,0.0,0,0.2172,0.0,0.5956,5,increasing,0.1191,False,False,164
DOCK10,0.22888,3,other,1.0,0.401,0.770904,0.0,0.0,0,0.1999,0.0,0.4967,6,increasing,0.0767,False,False,165
ESYT2,0.228649,3,other,1.0,0.4136,0.794903,0.0,0.0,0,0.1282,0.0,0.375,3,increasing,0.1677,False,False,166
IRAK3,0.2278,3,other,1.0,0.3718,0.714999,0.0,0.0,0,0.2595,0.0,0.7478,5,increasing,0.0647,False,False,167
IRF1,0.227579,2,tf,1.3,0.0,0.0,0.4512,932.3707,81,0.0,1.0,0.0,0,N/A,0.5393,False,True,168
PAN3,0.226919,3,other,1.0,0.3667,0.705389,0.0,0.0,0,0.2377,0.0,0.7295,4,increasing,0.1206,False,False,169
VAV3,0.226807,3,other,1.0,0.3461,0.66597,0.0,0.0,0,0.2914,0.0,0.8718,5,increasing,0.0947,False,False,170
PLCB1,0.226466,3,other,1.0,0.362,0.696397,0.0,0.0,0,0.2626,0.0,0.8318,4,increasing,0.0855,False,False,171
IRF8,0.226272,3,tf,1.56,0.298,0.57408,0.0,0.0,0,0.0009,3.1927649859425025e-06,0.1778,1,increasing,0.1249,False,False,172
GZMH,0.226254,3,other,1.0,0.4447,0.854324,0.0,0.0,0,0.1244,0.0,0.3975,2,increasing,0.0291,False,False,173
HMGA2,0.22616,3,tf,1.3,0.2986,0.575228,0.0,0.0,0,0.1264,0.0,0.405,2,increasing,0.1345,False,False,174
HSPA1A,0.226142,3,other,1.0,0.4175,0.802364,0.0,0.0,0,0.0608,5.817356367661549e-47,1.3398,5,decreasing,0.2641,False,False,175
LMO2,0.225975,3,tf,1.56,0.2965,0.571312,0.0,0.0,0,0.001,6.2351235646655e-06,0.1663,3,decreasing,0.1289,False,False,176
FAF1,0.225957,3,other,1.0,0.3688,0.709349,0.0,0.0,0,0.2061,0.0,0.6681,3,increasing,0.1667,False,False,177
FOSL1,0.225243,2,tf,1.3,0.0,0.0,0.4777,986.4935,81,0.0,1.0,0.0,0,N/A,0.4559,False,True,178
CRIP1,0.225198,3,other,1.0,0.4863,0.933603,0.0,0.0,0,0.0033,2.2914302787912165e-07,0.3645,6,increasing,0.0956,False,False,179
MAP3K5,0.224144,3,other,1.0,0.36,0.692564,0.0,0.0,0,0.2306,0.0,0.7016,4,increasing,0.1364,False,False,180
RPL13A,0.223869,3,ribosomal,0.55,0.6893,1.321289,0.0,0.0,0,0.3864,0.0,0.8652,10,decreasing,0.1702,False,False,181
P2RY8,0.223308,3,other,1.0,0.4283,0.822959,0.0,0.0,0,0.1177,0.0,0.3119,4,increasing,0.0814,False,False,182
SEPTIN7,0.223271,2,other,1.0,0.5299,1.017,0.0,0.0,0,0.0033,2.0342388180824215e-11,0.2665,3,increasing,0.0,False,False,183
STMN1,0.222587,3,other,1.0,0.3881,0.746232,0.0,0.0,0,0.1636,0.0,0.458,4,increasing,0.1439,False,False,184
UTRN,0.221989,3,other,1.0,0.368,0.707712,0.0,0.0,0,0.2449,0.0,0.6938,5,increasing,0.0564,False,False,185
LYN,0.221759,3,other,1.0,0.3627,0.697743,0.0,0.0,0,0.221,0.0,0.6089,5,increasing,0.123,False,False,186
RFX5,0.221434,2,other,1.0,0.0,0.0,0.6175,1271.8854,81,0.0,1.0,0.0,0,N/A,0.565,False,True,187
NOP53,0.22109,3,other,1.0,0.4818,0.925074,0.0,0.0,0,0.0032,3.000503938877548e-11,0.2223,5,increasing,0.0763,False,False,188
CALN1,0.220682,3,other,1.0,0.3223,0.620521,0.0,0.0,0,0.3328,0.0,1.2845,3,increasing,0.0514,False,False,189
IQGAP2,0.220377,3,other,1.0,0.3466,0.666937,0.0,0.0,0,0.2373,0.0,0.6661,5,increasing,0.1425,False,False,190
NCOA2,0.220287,3,other,1.0,0.3437,0.66137,0.0,0.0,0,0.201,0.0,0.5893,4,increasing,0.226,False,False,191
RAPGEF2,0.220071,3,other,1.0,0.3416,0.657426,0.0,0.0,0,0.2418,0.0,0.8228,3,increasing,0.1505,False,False,192
SOX4,0.219778,3,tf,1.3,0.3545,0.682027,0.0,0.0,0,0.0028,4.3968365031842804e-06,0.4533,4,decreasing,0.1133,False,False,193
RERE,0.219736,3,other,1.0,0.3443,0.662614,0.0,0.0,0,0.2312,0.0,0.7752,3,increasing,0.1579,False,False,194
RPS20,0.219621,3,ribosomal,0.55,0.6953,1.332667,0.0,0.0,0,0.3228,0.0,0.7303,9,decreasing,0.2033,False,False,195
GAB2,0.219618,3,other,1.0,0.3643,0.700751,0.0,0.0,0,0.198,0.0,0.5311,5,increasing,0.1434,False,False,196
MED12L,0.219305,3,other,1.0,0.3531,0.679337,0.0,0.0,0,0.2591,0.0,0.9024,3,increasing,0.0632,False,False,197
MED13L,0.218912,3,other,1.0,0.3699,0.71145,0.0,0.0,0,0.203,0.0,0.5476,5,increasing,0.1045,False,False,198
CDKAL1,0.217871,3,other,1.0,0.3575,0.687838,0.0,0.0,0,0.2234,0.0,0.7413,3,increasing,0.1036,False,False,199
SNX9,0.217702,3,other,1.0,0.3861,0.742305,0.0,0.0,0,0.1591,0.0,0.4082,5,increasing,0.1167,False,False,200
CDC42SE2,0.217667,3,other,1.0,0.3486,0.670853,0.0,0.0,0,0.233,0.0,0.6509,5,increasing,0.1181,False,False,201
HDAC8,0.217231,4,other,1.0,0.3053,0.588069,0.029,70.757,81,0.1402,0.0,0.4163,3,increasing,0.315,False,True,202
ATG7,0.217176,3,other,1.0,0.3669,0.705743,0.0,0.0,0,0.1683,0.0,0.4363,5,increasing,0.1701,False,False,203
ST8SIA6,0.216881,3,other,1.0,0.3534,0.679969,0.0,0.0,0,0.2349,0.0,0.881,2,increasing,0.0881,False,False,204
EIF4G3,0.216441,3,other,1.0,0.3561,0.685037,0.0,0.0,0,0.2075,0.0,0.6132,4,increasing,0.1284,False,False,205
GPX1,0.216011,3,other,1.0,0.3587,0.690102,0.0,0.0,0,0.1941,0.0,0.5644,4,increasing,0.1406,False,False,206
FOXN3,0.21503,3,other,1.0,0.338,0.650467,0.0,0.0,0,0.247,0.0,0.7671,4,increasing,0.109,False,False,207
RXRA,0.214659,2,other,1.0,0.0,0.0,0.6183,1273.3695,81,0.0,1.0,0.0,0,N/A,0.4987,False,True,208
HSPA1B,0.214031,3,other,1.0,0.4288,0.823915,0.0,0.0,0,0.0418,1.0807725194821936e-35,1.1658,5,decreasing,0.1469,False,False,209
FOXP1,0.213882,3,other,1.0,0.3662,0.704353,0.0,0.0,0,0.1802,0.0,0.5152,4,increasing,0.1191,False,False,210
HSPD1,0.213733,3,other,1.0,0.3333,0.641544,0.0,0.0,0,0.2082,0.0,0.6766,3,increasing,0.1935,False,False,211
INPP5D,0.213643,3,other,1.0,0.3382,0.650953,0.0,0.0,0,0.2454,0.0,0.6954,5,increasing,0.0986,False,False,212
E2F4,0.213378,2,tf,1.3,0.0,0.0,0.2975,618.779,81,0.0,1.0,0.0,0,N/A,0.8194,False,True,213
GPC5,0.213341,3,other,1.0,0.3386,0.651682,0.0,0.0,0,0.1951,0.0,0.7724,1,increasing,0.1949,False,False,214
CHRM3,0.212703,3,other,1.0,0.3429,0.659832,0.0,0.0,0,0.2551,0.0,0.986,2,increasing,0.0519,False,False,215
H2AFZ,0.212424,3,other,1.0,0.3472,0.668,0.0,0.0,0,0.1755,0.0,0.459,5,increasing,0.1914,False,False,216
ANKRD28,0.212022,3,other,1.0,0.3448,0.663563,0.0,0.0,0,0.2087,0.0,0.6789,3,increasing,0.1307,False,False,217
GSTP1,0.21193,3,other,1.0,0.3621,0.696576,0.0,0.0,0,0.1651,0.0,0.4632,4,increasing,0.1479,False,False,218
DENND4A,0.211924,3,other,1.0,0.3341,0.643106,0.0,0.0,0,0.2149,0.0,0.6412,4,increasing,0.1603,False,False,219
PDE4B,0.211173,3,other,1.0,0.3823,0.735031,0.0,0.0,0,0.116,0.0,0.334,3,increasing,0.1586,False,False,220
CNOT6L,0.211106,3,other,1.0,0.4513,0.866778,0.0,0.0,0,0.0008,9.494649593243116e-05,0.1487,5,increasing,0.1125,False,False,221
TFAP2C,0.2108,2,other,1.0,0.0,0.0,0.6268,1290.7015,81,0.0,1.0,0.0,0,N/A,0.4407,False,True,222
RPL36A,0.210634,3,ribosomal,0.55,0.6943,1.330738,0.0,0.0,0,0.2708,0.0,0.5839,9,increasing,0.1629,False,False,223
FAM172A,0.210429,3,other,1.0,0.3379,0.650347,0.0,0.0,0,0.2254,0.0,0.6814,4,increasing,0.1105,False,False,224
HLA-DQA1,0.209537,3,other,1.0,0.3659,0.703775,0.0,0.0,0,0.1798,0.0,0.6219,2,increasing,0.0817,False,False,225
PELI1,0.209512,3,other,1.0,0.4465,0.857691,0.0,0.0,0,0.0055,2.52856089383981e-13,0.2682,8,increasing,0.1077,False,False,226
NT5C2,0.209004,3,other,1.0,0.3498,0.673107,0.0,0.0,0,0.1898,0.0,0.549,4,increasing,0.1211,False,False,227
DLEU2,0.208967,3,other,1.0,0.3517,0.676746,0.0,0.0,0,0.1787,0.0,0.4688,5,increasing,0.1354,False,False,228
ZC3HAV1,0.20892,3,other,1.0,0.426,0.818502,0.0,0.0,0,0.0008,0.00017269801769699555,0.1476,7,increasing,0.1937,False,False,229
NCOA1,0.208873,3,other,1.0,0.3324,0.639922,0.0,0.0,0,0.1968,0.0,0.574,4,increasing,0.1755,False,False,230
BCL2,0.208381,3,other,1.0,0.4149,0.797386,0.0,0.0,0,0.0041,1.5036616003458402e-11,0.2484,7,increasing,0.2264,False,False,231
COTL1,0.208238,3,other,1.0,0.3773,0.725554,0.0,0.0,0,0.1117,0.0,0.2939,4,increasing,0.1604,False,False,232
NAALADL2,0.207877,3,other,1.0,0.3418,0.657861,0.0,0.0,0,0.2393,0.0,0.8112,3,increasing,0.0439,False,False,233
ARIH1,0.207756,3,other,1.0,0.3299,0.635053,0.0,0.0,0,0.2168,0.0,0.5943,5,increasing,0.1355,False,False,234
LYL1,0.207704,3,tf,1.56,0.2669,0.514689,0.0,0.0,0,0.0015,3.124965728749901e-07,0.19,4,decreasing,0.1399,False,False,235
MXD1,0.207168,3,tf,1.3,0.3249,0.625605,0.0,0.0,0,0.0008,3.1885264859069874e-05,0.1551,3,increasing,0.1474,False,False,236
DIAPH2,0.206644,3,other,1.0,0.3558,0.684455,0.0,0.0,0,0.1871,0.0,0.4955,5,increasing,0.0814,False,False,237
PICALM,0.206139,3,other,1.0,0.3501,0.673652,0.0,0.0,0,0.1702,0.0,0.4805,4,increasing,0.1332,False,False,238
MBD5,0.205917,3,other,1.0,0.3269,0.62931,0.0,0.0,0,0.2128,0.0,0.6331,4,increasing,0.1389,False,False,239
ERC1,0.205658,3,other,1.0,0.3321,0.639217,0.0,0.0,0,0.1927,0.0,0.6134,3,increasing,0.156,False,False,240
CTSD,0.204946,3,other,1.0,0.3483,0.67013,0.0,0.0,0,0.1907,0.0,0.5521,4,increasing,0.0887,False,False,241
ATP5PO,0.204898,2,other,1.0,0.4861,0.933269,0.0,0.0,0,0.0035,8.310751755105691e-12,0.3008,2,decreasing,0.0,False,False,242
KIF13A,0.204834,3,other,1.0,0.3363,0.647202,0.0,0.0,0,0.1963,0.0,0.5721,4,increasing,0.1246,False,False,243
TAOK3,0.204587,3,other,1.0,0.338,0.650582,0.0,0.0,0,0.1861,0.0,0.5357,4,increasing,0.1356,False,False,244
KLF1,0.204362,3,tf,1.56,0.2622,0.505716,0.0,0.0,0,0.0003,0.012246512445503201,0.2024,2,decreasing,0.1416,False,False,245
RFX3,0.204275,3,other,1.0,0.3265,0.62856,0.0,0.0,0,0.1962,0.0,0.5718,4,increasing,0.1587,False,False,246
ZNF804B,0.203967,3,other,1.0,0.3477,0.669133,0.0,0.0,0,0.2091,0.0,0.8467,1,increasing,0.0451,False,False,247
FBXL17,0.203623,3,other,1.0,0.3276,0.630712,0.0,0.0,0,0.1935,0.0,0.5623,4,increasing,0.1536,False,False,248
MYB,0.20269,3,tf,1.56,0.2593,0.500351,0.0,0.0,0,0.0004,0.00032138108264065786,0.1233,1,increasing,0.1431,False,False,249
PRDX2,0.202589,3,other,1.0,0.4158,0.799044,0.0,0.0,0,0.0031,4.375579809639847e-06,0.3783,8,decreasing,0.1724,False,False,250
ATXN1,0.202466,3,other,1.0,0.3344,0.643576,0.0,0.0,0,0.1656,0.0,0.4649,4,increasing,0.1719,False,False,251
IFITM3,0.202178,3,other,1.0,0.3467,0.667154,0.0,0.0,0,0.1699,0.0,0.4087,6,increasing,0.1114,False,False,252
NEK7,0.202018,3,other,1.0,0.3285,0.632454,0.0,0.0,0,0.199,0.0,0.6391,3,increasing,0.1243,False,False,253
RNF130,0.201749,3,other,1.0,0.3645,0.701085,0.0,0.0,0,0.1379,0.0,0.3456,5,increasing,0.1003,False,False,254
SOS1,0.20158,3,other,1.0,0.3377,0.64988,0.0,0.0,0,0.1733,0.0,0.5375,3,increasing,0.1354,False,False,255
BRAF,0.201495,3,other,1.0,0.3294,0.634177,0.0,0.0,0,0.1953,0.0,0.5223,5,increasing,0.1234,False,False,256
JMJD1C,0.201173,3,other,1.0,0.3379,0.650334,0.0,0.0,0,0.1749,0.0,0.4568,5,increasing,0.1275,False,False,257
FNDC3A,0.201125,3,other,1.0,0.3269,0.629287,0.0,0.0,0,0.1868,0.0,0.5899,3,increasing,0.1474,False,False,258
RPS2,0.200681,3,ribosomal,0.55,0.6356,1.218689,0.0,0.0,0,0.3039,0.0,0.5951,11,increasing,0.167,False,False,259
BCAS3,0.200669,3,other,1.0,0.3258,0.627152,0.0,0.0,0,0.1904,0.0,0.5509,4,increasing,0.1405,False,False,260
TYMP,0.199399,3,other,1.0,0.3558,0.684499,0.0,0.0,0,0.1103,0.0,0.3455,2,increasing,0.169,False,False,261
MAML2,0.19915,3,other,1.0,0.3527,0.678563,0.0,0.0,0,0.1217,0.0,0.3529,3,increasing,0.1563,False,False,262
COL24A1,0.198747,3,other,1.0,0.3327,0.640464,0.0,0.0,0,0.219,0.0,0.8021,2,increasing,0.0379,False,False,263
ARID2,0.198653,3,other,1.0,0.3174,0.611186,0.0,0.0,0,0.1803,0.0,0.5154,4,increasing,0.1758,False,False,264
DACH1,0.198584,3,other,1.0,0.336,0.646642,0.0,0.0,0,0.2068,0.0,0.6109,4,increasing,0.0478,False,False,265
UVRAG,0.198356,3,other,1.0,0.3291,0.633582,0.0,0.0,0,0.1682,0.0,0.4737,4,increasing,0.1503,False,False,266
KCNQ5,0.198332,3,other,1.0,0.3359,0.646491,0.0,0.0,0,0.1757,0.0,0.5469,3,increasing,0.108,False,False,267
FBXO11,0.19816,3,other,1.0,0.3223,0.620507,0.0,0.0,0,0.1797,0.0,0.5132,4,increasing,0.153,False,False,268
ZSWIM6,0.197828,3,other,1.0,0.327,0.629584,0.0,0.0,0,0.1733,0.0,0.452,5,increasing,0.1437,False,False,269
ATP5F1D,0.197291,2,other,1.0,0.4675,0.897734,0.0,0.0,0,0.0045,1.13464793116691e-14,0.2569,4,decreasing,0.0,False,False,270
AGPS,0.197235,3,other,1.0,0.3193,0.614846,0.0,0.0,0,0.1804,0.0,0.5651,3,increasing,0.1549,False,False,271
ARHGAP26,0.197231,3,other,1.0,0.3638,0.699753,0.0,0.0,0,0.1206,0.0,0.3207,4,increasing,0.0966,False,False,272
MAN1A1,0.196384,3,other,1.0,0.319,0.614265,0.0,0.0,0,0.1735,0.0,0.5383,3,increasing,0.1624,False,False,273
GPHN,0.196141,3,other,1.0,0.3242,0.624225,0.0,0.0,0,0.1764,0.0,0.5497,3,increasing,0.1333,False,False,274
ULK4,0.196014,3,other,1.0,0.3195,0.615191,0.0,0.0,0,0.1721,0.0,0.5332,3,increasing,0.1597,False,False,275
SNTB1,0.195732,3,other,1.0,0.3264,0.628395,0.0,0.0,0,0.199,0.0,0.6388,3,increasing,0.0758,False,False,276
PIK3CB,0.195688,3,other,1.0,0.333,0.64091,0.0,0.0,0,0.1981,0.0,0.5789,4,increasing,0.0509,False,False,277
VTI1A,0.195332,3,other,1.0,0.3205,0.61709,0.0,0.0,0,0.1681,0.0,0.4735,4,increasing,0.1575,False,False,278
NSMCE2,0.195242,3,other,1.0,0.3201,0.616343,0.0,0.0,0,0.1687,0.0,0.4756,4,increasing,0.1571,False,False,279
POU2F1,0.195173,3,other,1.0,0.3018,0.581505,0.0,0.0,0,0.1146,0.0,0.3292,3,increasing,0.3377,False,False,280
EIF4A1,0.19492,3,other,1.0,0.3398,0.654032,0.0,0.0,0,0.1356,0.0,0.367,4,decreasing,0.1415,False,False,281
KDM6A,0.194773,3,other,1.0,0.3294,0.634156,0.0,0.0,0,0.1565,0.0,0.4346,4,increasing,0.1399,False,False,282
ANTXR2,0.194773,3,other,1.0,0.3308,0.636738,0.0,0.0,0,0.1672,0.0,0.4705,4,increasing,0.1131,False,False,283
DYRK1A,0.194562,3,other,1.0,0.3169,0.610305,0.0,0.0,0,0.1726,0.0,0.4886,4,increasing,0.1559,False,False,284
ARID1B,0.194466,3,other,1.0,0.3296,0.634506,0.0,0.0,0,0.1625,0.0,0.4546,4,increasing,0.1244,False,False,285
AKT3,0.194401,3,other,1.0,0.3248,0.625311,0.0,0.0,0,0.2004,0.0,0.6446,3,increasing,0.0673,False,False,286
ZNF804A,0.194383,3,other,1.0,0.3086,0.594436,0.0,0.0,0,0.2369,0.0,0.8005,3,increasing,0.0589,False,False,287
TFAP2A,0.194287,2,other,1.0,0.0,0.0,0.5229,1078.8018,81,0.0,1.0,0.0,0,N/A,0.543,False,True,288
HMGB2,0.194099,3,other,1.0,0.4066,0.781481,0.0,0.0,0,0.0023,1.18717904914636e-05,0.3609,5,decreasing,0.1337,False,False,289
ZNF609,0.194034,3,other,1.0,0.3297,0.634598,0.0,0.0,0,0.2015,0.0,0.6491,3,increasing,0.0423,False,False,290
ATP5MD,0.194008,2,other,1.0,0.4596,0.882765,0.0,0.0,0,0.0046,3.5581211858544674e-11,0.3612,4,decreasing,0.0,False,False,291
DNAJC1,0.193859,3,other,1.0,0.3267,0.628938,0.0,0.0,0,0.1398,0.0,0.4151,3,increasing,0.1759,False,False,292
MAPK14,0.193806,3,other,1.0,0.3301,0.635359,0.0,0.0,0,0.1391,0.0,0.3781,4,increasing,0.1635,False,False,293
PDE3B,0.193619,3,other,1.0,0.4181,0.8035,0.0,0.0,0,0.0003,0.002719545312597298,0.1302,3,increasing,0.087,False,False,294
ATP2C1,0.193604,3,other,1.0,0.3178,0.61205,0.0,0.0,0,0.1902,0.0,0.6035,3,increasing,0.1082,False,False,295
MECOM,0.193515,3,other,1.0,0.3183,0.612926,0.0,0.0,0,0.1698,0.0,0.6456,1,increasing,0.1465,False,False,296
AFF1,0.193485,3,other,1.0,0.3161,0.608661,0.0,0.0,0,0.1712,0.0,0.5297,3,increasing,0.1522,False,False,297
HNF4G,0.193197,2,other,1.0,0.0,0.0,0.6206,1278.1012,81,0.0,1.0,0.0,0,N/A,0.2885,False,True,298
ITPR2,0.193173,3,other,1.0,0.3229,0.62178,0.0,0.0,0,0.1746,0.0,0.5426,3,increasing,0.1152,False,False,299
MTRNR2L8,0.193034,3,mitochondrial,0.7,0.4804,0.922308,0.0,0.0,0,0.2401,0.0,0.5773,7,increasing,0.1054,False,False,300
TRPS1,0.192834,3,other,1.0,0.3203,0.616739,0.0,0.0,0,0.1883,0.0,0.5434,4,increasing,0.0953,False,False,301
ANGPT1,0.192609,3,other,1.0,0.3184,0.613086,0.0,0.0,0,0.2014,0.0,0.719,2,increasing,0.0746,False,False,302
LPP,0.19256,3,other,1.0,0.3229,0.621733,0.0,0.0,0,0.1737,0.0,0.4925,4,increasing,0.1115,False,False,303
PDZD2,0.192532,3,other,1.0,0.3313,0.637829,0.0,0.0,0,0.1937,0.0,0.6836,2,increasing,0.0375,False,False,304
KLF4,0.192434,2,tf,1.3,0.327,0.629549,0.0,0.0,0,0.0,1.0,0.0,0,N/A,0.1017,False,False,305
BCL11B,0.192298,2,tf,1.56,0.2749,0.530018,0.0,0.0,0,0.0,1.0,0.0,0,N/A,0.0745,False,False,306
ALCAM,0.192047,3,other,1.0,0.3137,0.604099,0.0,0.0,0,0.1578,0.0,0.5286,2,increasing,0.1756,False,False,307
PRF1,0.192042,3,other,1.0,0.4223,0.811474,0.0,0.0,0,0.0038,2.076431619239353e-12,0.304,2,increasing,0.0491,False,False,308
DENND1A,0.191946,3,other,1.0,0.3332,0.641424,0.0,0.0,0,0.1518,0.0,0.3864,5,increasing,0.1084,False,False,309
QKI,0.191914,3,other,1.0,0.3305,0.636292,0.0,0.0,0,0.1516,0.0,0.4572,3,increasing,0.1192,False,False,310
CTSB,0.191833,3,other,1.0,0.3344,0.643649,0.0,0.0,0,0.1428,0.0,0.4681,2,decreasing,0.1208,False,False,311
SCMH1,0.191562,3,other,1.0,0.3173,0.6111,0.0,0.0,0,0.1765,0.0,0.5498,3,increasing,0.1192,False,False,312
NLK,0.191389,3,other,1.0,0.3182,0.612739,0.0,0.0,0,0.1709,0.0,0.483,4,increasing,0.1252,False,False,313
FNIP1,0.191309,3,other,1.0,0.3159,0.608311,0.0,0.0,0,0.1752,0.0,0.4976,4,increasing,0.1253,False,False,314
SUPT3H,0.191087,3,other,1.0,0.3185,0.613378,0.0,0.0,0,0.1672,0.0,0.5146,3,increasing,0.1285,False,False,315
CAMK1D,0.191053,3,other,1.0,0.3232,0.62236,0.0,0.0,0,0.175,0.0,0.5442,3,increasing,0.0939,False,False,316
EHBP1,0.190774,3,other,1.0,0.3213,0.618609,0.0,0.0,0,0.1852,0.0,0.5836,3,increasing,0.0789,False,False,317
KHDRBS2,0.19067,3,other,1.0,0.3108,0.598677,0.0,0.0,0,0.2084,0.0,0.8429,1,increasing,0.0733,False,False,318
TRAPPC9,0.190636,3,other,1.0,0.3219,0.61976,0.0,0.0,0,0.1521,0.0,0.4587,3,increasing,0.1414,False,False,319
NRIP1,0.190536,3,other,1.0,0.304,0.585607,0.0,0.0,0,0.1711,0.0,0.5294,3,increasing,0.1739,False,False,320
STAT4,0.190252,3,tf,1.3,0.3022,0.582243,0.0,0.0,0,0.0042,1.2768963048963387e-14,0.2817,2,increasing,0.1131,False,False,321
SLC39A11,0.190243,3,other,1.0,0.3293,0.633952,0.0,0.0,0,0.1579,0.0,0.4392,4,increasing,0.0964,False,False,322
SAT1,0.189827,3,other,1.0,0.3562,0.685346,0.0,0.0,0,0.0022,1.0067677794882099e-08,0.2151,4,increasing,0.2964,False,False,323
CPNE8,0.189797,3,other,1.0,0.3176,0.611549,0.0,0.0,0,0.153,0.0,0.4622,3,increasing,0.1491,False,False,324
TET2,0.189719,3,other,1.0,0.3261,0.627893,0.0,0.0,0,0.1525,0.0,0.4212,4,increasing,0.1152,False,False,325
SBF2,0.189703,3,other,1.0,0.3211,0.618298,0.0,0.0,0,0.162,0.0,0.495,3,increasing,0.1162,False,False,326
AGTPBP1,0.189547,3,other,1.0,0.3244,0.624526,0.0,0.0,0,0.1582,0.0,0.4403,4,increasing,0.1091,False,False,327
ANKRD17,0.189209,3,other,1.0,0.3152,0.607034,0.0,0.0,0,0.1574,0.0,0.4783,3,increasing,0.1443,False,False,328
XYLT1,0.188992,3,other,1.0,0.3219,0.61976,0.0,0.0,0,0.1784,0.0,0.5571,3,increasing,0.0738,False,False,329
TUBB,0.18899,3,other,1.0,0.3731,0.71755,0.0,0.0,0,0.0029,9.048357126120755e-09,0.2898,4,increasing,0.2199,False,False,330
RPS29,0.188989,3,ribosomal,0.55,0.6946,1.331429,0.0,0.0,0,0.0449,1.5243079521917975e-35,0.8151,11,decreasing,0.2553,False,False,331
COG5,0.188793,3,other,1.0,0.3191,0.614386,0.0,0.0,0,0.1565,0.0,0.475,3,increasing,0.127,False,False,332
RPL7,0.188607,3,ribosomal,0.55,0.7222,1.38405,0.0,0.0,0,0.0224,1.0455656214123266e-23,0.6936,8,decreasing,0.1838,False,False,333
EREG,0.188571,3,other,1.0,0.3316,0.638279,0.0,0.0,0,0.1457,0.0,0.3991,4,increasing,0.0966,False,False,334
ZCCHC7,0.188346,3,other,1.0,0.3223,0.620532,0.0,0.0,0,0.1397,0.0,0.4148,3,increasing,0.1436,False,False,335
DAPK1,0.188312,3,other,1.0,0.3199,0.615907,0.0,0.0,0,0.1589,0.0,0.5331,2,increasing,0.1148,False,False,336
CD74,0.187804,3,other,1.0,0.3961,0.761538,0.0,0.0,0,0.0064,5.823228609553517e-16,0.2926,6,increasing,0.11,False,False,337
GMDS,0.187654,3,other,1.0,0.3177,0.611785,0.0,0.0,0,0.1579,0.0,0.4801,3,increasing,0.1192,False,False,338
INVS,0.187044,3,other,1.0,0.3146,0.605883,0.0,0.0,0,0.1544,0.0,0.4674,3,increasing,0.1331,False,False,339
MEGF9,0.186619,3,other,1.0,0.3284,0.632141,0.0,0.0,0,0.1202,0.0,0.3478,3,increasing,0.1427,False,False,340
ITFG1,0.186555,3,other,1.0,0.3112,0.599344,0.0,0.0,0,0.1384,0.0,0.4102,3,increasing,0.1743,False,False,341
TOX,0.186455,3,other,1.0,0.3214,0.618752,0.0,0.0,0,0.1692,0.0,0.5763,2,increasing,0.0712,False,False,342
ATP2B1,0.186382,3,other,1.0,0.3377,0.649872,0.0,0.0,0,0.146,0.0,0.4002,4,increasing,0.0518,False,False,343
TLE5,0.186189,2,other,1.0,0.4427,0.850406,0.0,0.0,0,0.0012,4.615521192217598e-05,0.2549,3,decreasing,0.0,False,False,344
SYK,0.186,3,other,1.0,0.3232,0.622355,0.0,0.0,0,0.1471,0.0,0.3454,6,increasing,0.1038,False,False,345
TUBA1B,0.185877,3,other,1.0,0.3716,0.714699,0.0,0.0,0,0.0023,7.166401760215638e-07,0.2478,7,increasing,0.1987,False,False,346
CDK14,0.185849,3,other,1.0,0.3156,0.60768,0.0,0.0,0,0.1649,0.0,0.4259,5,increasing,0.0975,False,False,347
SERPINB1,0.185826,3,other,1.0,0.3814,0.733438,0.0,0.0,0,0.0037,2.525942418193002e-13,0.2502,3,increasing,0.1562,False,False,348
PRKCE,0.185613,3,other,1.0,0.3124,0.601556,0.0,0.0,0,0.1386,0.0,0.4519,2,increasing,0.1608,False,False,349
ITGA9,0.185422,3,other,1.0,0.3207,0.617495,0.0,0.0,0,0.1708,0.0,0.6508,1,increasing,0.0612,False,False,350
ABCC4,0.185419,3,other,1.0,0.3147,0.6061,0.0,0.0,0,0.1493,0.0,0.4488,3,increasing,0.1281,False,False,351
RUNX2,0.185417,3,tf,1.3,0.2906,0.56003,0.0,0.0,0,0.003,5.968321898899222e-12,0.253,2,increasing,0.1281,False,False,352
HERC1,0.185354,3,other,1.0,0.3139,0.604579,0.0,0.0,0,0.1512,0.0,0.4557,3,increasing,0.1268,False,False,353
CDK19,0.185266,3,other,1.0,0.309,0.59511,0.0,0.0,0,0.1428,0.0,0.3898,4,increasing,0.1628,False,False,354
MCTP2,0.185214,3,other,1.0,0.3183,0.612917,0.0,0.0,0,0.1859,0.0,0.5351,4,increasing,0.0387,False,False,355
SIL1,0.185026,3,other,1.0,0.3136,0.603986,0.0,0.0,0,0.159,0.0,0.484,3,increasing,0.1096,False,False,356
RALGAPA2,0.184928,3,other,1.0,0.3193,0.614873,0.0,0.0,0,0.1527,0.0,0.4219,4,increasing,0.0986,False,False,357
PLEKHA5,0.18486,3,other,1.0,0.3116,0.600051,0.0,0.0,0,0.1722,0.0,0.5334,3,increasing,0.0899,False,False,358
FAM13A,0.184805,3,other,1.0,0.3974,0.763851,0.0,0.0,0,0.0044,6.795279263322339e-16,0.2951,1,increasing,0.0819,False,False,359
CREB5,0.184736,2,tf,1.3,0.284,0.547446,0.0,0.0,0,0.0,1.0,0.0,0,N/A,0.2173,False,False,360
SUMF1,0.184602,3,other,1.0,0.3163,0.609003,0.0,0.0,0,0.1411,0.0,0.4196,3,increasing,0.131,False,False,361
KLRB1,0.184452,3,other,1.0,0.4119,0.791704,0.0,0.0,0,0.0009,0.0006679767965318389,0.2622,3,decreasing,0.0273,False,False,362
SCFD2,0.184258,3,other,1.0,0.3163,0.609085,0.0,0.0,0,0.1493,0.0,0.4488,3,increasing,0.1113,False,False,363
FRY,0.183699,3,other,1.0,0.3216,0.619201,0.0,0.0,0,0.1606,0.0,0.448,4,increasing,0.0625,False,False,364
S100A12,0.183449,3,other,1.0,0.4014,0.771616,0.0,0.0,0,0.0086,2.8180048102863417e-13,0.612,4,decreasing,0.0449,False,False,365
DUSP1,0.183286,3,other,1.0,0.3684,0.708632,0.0,0.0,0,0.0064,3.6860413711213946e-13,0.369,6,increasing,0.1798,False,False,366
PPP3CA,0.183199,3,other,1.0,0.3147,0.605977,0.0,0.0,0,0.1243,0.0,0.3068,5,increasing,0.1581,False,False,367
CENPP,0.183181,3,other,1.0,0.3106,0.598159,0.0,0.0,0,0.1271,0.0,0.3711,3,increasing,0.1688,False,False,368
PPM1H,0.182911,3,other,1.0,0.3111,0.599107,0.0,0.0,0,0.1524,0.0,0.4598,3,increasing,0.1138,False,False,369
COMMD10,0.182754,3,other,1.0,0.3089,0.594921,0.0,0.0,0,0.1444,0.0,0.4311,3,increasing,0.1372,False,False,370
ELL2,0.182638,3,other,1.0,0.3122,0.601243,0.0,0.0,0,0.1346,0.0,0.3968,3,increasing,0.1425,False,False,371
PREX2,0.182463,3,other,1.0,0.316,0.608482,0.0,0.0,0,0.1683,0.0,0.6384,1,increasing,0.0583,False,False,372
STON2,0.182309,3,other,1.0,0.3172,0.610728,0.0,0.0,0,0.1658,0.0,0.5094,3,increasing,0.0571,False,False,373
BAZ2B,0.182298,3,other,1.0,0.3226,0.621117,0.0,0.0,0,0.1298,0.0,0.3489,4,increasing,0.1073,False,False,374
RFX7,0.182251,3,other,1.0,0.3004,0.578725,0.0,0.0,0,0.1802,0.0,0.5643,3,increasing,0.0948,False,False,375
TNS3,0.182161,3,other,1.0,0.3097,0.596518,0.0,0.0,0,0.125,0.0,0.3996,2,increasing,0.1672,False,False,376
L3MBTL4,0.182123,3,other,1.0,0.3162,0.608874,0.0,0.0,0,0.1678,0.0,0.5703,2,increasing,0.0554,False,False,377
NANOG,0.181792,2,other,1.0,0.0,0.0,0.5054,1042.9821,81,0.0,1.0,0.0,0,N/A,0.4679,False,True,378
PADI4,0.181547,3,other,1.0,0.3152,0.606941,0.0,0.0,0,0.1678,0.0,0.5168,3,increasing,0.0542,False,False,379
HBD,0.181438,3,hemoglobin,0.45,0.7372,1.412686,0.0,0.0,0,0.3333,2.089664108374949e-146,2.0268,10,decreasing,0.05,False,False,380
HLA-DRB1,0.181325,3,other,1.0,0.4016,0.772022,0.0,0.0,0,0.0039,2.2460615056729692e-08,0.3213,8,increasing,0.0341,False,False,381
NF1,0.180945,3,other,1.0,0.3048,0.587203,0.0,0.0,0,0.1228,0.0,0.3566,3,increasing,0.18,False,False,382
SDCCAG8,0.180323,3,other,1.0,0.3019,0.581697,0.0,0.0,0,0.1401,0.0,0.4162,3,increasing,0.1512,False,False,383
SOCS2,0.180038,3,other,1.0,0.3006,0.579191,0.0,0.0,0,0.1277,0.0,0.4101,2,increasing,0.1787,False,False,384
SGK3,0.179995,3,other,1.0,0.3109,0.598793,0.0,0.0,0,0.1502,0.0,0.4522,3,increasing,0.0922,False,False,385
ATP5MPL,0.179655,2,other,1.0,0.3765,0.724127,0.0,0.0,0,0.1024,0.0,0.2896,3,decreasing,0.0,False,False,386
PRR16,0.179478,3,other,1.0,0.3162,0.608848,0.0,0.0,0,0.15,0.0,0.5529,1,increasing,0.067,False,False,387
PHLPP1,0.179418,3,other,1.0,0.3081,0.593371,0.0,0.0,0,0.1374,0.0,0.3728,4,increasing,0.124,False,False,388
BTBD9,0.179355,3,other,1.0,0.3144,0.605517,0.0,0.0,0,0.1391,0.0,0.4127,3,increasing,0.0945,False,False,389
PPP1R16B,0.179352,3,other,1.0,0.314,0.604666,0.0,0.0,0,0.1335,0.0,0.4319,2,increasing,0.1076,False,False,390
CEBPD,0.179291,3,tf,1.3,0.2902,0.559343,0.0,0.0,0,0.0046,1.4556257433974274e-15,0.2911,2,increasing,0.0836,False,False,391
PLCG2,0.179281,3,other,1.0,0.372,0.715478,0.0,0.0,0,0.0019,0.0001664015633565883,0.3705,6,decreasing,0.138,False,False,392
MAPK8,0.17927,3,other,1.0,0.3104,0.59786,0.0,0.0,0,0.1472,0.0,0.4413,3,increasing,0.0936,False,False,393
STK3,0.179183,3,other,1.0,0.3102,0.597359,0.0,0.0,0,0.1372,0.0,0.406,3,increasing,0.1139,False,False,394
P2RY14,0.179126,3,other,1.0,0.3188,0.613873,0.0,0.0,0,0.1577,0.0,0.5283,2,increasing,0.0378,False,False,395
ZNF521,0.178595,3,other,1.0,0.3081,0.593371,0.0,0.0,0,0.1556,0.0,0.5199,2,increasing,0.0801,False,False,396
ASAP1,0.178516,3,other,1.0,0.317,0.610481,0.0,0.0,0,0.1137,0.0,0.2999,4,increasing,0.1273,False,False,397
DOCK5,0.178475,3,other,1.0,0.309,0.595147,0.0,0.0,0,0.1148,0.0,0.3031,4,increasing,0.1569,False,False,398
PRDM1,0.178429,2,tf,1.56,0.0,0.0,0.2733,569.2687,81,0.0,1.0,0.0,0,N/A,0.4062,False,True,399
ITPR1,0.178327,3,other,1.0,0.3007,0.579407,0.0,0.0,0,0.1322,0.0,0.3887,3,increasing,0.1537,False,False,400
C22ORF34,0.178264,3,other,1.0,0.3182,0.612779,0.0,0.0,0,0.1731,0.0,0.537,3,increasing,0.0014,False,False,401
TRIR,0.17806,3,other,1.0,0.401,0.770739,0.0,0.0,0,0.0022,1.666777399228286e-09,0.2023,4,decreasing,0.0104,False,False,402
TRIM24,0.178051,3,other,1.0,0.299,0.57603,0.0,0.0,0,0.1209,0.0,0.3501,3,increasing,0.1809,False,False,403
EXOC6,0.178001,3,other,1.0,0.3096,0.596216,0.0,0.0,0,0.1544,0.0,0.4276,4,increasing,0.0711,False,False,404
PPP3R1,0.177692,3,other,1.0,0.3167,0.609912,0.0,0.0,0,0.116,0.0,0.3339,3,increasing,0.1165,False,False,405
CCL4,0.177688,3,other,1.0,0.3875,0.745035,0.0,0.0,0,0.0021,2.1071237594267385e-09,0.2299,2,increasing,0.0611,False,False,406
THBS1,0.177656,3,other,1.0,0.2993,0.576652,0.0,0.0,0,0.1376,0.0,0.448,2,increasing,0.1426,False,False,407
ELANE,0.177552,3,other,1.0,0.3845,0.739391,0.0,0.0,0,0.0012,0.0003320296831778103,0.2948,4,decreasing,0.0735,False,False,408
PRKG2,0.177449,3,other,1.0,0.3124,0.60161,0.0,0.0,0,0.1663,0.0,0.629,1,increasing,0.0311,False,False,409
PCCA,0.177409,3,other,1.0,0.3052,0.587956,0.0,0.0,0,0.1296,0.0,0.3796,3,increasing,0.1327,False,False,410
APOC1,0.177363,3,other,1.0,0.284,0.547512,0.0,0.0,0,0.1387,0.0,0.4522,2,increasing,0.1988,False,False,411
PIP5K1B,0.177292,3,other,1.0,0.3144,0.60542,0.0,0.0,0,0.1332,0.0,0.431,2,increasing,0.0878,False,False,412
ATF7IP2,0.176882,3,other,1.0,0.3078,0.592854,0.0,0.0,0,0.1281,0.0,0.3175,5,increasing,0.1206,False,False,413
HLA-DRA,0.176849,3,other,1.0,0.3827,0.735832,0.0,0.0,0,0.0059,1.019376277375715e-12,0.4942,2,decreasing,0.0652,False,False,414
BMP2K,0.176608,3,other,1.0,0.3099,0.596877,0.0,0.0,0,0.1175,0.0,0.3111,4,decreasing,0.131,False,False,415
RABGEF1,0.176357,3,other,1.0,0.3005,0.57891,0.0,0.0,0,0.1222,0.0,0.3255,4,increasing,0.1569,False,False,416
ELF2,0.176215,3,other,1.0,0.3202,0.616591,0.0,0.0,0,0.1428,0.0,0.3901,4,increasing,0.0354,False,False,417
MAP4K3,0.176169,3,other,1.0,0.3072,0.591662,0.0,0.0,0,0.1285,0.0,0.3757,3,increasing,0.116,False,False,418
TEC,0.176125,3,other,1.0,0.3047,0.586918,0.0,0.0,0,0.1344,0.0,0.3962,3,increasing,0.1136,False,False,419
DENND1B,0.176085,3,other,1.0,0.3046,0.586664,0.0,0.0,0,0.1326,0.0,0.39,3,increasing,0.1173,False,False,420
NAMPT,0.175876,3,other,1.0,0.3629,0.697979,0.0,0.0,0,0.0017,2.2596955214327818e-07,0.1913,5,increasing,0.144,False,False,421
GTDC1,0.175857,3,other,1.0,0.3059,0.58921,0.0,0.0,0,0.1303,0.0,0.3506,4,increasing,0.1145,False,False,422
DNM3,0.175738,3,other,1.0,0.3121,0.601068,0.0,0.0,0,0.1365,0.0,0.4927,1,increasing,0.0762,False,False,423
XIST,0.175564,3,other,1.0,0.3583,0.689207,0.0,0.0,0,0.0365,4.91613994191473e-38,1.2048,2,decreasing,0.09,False,False,424
TFPI,0.17538,3,other,1.0,0.297,0.572192,0.0,0.0,0,0.1306,0.0,0.4209,2,increasing,0.1453,False,False,425
GABPB1,0.175346,2,other,1.0,0.0,0.0,0.6037,1243.5392,81,0.0,1.0,0.0,0,N/A,0.1608,False,False,426
SLC25A37,0.175247,3,other,1.0,0.3372,0.648957,0.0,0.0,0,0.0457,1.3649137339759866e-48,1.1647,2,decreasing,0.153,False,False,427
RAB11FIP1,0.17499,3,other,1.0,0.2985,0.575024,0.0,0.0,0,0.1231,0.0,0.3035,5,increasing,0.1507,False,False,428
PTPRJ,0.174729,3,other,1.0,0.3072,0.591637,0.0,0.0,0,0.1428,0.0,0.3899,4,increasing,0.0742,False,False,429
PTK2,0.174544,3,other,1.0,0.2969,0.572066,0.0,0.0,0,0.0908,0.0,0.3053,1,increasing,0.2176,False,False,430
SIPA1L3,0.174307,3,other,1.0,0.3033,0.584345,0.0,0.0,0,0.1245,0.0,0.3622,3,increasing,0.1223,False,False,431
H2AFY,0.174277,3,other,1.0,0.3543,0.681723,0.0,0.0,0,0.0024,5.221840999333844e-08,0.2844,3,decreasing,0.1623,False,False,432
HMGN3,0.174232,2,other,1.0,0.0,0.0,0.4641,958.71,81,0.0,1.0,0.0,0,N/A,0.4991,False,True,433
CTDSPL,0.174216,3,other,1.0,0.306,0.58952,0.0,0.0,0,0.1373,0.0,0.3725,4,increasing,0.085,False,False,434
CHD2,0.174113,2,other,1.0,0.0,0.0,0.3881,803.6514,81,0.0,1.0,0.0,0,N/A,0.6879,False,True,435
CD68,0.174049,3,other,1.0,0.3634,0.698998,0.0,0.0,0,0.0004,0.005719440381737184,0.2013,2,increasing,0.1279,False,False,436
GZMK,0.174015,3,other,1.0,0.3747,0.720599,0.0,0.0,0,0.0059,1.2000713959243593e-12,0.4508,3,decreasing,0.0714,False,False,437
CTSW,0.173901,3,other,1.0,0.3714,0.714334,0.0,0.0,0,0.0005,0.0010330121938148713,0.1531,4,increasing,0.0942,False,False,438
PRKACB,0.173363,3,other,1.0,0.2995,0.576998,0.0,0.0,0,0.1134,0.0,0.3252,3,increasing,0.1513,False,False,439
PHACTR4,0.173294,3,other,1.0,0.3001,0.578249,0.0,0.0,0,0.1231,0.0,0.3575,3,increasing,0.1286,False,False,440
GRB10,0.173244,3,other,1.0,0.306,0.589526,0.0,0.0,0,0.1273,0.0,0.3717,3,increasing,0.0962,False,False,441
YES1,0.173234,3,other,1.0,0.3021,0.581924,0.0,0.0,0,0.1181,0.0,0.374,2,increasing,0.1304,False,False,442
HBB,0.173153,3,hemoglobin,0.45,0.7244,1.388334,0.0,0.0,0,0.2733,2.7612363499390463e-121,1.8437,11,decreasing,0.0536,False,False,443
RPL27A,0.173103,3,ribosomal,0.55,0.6746,1.293129,0.0,0.0,0,0.0154,4.793285448552159e-18,0.6159,8,decreasing,0.1322,False,False,444
NR6A1,0.17309,3,other,1.0,0.3007,0.579254,0.0,0.0,0,0.1139,0.0,0.3269,3,increasing,0.1431,False,False,445
ISG15,0.172922,3,other,1.0,0.3601,0.692781,0.0,0.0,0,0.0005,0.0010494474033903097,0.1334,5,increasing,0.1305,False,False,446
SGCZ,0.172757,3,other,1.0,0.3112,0.599417,0.0,0.0,0,0.1404,0.0,0.51,1,increasing,0.0447,False,False,447
PKD2,0.172752,3,other,1.0,0.3052,0.58795,0.0,0.0,0,0.1413,0.0,0.4202,3,increasing,0.067,False,False,448
S100A8,0.172743,3,other,1.0,0.1975,0.382342,0.0,0.0,0,0.357,0.0,0.9692,7,decreasing,0.0662,False,False,449
PSME4,0.172528,3,other,1.0,0.305,0.587508,0.0,0.0,0,0.1172,0.0,0.3379,3,increasing,0.114,False,False,450
ANK3,0.172397,3,other,1.0,0.3644,0.700999,0.0,0.0,0,0.0,0.049621475321992015,0.0852,1,increasing,0.1094,False,False,451
CRADD,0.172303,3,other,1.0,0.3008,0.579422,0.0,0.0,0,0.1167,0.0,0.3362,3,increasing,0.1299,False,False,452
ACSM3,0.172094,3,other,1.0,0.3047,0.587044,0.0,0.0,0,0.112,0.0,0.3207,3,increasing,0.1215,False,False,453
PTBP2,0.171907,3,other,1.0,0.2807,0.54114,0.0,0.0,0,0.1756,0.0,0.499,4,increasing,0.0888,False,False,454
TRIO,0.171894,3,other,1.0,0.3023,0.582409,0.0,0.0,0,0.1082,0.0,0.3084,3,increasing,0.1369,False,False,455
AC007319.1,0.171825,2,other,1.0,0.3224,0.62073,0.0,0.0,0,0.1734,0.0,0.5943,2,increasing,0.0,False,False,456
AIF1,0.171752,3,other,1.0,0.3737,0.718697,0.0,0.0,0,0.0011,8.427655943270447e-05,0.2411,3,decreasing,0.0644,False,False,457
MACC1,0.171651,3,other,1.0,0.3015,0.580832,0.0,0.0,0,0.1148,0.0,0.4005,1,increasing,0.125,False,False,458
FBXL20,0.171646,3,other,1.0,0.3035,0.584691,0.0,0.0,0,0.1182,0.0,0.3411,3,increasing,0.11,False,False,459
KIAA1211,0.171576,3,other,1.0,0.314,0.604738,0.0,0.0,0,0.1462,0.0,0.4377,3,increasing,0.0113,False,False,460
HMGB1,0.170894,3,other,1.0,0.3492,0.671961,0.0,0.0,0,0.0076,4.2188474935755947e-16,0.3299,7,increasing,0.1415,False,False,461
FIGN,0.170169,3,other,1.0,0.3043,0.586132,0.0,0.0,0,0.1206,0.0,0.4247,1,increasing,0.0887,False,False,462
RORA,0.170022,3,other,1.0,0.3099,0.596888,0.0,0.0,0,0.1081,0.0,0.3735,1,increasing,0.0898,False,False,463
TSC22D1,0.169816,3,other,1.0,0.2985,0.575099,0.0,0.0,0,0.1107,0.0,0.3163,3,increasing,0.1285,False,False,464
DLG2,0.169775,3,other,1.0,0.299,0.576138,0.0,0.0,0,0.1016,0.0,0.3473,1,increasing,0.1441,False,False,465
IL7R,0.169569,3,other,1.0,0.3605,0.693434,0.0,0.0,0,0.0044,2.8688162956314045e-13,0.333,2,increasing,0.0909,False,False,466
SNHG25,0.169542,2,other,1.0,0.4029,0.774401,0.0,0.0,0,0.0016,0.0002694744496785474,0.3274,6,decreasing,0.0,False,False,467
HIST1H2BJ,0.169496,3,other,1.0,0.278,0.536049,0.0,0.0,0,0.0004,0.0077871199730082784,0.1876,2,increasing,0.428,False,False,468
AOAH,0.169324,3,other,1.0,0.3739,0.718986,0.0,0.0,0,0.0046,7.08627991966222e-13,0.2634,6,increasing,0.0347,False,False,469
MCTP1,0.169316,3,other,1.0,0.3109,0.598765,0.0,0.0,0,0.116,0.0,0.3068,4,increasing,0.0636,False,False,470
PPARGC1A,0.169209,3,other,1.0,0.2593,0.500353,0.029,70.8134,81,0.0,1.0,0.0,0,N/A,0.4283,False,True,471
VCAN,0.169151,3,other,1.0,0.3622,0.696636,0.0,0.0,0,0.0037,1.6899814880844133e-13,0.27,2,increasing,0.0817,False,False,472
IL1R2,0.169062,3,other,1.0,0.3048,0.587191,0.0,0.0,0,0.118,0.0,0.3405,3,increasing,0.0816,False,False,473
PHTF1,0.168949,3,other,1.0,0.274,0.528316,0.0,0.0,0,0.1535,0.0,0.4638,3,increasing,0.133,False,False,474
CD109,0.168927,3,other,1.0,0.2975,0.57314,0.0,0.0,0,0.1259,0.0,0.4031,2,increasing,0.0941,False,False,475
IGF2BP2,0.168815,3,other,1.0,0.3012,0.580296,0.0,0.0,0,0.1227,0.0,0.3561,3,increasing,0.0845,False,False,476
SMAD7,0.168814,2,tf,1.3,0.2688,0.518334,0.0,0.0,0,0.0,1.0,0.0,0,N/A,0.1617,False,False,477
SOX6,0.168701,3,tf,1.3,0.2761,0.532399,0.0,0.0,0,0.0018,5.976007110271445e-06,0.3729,1,decreasing,0.0716,False,False,478
FREM1,0.168681,3,other,1.0,0.3086,0.594354,0.0,0.0,0,0.123,0.0,0.3921,2,increasing,0.0532,False,False,479
PLCB4,0.168344,3,other,1.0,0.3019,0.581594,0.0,0.0,0,0.1177,0.0,0.4124,1,increasing,0.0875,False,False,480
RBPMS,0.168289,3,other,1.0,0.2965,0.571205,0.0,0.0,0,0.1256,0.0,0.4458,1,increasing,0.0929,False,False,481
PSAP,0.168214,3,other,1.0,0.3508,0.675059,0.0,0.0,0,0.0005,0.0004812979912724847,0.1339,3,increasing,0.1249,False,False,482
ST6GALNAC3,0.168145,3,other,1.0,0.3091,0.595329,0.0,0.0,0,0.109,0.0,0.3408,2,increasing,0.0743,False,False,483
RNF24,0.167929,3,other,1.0,0.2865,0.552275,0.0,0.0,0,0.1235,0.0,0.3295,4,increasing,0.1335,False,False,484
FCER1G,0.167904,3,other,1.0,0.363,0.698273,0.0,0.0,0,0.0064,4.174776489185785e-12,0.5305,3,decreasing,0.0615,False,False,485
CABLES1,0.167837,3,other,1.0,0.3,0.577899,0.0,0.0,0,0.1183,0.0,0.3748,2,increasing,0.0893,False,False,486
MSRB3,0.167774,3,other,1.0,0.2956,0.569559,0.0,0.0,0,0.1412,0.0,0.42,3,increasing,0.0604,False,False,487
SCAPER,0.167705,3,other,1.0,0.305,0.587522,0.0,0.0,0,0.1309,0.0,0.4219,2,increasing,0.0429,False,False,488
HES1,0.167538,2,tf,1.3,0.2612,0.503908,0.0,0.0,0,0.0,1.0,0.0,0,N/A,0.1826,False,False,489
PRKCA,0.167524,2,other,1.0,0.371,0.713533,0.0,0.0,0,0.0,1.0,0.0,0,N/A,0.1115,False,False,490
CISH,0.167523,2,other,1.0,0.3686,0.709035,0.0,0.0,0,0.0,1.0,0.0,0,N/A,0.1209,False,False,491
CTSS,0.167505,3,other,1.0,0.3544,0.681885,0.0,0.0,0,0.0005,0.0023069282457378352,0.2118,2,decreasing,0.104,False,False,492
TMEM163,0.167439,3,other,1.0,0.305,0.587575,0.0,0.0,0,0.1302,0.0,0.4653,1,increasing,0.0417,False,False,493
GTF2F1,0.167292,2,other,1.0,0.0,0.0,0.409,846.2868,81,0.0,1.0,0.0,0,N/A,0.5708,False,True,494
LIMCH1,0.16728,3,other,1.0,0.2998,0.577592,0.0,0.0,0,0.1221,0.0,0.4308,1,increasing,0.0774,False,False,495
PAG1,0.167084,3,other,1.0,0.2951,0.568557,0.0,0.0,0,0.1251,0.0,0.4001,2,increasing,0.0885,False,False,496
CEP70,0.166801,3,other,1.0,0.2752,0.5307,0.0,0.0,0,0.1523,0.0,0.5064,2,increasing,0.1108,False,False,497
LINC01578,0.16678,2,other,1.0,0.3965,0.762178,0.0,0.0,0,0.0012,7.536079339002372e-05,0.2487,4,increasing,0.0,False,False,498
DYTN,0.166089,3,other,1.0,0.3078,0.592918,0.0,0.0,0,0.1312,0.0,0.4698,1,increasing,0.0161,False,False,499
CDH9,0.166044,3,other,1.0,0.3049,0.587345,0.0,0.0,0,0.1244,0.0,0.4405,1,increasing,0.0412,False,False,500
SRT,0.165653,1,other,1.0,0.0,0.0,0.6626,1363.8588,81,0.0,1.0,0.0,0,N/A,0.0,False,False,501
BBS9,0.165633,3,other,1.0,0.2999,0.577806,0.0,0.0,0,0.0981,0.0,0.3337,1,increasing,0.1099,False,False,502
UROD,0.165331,3,other,1.0,0.3263,0.628273,0.0,0.0,0,0.0009,0.00032516667439503,0.2955,1,decreasing,0.1958,False,False,503
BTBD11,0.165256,3,other,1.0,0.2993,0.576683,0.0,0.0,0,0.1073,0.0,0.3346,2,increasing,0.0905,False,False,504
FCGR3A,0.165149,3,other,1.0,0.3439,0.661764,0.0,0.0,0,0.0002,0.017265617601662,0.1594,1,decreasing,0.1254,False,False,505
ANXA2,0.164979,3,other,1.0,0.3315,0.638143,0.0,0.0,0,0.0046,5.653956834880534e-14,0.2749,4,increasing,0.1646,False,False,506
TEX14,0.164521,3,other,1.0,0.2978,0.573849,0.0,0.0,0,0.091,0.0,0.3061,1,increasing,0.1224,False,False,507
HBM,0.164383,3,hemoglobin,0.45,0.6739,1.291934,0.0,0.0,0,0.2944,1.6918422151257488e-138,1.9706,9,decreasing,0.0363,False,False,508
ZC3H12C,0.164098,3,other,1.0,0.2954,0.56919,0.0,0.0,0,0.095,0.0,0.3217,1,increasing,0.1202,False,False,509
CLU,0.164052,3,other,1.0,0.3151,0.60681,0.0,0.0,0,0.0038,6.053642911899393e-13,0.2641,3,increasing,0.2235,False,False,510
EPAS1,0.164019,2,tf,1.3,0.2623,0.505912,0.0,0.0,0,0.0,1.0,0.0,0,N/A,0.1526,False,False,511
SAMSN1,0.163703,3,other,1.0,0.337,0.648581,0.0,0.0,0,0.0046,6.092903959142859e-14,0.3037,3,increasing,0.1311,False,False,512
MEIS2,0.163523,2,tf,1.3,0.2597,0.501051,0.0,0.0,0,0.0,1.0,0.0,0,N/A,0.1591,False,False,513
NEGR1,0.163313,3,other,1.0,0.2965,0.571322,0.0,0.0,0,0.1087,0.0,0.3398,2,increasing,0.0812,False,False,514
EXOC6B,0.163276,3,other,1.0,0.3008,0.579424,0.0,0.0,0,0.0962,0.0,0.3262,1,increasing,0.0889,False,False,515
NR4A1,0.16315,3,other,1.0,0.2705,0.521619,0.0183,48.865,81,0.0,1.0,0.0,0,N/A,0.3556,False,True,516
FAM178B,0.163081,3,other,1.0,0.3062,0.589858,0.0,0.0,0,0.101,0.0,0.3449,1,increasing,0.0558,False,False,517
HSPH1,0.163051,3,other,1.0,0.3073,0.591895,0.0,0.0,0,0.0014,0.000332185257268899,0.3518,4,increasing,0.2503,False,False,518
ABCB1,0.162877,3,other,1.0,0.2962,0.570762,0.0,0.0,0,0.1027,0.0,0.3518,1,increasing,0.0904,False,False,519
HLA-DPB1,0.16263,3,other,1.0,0.3635,0.699253,0.0,0.0,0,0.0049,6.240497416560151e-11,0.368,5,increasing,0.0146,False,False,520
DOCK3,0.162432,3,other,1.0,0.3,0.57803,0.0,0.0,0,0.1057,0.0,0.3639,1,increasing,0.0651,False,False,521
EGR3,0.162388,2,tf,1.3,0.2667,0.514322,0.0,0.0,0,0.0,1.0,0.0,0,N/A,0.123,False,False,522
MPO,0.162306,3,other,1.0,0.3563,0.685389,0.0,0.0,0,0.0038,7.696258387224056e-08,0.5624,2,decreasing,0.0428,False,False,523
MDM2,0.162288,3,other,1.0,0.2733,0.52696,0.0,0.0,0,0.0002,0.015537895559655457,0.1064,3,increasing,0.3819,False,False,524
HLA-DPA1,0.162233,3,other,1.0,0.3585,0.689644,0.0,0.0,0,0.0042,2.6018638927008803e-10,0.4403,2,increasing,0.0324,False,False,525
CTNNB1,0.162191,3,other,1.0,0.3225,0.621006,0.0,0.0,0,0.0007,7.445112955413199e-05,0.1508,4,decreasing,0.1828,False,False,526
GLUL,0.162081,3,other,1.0,0.2818,0.543206,0.0,0.0,0,0.1051,0.0,0.2984,3,increasing,0.136,False,False,527
NUCB2,0.162069,3,other,1.0,0.3294,0.634055,0.0,0.0,0,0.0026,1.3466128340125536e-10,0.2227,3,increasing,0.1507,False,False,528
FAR2,0.1619,3,other,1.0,0.3025,0.582674,0.0,0.0,0,0.1175,0.0,0.3111,4,increasing,0.027,False,False,529
PDZRN4,0.161748,3,other,1.0,0.2973,0.572824,0.0,0.0,0,0.1076,0.0,0.3712,1,increasing,0.0661,False,False,530
APLP2,0.161551,3,other,1.0,0.3305,0.636127,0.0,0.0,0,0.0008,1.9253207352408718e-05,0.1592,3,increasing,0.1451,False,False,531
LGALS3,0.161385,3,other,1.0,0.3415,0.657134,0.0,0.0,0,0.0032,2.5954614551743983e-08,0.4569,1,decreasing,0.095,False,False,532
PPARG,0.161307,2,tf,1.3,0.2619,0.505313,0.0,0.0,0,0.0,1.0,0.0,0,N/A,0.134,False,False,533
SIPA1L1,0.161223,3,other,1.0,0.352,0.67735,0.0,0.0,0,0.0053,9.197424818938986e-15,0.2831,5,increasing,0.0468,False,False,534
SOX5,0.161161,2,tf,1.3,0.2623,0.505991,0.0,0.0,0,0.0,1.0,0.0,0,N/A,0.1315,False,False,535
PLA2G4A,0.161109,3,other,1.0,0.2985,0.575186,0.0,0.0,0,0.1062,0.0,0.3019,3,increasing,0.058,False,False,536
RAB32,0.160965,3,other,1.0,0.3422,0.65853,0.0,0.0,0,0.0005,0.0021620556406903705,0.225,1,increasing,0.0935,False,False,537
ATP5ME,0.160879,2,other,1.0,0.3812,0.732915,0.0,0.0,0,0.0038,1.7085124737971917e-12,0.2368,5,decreasing,0.0,False,False,538
FRMD4B,0.160743,3,other,1.0,0.3022,0.582138,0.0,0.0,0,0.1003,0.0,0.3425,1,increasing,0.0519,False,False,539
FOXP3,0.160653,2,tf,1.56,0.2125,0.410974,0.0,0.0,0,0.0,1.0,0.0,0,N/A,0.1307,False,False,540
E2F7,0.160652,2,tf,1.3,0.2631,0.507454,0.0,0.0,0,0.0,1.0,0.0,0,N/A,0.1247,False,False,541
TWIST1,0.160333,2,tf,1.3,0.2601,0.501832,0.0,0.0,0,0.0,1.0,0.0,0,N/A,0.1341,False,False,542
IGHA1,0.160313,3,immunoglobulin,0.55,0.6533,1.252564,0.0,0.0,0,0.0172,3.5020786004102086e-18,0.7021,8,decreasing,0.0021,False,False,543
ARL6IP1,0.160283,3,other,1.0,0.3193,0.614914,0.0,0.0,0,0.0013,7.9096201941961e-05,0.3255,2,decreasing,0.177,False,False,544
SLC4A1,0.160148,3,other,1.0,0.3085,0.594284,0.0,0.0,0,0.0466,1.7627480804045375e-52,1.2112,1,decreasing,0.1285,False,False,545
GCNT2,0.160104,3,other,1.0,0.2976,0.573486,0.0,0.0,0,0.0949,0.0,0.3213,1,increasing,0.0751,False,False,546
MPP1,0.159752,3,other,1.0,0.3386,0.651751,0.0,0.0,0,0.0011,0.0005951417718607955,0.2823,4,decreasing,0.0956,False,False,547
PPBP,0.15965,3,other,1.0,0.3565,0.68584,0.0,0.0,0,0.0038,2.7900317056683832e-09,0.443,2,increasing,0.0178,False,False,548
GLRX5,0.159559,3,other,1.0,0.3158,0.60815,0.0,0.0,0,0.0229,6.410718049577227e-28,0.8775,3,decreasing,0.1415,False,False,549
MT-ND3,0.159475,2,mitochondrial,0.7,0.532,1.020976,0.0,0.0,0,0.0208,1.0247539857709851e-21,0.6605,9,decreasing,0.0,False,False,550
TAF7,0.159473,2,other,1.0,0.0,0.0,0.3727,772.2343,81,0.0,1.0,0.0,0,N/A,0.587,False,True,551
MAGI2,0.159296,3,other,1.0,0.2949,0.568197,0.0,0.0,0,0.0969,0.0,0.3289,1,increasing,0.0749,False,False,552
MITF,0.159241,2,tf,1.3,0.263,0.507404,0.0,0.0,0,0.0,1.0,0.0,0,N/A,0.1145,False,False,553
LYST,0.159163,3,other,1.0,0.3298,0.634958,0.0,0.0,0,0.0056,5.939693181744587e-16,0.2945,4,increasing,0.1164,False,False,554
EYS,0.159052,3,other,1.0,0.3015,0.580786,0.0,0.0,0,0.1102,0.0,0.3818,1,increasing,0.0197,False,False,555
RAB31,0.158892,3,other,1.0,0.333,0.640972,0.0,0.0,0,0.0014,4.224935115440531e-07,0.2108,2,increasing,0.1097,False,False,556
FCER1A,0.158682,3,other,1.0,0.2999,0.577695,0.0,0.0,0,0.1072,0.0,0.3343,2,increasing,0.0288,False,False,557
NLGN1,0.158581,3,other,1.0,0.2967,0.571751,0.0,0.0,0,0.0987,0.0,0.336,1,increasing,0.0573,False,False,558
PHACTR1,0.158494,3,other,1.0,0.2975,0.573288,0.0,0.0,0,0.1084,0.0,0.309,3,increasing,0.0339,False,False,559
LTB,0.15809,3,other,1.0,0.3396,0.653505,0.0,0.0,0,0.006,1.0373678936224638e-12,0.4242,4,decreasing,0.0669,False,False,560
ETS2,0.157959,3,other,1.0,0.3253,0.626245,0.0,0.0,0,0.0005,0.0007733415943541349,0.1292,4,increasing,0.134,False,False,561
EDA,0.157917,2,other,1.0,0.3576,0.687983,0.0,0.0,0,0.0,1.0,0.0,0,N/A,0.0735,False,False,562
MT-CO3,0.157704,2,mitochondrial,0.7,0.5249,1.007384,0.0,0.0,0,0.023,3.0315599503675316e-23,0.6856,9,decreasing,0.0,False,False,563
ID2,0.157627,3,other,1.0,0.3143,0.60528,0.0,0.0,0,0.0003,0.00828197465958655,0.1809,1,decreasing,0.1752,False,False,564
SNX29,0.157224,3,other,1.0,0.3273,0.630038,0.0,0.0,0,0.0025,4.0354699563230195e-10,0.2313,3,increasing,0.1152,False,False,565
SERPINA1,0.157185,3,other,1.0,0.3309,0.636953,0.0,0.0,0,0.0004,0.005522954367048014,0.1905,1,decreasing,0.1047,False,False,566
HIST1H2AC,0.157099,3,other,1.0,0.2974,0.573019,0.0,0.0,0,0.0004,0.000655685892638773,0.1308,1,increasing,0.2379,False,False,567
NR5A2,0.156627,2,tf,1.3,0.2596,0.500761,0.0,0.0,0,0.0,1.0,0.0,0,N/A,0.1092,False,False,568
TMEM176B,0.156586,3,other,1.0,0.2661,0.513342,0.0,0.0,0,0.1611,0.0,0.6042,1,increasing,0.0368,False,False,569
EGR2,0.156566,2,tf,1.3,0.2391,0.461751,0.0,0.0,0,0.0,1.0,0.0,0,N/A,0.1905,False,False,570
TOMM6,0.156379,3,other,1.0,0.3196,0.615377,0.0,0.0,0,0.0017,2.3691151385220868e-09,0.2006,1,increasing,0.1399,False,False,571
PGLYRP1,0.156156,3,other,1.0,0.2584,0.498583,0.0,0.0,0,0.1736,0.0,0.5953,2,increasing,0.0387,False,False,572
SYNGR1,0.155298,3,other,1.0,0.2769,0.533822,0.0,0.0,0,0.1106,0.0,0.3465,2,increasing,0.0832,False,False,573
HCK,0.154889,3,other,1.0,0.3388,0.651971,0.0,0.0,0,0.0002,0.009905553522777605,0.1031,3,increasing,0.0527,False,False,574
NR1H4,0.154727,2,tf,1.3,0.2593,0.500211,0.0,0.0,0,0.0,1.0,0.0,0,N/A,0.0965,False,False,575
HMBS,0.154687,3,other,1.0,0.3002,0.578343,0.0,0.0,0,0.0077,9.868431910639764e-15,0.6267,1,decreasing,0.1902,False,False,576
CFD,0.154565,3,other,1.0,0.3289,0.633081,0.0,0.0,0,0.0003,0.0009870726937286772,0.1239,1,increasing,0.0891,False,False,577
DUSP6,0.154342,3,other,1.0,0.3141,0.604809,0.0,0.0,0,0.0005,0.003085609373371356,0.2069,2,decreasing,0.1459,False,False,578
RBM47,0.154326,3,other,1.0,0.3224,0.620709,0.0,0.0,0,0.0003,0.001869032223689022,0.1171,2,increasing,0.1129,False,False,579
NPAS3,0.154188,2,tf,1.3,0.2634,0.508022,0.0,0.0,0,0.0,1.0,0.0,0,N/A,0.0761,False,False,580
CD302,0.154121,3,other,1.0,0.3359,0.6466,0.0,0.0,0,0.0001,0.029928372211591774,0.141,1,decreasing,0.0571,False,False,581
EMCN,0.153957,3,other,1.0,0.2943,0.567108,0.0,0.0,0,0.0965,0.0,0.3275,1,increasing,0.0294,False,False,582
FIBCD1,0.153315,2,other,1.0,0.2593,0.500316,0.0,0.0,0,0.0,1.0,0.0,0,N/A,0.4228,False,False,583
BNIP3L,0.153261,3,other,1.0,0.3079,0.59313,0.0,0.0,0,0.0104,4.048639438876919e-17,0.6792,2,decreasing,0.1406,False,False,584
HIST1H3D,0.153169,3,other,1.0,0.2755,0.531248,0.0,0.0,0,0.0001,0.02147007059222479,0.0898,1,increasing,0.2902,False,False,585
CPVL,0.153151,2,other,1.0,0.3473,0.668243,0.0,0.0,0,0.0,1.0,0.0,0,N/A,0.0695,False,False,586
PGR,0.152908,2,tf,1.3,0.2596,0.500919,0.0,0.0,0,0.0,1.0,0.0,0,N/A,0.0816,False,False,587
NFIA,0.152895,3,other,1.0,0.3072,0.59177,0.0,0.0,0,0.0041,1.39833434130336e-12,0.2999,3,decreasing,0.1529,False,False,588
CD9,0.152813,3,other,1.0,0.3236,0.623057,0.0,0.0,0,0.0003,0.009330625447829791,0.1379,3,increasing,0.0942,False,False,589
ANKHD1,0.152806,3,other,1.0,0.298,0.574125,0.0,0.0,0,0.0051,9.036146756574803e-16,0.2932,3,increasing,0.187,False,False,590
RALGPS2,0.152615,3,other,1.0,0.3252,0.626099,0.0,0.0,0,0.0021,6.1418260953262555e-09,0.2195,3,increasing,0.0824,False,False,591
SNCA,0.15209,3,other,1.0,0.3079,0.593108,0.0,0.0,0,0.0326,4.9603670268977494e-34,0.9718,4,decreasing,0.0857,False,False,592
MT1E,0.152036,3,other,1.0,0.3235,0.622768,0.0,0.0,0,0.0005,0.0006613273431638866,0.1478,4,increasing,0.0872,False,False,593
PFKFB3,0.151893,3,other,1.0,0.3157,0.607954,0.0,0.0,0,0.0001,0.016872995907345617,0.0953,3,increasing,0.1178,False,False,594
HIST1H1C,0.151805,3,other,1.0,0.285,0.549296,0.0,0.0,0,0.003,3.0534729619567416e-11,0.2448,3,increasing,0.2341,False,False,595
MS4A6A,0.151762,3,other,1.0,0.3324,0.639882,0.0,0.0,0,0.0011,9.558106483817695e-07,0.1869,1,increasing,0.0478,False,False,596
B4GALT5,0.151542,3,other,1.0,0.3074,0.592188,0.0,0.0,0,0.0024,2.499800021303776e-09,0.2447,3,increasing,0.143,False,False,597
ACSL1,0.1515,3,other,1.0,0.2991,0.576306,0.0,0.0,0,0.0035,2.7309358478314985e-12,0.2569,3,increasing,0.1739,False,False,598
ATP8B4,0.15149,3,mitochondrial,0.7,0.3637,0.699641,0.0,0.0,0,0.2404,0.0,0.7403,4,increasing,0.0318,False,False,599
GPCPD1,0.15135,3,other,1.0,0.3029,0.583443,0.0,0.0,0,0.0013,1.0995436376528354e-05,0.2171,4,decreasing,0.1618,False,False,600
CA1,0.150743,3,other,1.0,0.3017,0.581201,0.0,0.0,0,0.0431,2.3610255218286716e-33,0.9615,9,decreasing,0.0775,False,False,601
WDFY2,0.150689,3,other,1.0,0.3043,0.586099,0.0,0.0,0,0.0046,8.384302582150133e-15,0.2836,3,increasing,0.1436,False,False,602
C5AR1,0.150674,3,other,1.0,0.3287,0.632796,0.0,0.0,0,0.0004,0.0003930370215665082,0.1399,1,increasing,0.0541,False,False,603
CCDC88A,0.150671,3,other,1.0,0.2954,0.569144,0.0,0.0,0,0.0004,0.00032603974479097534,0.1231,2,increasing,0.1874,False,False,604
FBXW7,0.15054,3,other,1.0,0.2963,0.570818,0.0,0.0,0,0.0023,4.2562412603373135e-09,0.2155,4,increasing,0.179,False,False,605
BANK1,0.150509,3,other,1.0,0.319,0.614308,0.0,0.0,0,0.0029,2.9322840452058094e-12,0.257,1,increasing,0.0863,False,False,606
PDLIM1,0.150494,3,other,1.0,0.3152,0.606989,0.0,0.0,0,0.0011,6.880071209267507e-07,0.1686,2,increasing,0.1051,False,False,607
ALAS2,0.150473,3,other,1.0,0.3098,0.596697,0.0,0.0,0,0.0366,4.597109261970251e-44,1.1078,1,decreasing,0.0554,False,False,608
SLCO3A1,0.150387,3,other,1.0,0.315,0.606605,0.0,0.0,0,0.0042,8.038661430145138e-14,0.2734,3,increasing,0.0989,False,False,609
NRF1,0.150298,2,other,1.0,0.0,0.0,0.328,680.9905,81,0.0,1.0,0.0,0,N/A,0.6114,False,True,610
IGLC2,0.150035,3,immunoglobulin,0.55,0.6082,1.166457,0.0,0.0,0,0.0208,1.047579673345414e-20,0.7522,8,decreasing,0.0055,False,False,611
PITPNC1,0.150022,3,other,1.0,0.3057,0.588873,0.0,0.0,0,0.0041,1.938377416460261e-14,0.2799,2,increasing,0.1328,False,False,612
ANPEP,0.149783,3,other,1.0,0.3172,0.610816,0.0,0.0,0,0.0002,0.003547693185776411,0.1163,2,increasing,0.0924,False,False,613
ARNT2,0.149736,2,tf,1.3,0.2601,0.50175,0.0,0.0,0,0.0,1.0,0.0,0,N/A,0.0567,False,False,614
DENND5A,0.14968,3,other,1.0,0.311,0.598917,0.0,0.0,0,0.0053,2.2233676887888004e-15,0.2895,4,increasing,0.1063,False,False,615
TFDP2,0.149667,3,other,1.0,0.311,0.599017,0.0,0.0,0,0.0051,2.51577088359229e-14,0.3009,4,decreasing,0.1064,False,False,616
CD36,0.149663,3,other,1.0,0.3251,0.62596,0.0,0.0,0,0.0009,0.0007221643539230425,0.2776,2,decreasing,0.0583,False,False,617
IER3,0.149461,2,other,1.0,0.3119,0.600741,0.0,0.0,0,0.0,1.0,0.0,0,N/A,0.1757,False,False,618
FUT8,0.149376,3,other,1.0,0.2992,0.576379,0.0,0.0,0,0.0042,6.465705449988751e-14,0.2745,3,increasing,0.1529,False,False,619
ATP1B3,0.149358,3,other,1.0,0.2984,0.574873,0.0,0.0,0,0.0005,0.0002446748522246026,0.1403,3,increasing,0.1632,False,False,620
HEMGN,0.14933,3,other,1.0,0.2992,0.576478,0.0,0.0,0,0.039,4.386686279164615e-46,1.1336,1,decreasing,0.0827,False,False,621
APP,0.149288,3,other,1.0,0.3025,0.58277,0.0,0.0,0,0.0024,2.7646459849560875e-10,0.2333,2,increasing,0.1423,False,False,622
ARL4A,0.14924,3,other,1.0,0.2894,0.55767,0.0,0.0,0,0.0026,4.5362447334975423e-07,0.4155,2,decreasing,0.194,False,False,623
NME1,0.149175,3,other,1.0,0.2891,0.557255,0.0,0.0,0,0.0009,9.946792842179116e-06,0.1506,3,increasing,0.1978,False,False,624
LIMS1,0.149116,3,other,1.0,0.2964,0.571054,0.0,0.0,0,0.0011,9.328288577244958e-07,0.1666,2,increasing,0.168,False,False,625
TNIK,0.149113,3,other,1.0,0.3032,0.584089,0.0,0.0,0,0.0048,4.61682908054505e-16,0.2956,2,increasing,0.1331,False,False,626
HLA-DMA,0.148891,3,other,1.0,0.3161,0.608805,0.0,0.0,0,0.0004,0.011947060073591939,0.2355,1,decreasing,0.0882,False,False,627
ATP1B1,0.148683,3,other,1.0,0.2908,0.56034,0.0,0.0,0,0.0045,2.6402491304367004e-15,0.2887,2,increasing,0.1796,False,False,628
VCL,0.148552,3,other,1.0,0.3024,0.582514,0.0,0.0,0,0.0015,3.445935821482227e-05,0.3083,3,increasing,0.1379,False,False,629
TLR2,0.148238,3,other,1.0,0.3228,0.621569,0.0,0.0,0,0.0001,0.012492637156262986,0.0997,1,increasing,0.0561,False,False,630
KLF12,0.148195,3,other,1.0,0.3021,0.581977,0.0,0.0,0,0.0041,3.5020921108383174e-15,0.2874,1,increasing,0.1307,False,False,631
FLT3,0.14819,3,other,1.0,0.2609,0.503319,0.0,0.0,0,0.1213,0.0,0.3859,2,increasing,0.061,False,False,632
CD79A,0.147941,2,other,1.0,0.3189,0.614115,0.0,0.0,0,0.0,1.0,0.0,0,N/A,0.1332,False,False,633
SCLT1,0.147929,3,other,1.0,0.3063,0.589914,0.0,0.0,0,0.0043,3.671576074720863e-14,0.277,3,increasing,0.1112,False,False,634
RFX2,0.147873,3,other,1.0,0.3054,0.588278,0.0,0.0,0,0.0054,2.359999222736715e-16,0.2984,3,increasing,0.1119,False,False,635
FABP5,0.14787,3,other,1.0,0.3081,0.593422,0.0,0.0,0,0.0027,2.359315819634188e-09,0.2732,3,increasing,0.1065,False,False,636
ZMYND8,0.147788,3,other,1.0,0.2932,0.565086,0.0,0.0,0,0.0037,8.964784366804931e-13,0.2622,3,increasing,0.1632,False,False,637
ZFHX3,0.14762,3,other,1.0,0.2886,0.556156,0.0,0.0,0,0.0006,3.704725256923826e-05,0.1567,1,increasing,0.1864,False,False,638
CSTA,0.147576,3,other,1.0,0.3213,0.618567,0.0,0.0,0,0.0017,1.6501574289256375e-05,0.3134,3,decreasing,0.0532,False,False,639
LCN2,0.147422,3,other,1.0,0.2944,0.567263,0.0,0.0,0,0.0003,0.007600907540731208,0.1889,1,increasing,0.162,False,False,640
IGF1R,0.147377,3,other,1.0,0.2904,0.559715,0.0,0.0,0,0.0022,2.838020472370303e-09,0.2204,3,increasing,0.1737,False,False,641
TFRC,0.147375,3,other,1.0,0.2944,0.567372,0.0,0.0,0,0.0014,1.6975875988508706e-05,0.2593,3,decreasing,0.1592,False,False,642
TBL1XR1,0.147302,3,other,1.0,0.2861,0.55144,0.0,0.0,0,0.0012,1.1669630207875082e-06,0.1801,3,increasing,0.1923,False,False,643
ST3GAL3,0.147196,3,other,1.0,0.2979,0.574014,0.0,0.0,0,0.0054,2.340387040830316e-16,0.299,3,increasing,0.1356,False,False,644
STXBP2,0.147147,3,other,1.0,0.3121,0.601155,0.0,0.0,0,0.0005,0.0027430365079279375,0.208,1,decreasing,0.0882,False,False,645
PPM1L,0.147137,3,other,1.0,0.2997,0.577317,0.0,0.0,0,0.0053,4.579293884768261e-16,0.2968,3,increasing,0.1285,False,False,646
LMNA,0.147019,3,other,1.0,0.2916,0.561852,0.0,0.0,0,0.001,2.9825354326091677e-05,0.1907,3,increasing,0.1684,False,False,647
LATS2,0.146572,3,other,1.0,0.2962,0.570763,0.0,0.0,0,0.0037,1.461192948709316e-13,0.2707,2,increasing,0.1401,False,False,648
PKP4,0.146473,3,other,1.0,0.2943,0.567059,0.0,0.0,0,0.0033,6.303372306013372e-12,0.2527,3,increasing,0.1478,False,False,649
MSI2,0.146473,3,other,1.0,0.3056,0.588677,0.0,0.0,0,0.0036,1.3239050605090449e-12,0.2603,3,increasing,0.102,False,False,650
WARS,0.146251,3,other,1.0,0.2892,0.557324,0.0,0.0,0,0.0,0.03813302223462112,0.0899,1,increasing,0.1727,False,False,651
RELL1,0.146075,3,other,1.0,0.3051,0.587793,0.0,0.0,0,0.0054,2.3468881159437337e-16,0.2989,3,increasing,0.0966,False,False,652
HIST1H2AJ,0.146073,3,other,1.0,0.2664,0.513906,0.0,0.0,0,0.0002,0.03597935803063646,0.1598,1,decreasing,0.2619,False,False,653
HIST1H1B,0.146031,3,other,1.0,0.2875,0.554061,0.0,0.0,0,0.0002,0.0044033859173986944,0.0971,2,increasing,0.1773,False,False,654
NFE2,0.145922,2,tf,1.56,0.0,0.0,0.1707,360.0097,81,0.0,1.0,0.0,0,N/A,0.464,False,True,655
LRP1,0.145856,3,other,1.0,0.3032,0.584019,0.0,0.0,0,0.0006,7.424186865367499e-05,0.154,1,increasing,0.1121,False,False,656
FER,0.145754,3,other,1.0,0.2953,0.56892,0.0,0.0,0,0.0042,7.626529848307666e-14,0.2737,3,increasing,0.1357,False,False,657
HIST1H3B,0.145704,2,other,1.0,0.2713,0.523142,0.0,0.0,0,0.0,1.0,0.0,0,N/A,0.3025,False,False,658
ETS1,0.145679,2,other,1.0,0.0,0.0,0.3327,690.5103,81,0.0,1.0,0.0,0,N/A,0.5557,False,True,659
CENPF,0.145676,3,other,1.0,0.2855,0.550248,0.0,0.0,0,0.0002,0.02237881636148487,0.181,2,decreasing,0.1819,False,False,660
MANBA,0.145666,3,other,1.0,0.3046,0.586688,0.0,0.0,0,0.0031,5.996300154408958e-11,0.2413,4,increasing,0.0998,False,False,661
CTCFL,0.145583,2,other,1.0,0.0,0.0,0.4152,858.9029,81,0.0,1.0,0.0,0,N/A,0.3486,False,True,662
PMAIP1,0.14557,3,other,1.0,0.2969,0.572086,0.0,0.0,0,0.0002,0.005874828949222799,0.1063,3,increasing,0.1353,False,False,663
BCL3,0.145374,2,other,1.0,0.0,0.0,0.365,756.5681,81,0.0,1.0,0.0,0,N/A,0.4719,False,True,664
ZRANB3,0.145374,3,other,1.0,0.298,0.574157,0.0,0.0,0,0.0054,2.32749234639048e-16,0.2991,3,increasing,0.1188,False,False,665
HOPX,0.145319,3,other,1.0,0.316,0.608503,0.0,0.0,0,0.0021,1.1807118382915281e-05,0.432,2,increasing,0.0529,False,False,666
IER5,0.145275,3,other,1.0,0.2807,0.541204,0.0,0.0,0,0.0006,0.0011921844430145556,0.2271,1,decreasing,0.1965,False,False,667
CLIC3,0.145141,3,other,1.0,0.3038,0.585167,0.0,0.0,0,0.0004,0.005556693044651856,0.2099,2,increasing,0.1035,False,False,668
RREB1,0.14514,3,other,1.0,0.2953,0.568982,0.0,0.0,0,0.004,1.8134063274568701e-13,0.2664,3,increasing,0.1304,False,False,669
SPATA5,0.145122,3,other,1.0,0.2985,0.575057,0.0,0.0,0,0.0051,1.1235102682709363e-15,0.2925,3,increasing,0.1153,False,False,670
BASP1,0.145114,3,other,1.0,0.2949,0.568282,0.0,0.0,0,0.0005,0.00012705607303241699,0.1478,1,increasing,0.1385,False,False,671
VPS54,0.145114,3,other,1.0,0.3013,0.580545,0.0,0.0,0,0.005,9.220768536753553e-15,0.2831,4,increasing,0.1039,False,False,672
NR4A2,0.144954,3,other,1.0,0.277,0.533992,0.0,0.0,0,0.0036,2.6357013328914504e-13,0.268,2,increasing,0.2027,False,False,673
RNF144B,0.144883,3,other,1.0,0.3079,0.593068,0.0,0.0,0,0.0018,6.332794062063885e-08,0.2041,4,increasing,0.0818,False,False,674
AHCYL2,0.144799,3,other,1.0,0.291,0.560802,0.0,0.0,0,0.0019,1.620097665896081e-08,0.2102,3,increasing,0.1485,False,False,675
XPO7,0.144702,3,other,1.0,0.2905,0.55983,0.0,0.0,0,0.0017,1.700688634106592e-05,0.3542,2,decreasing,0.1501,False,False,676
NEDD4,0.144629,3,other,1.0,0.2943,0.567088,0.0,0.0,0,0.0053,4.566917414809428e-16,0.2971,3,increasing,0.1271,False,False,677
TCF7L2,0.144468,3,other,1.0,0.2851,0.549592,0.0,0.0,0,0.0006,7.033214424467915e-05,0.1513,2,increasing,0.1715,False,False,678
PVT1,0.144263,3,other,1.0,0.2927,0.563988,0.0,0.0,0,0.0013,2.3557684138516104e-06,0.1912,4,increasing,0.1381,False,False,679
FAM102B,0.14407,3,other,1.0,0.2962,0.570651,0.0,0.0,0,0.0021,2.0228144924111057e-09,0.2223,2,increasing,0.1209,False,False,680
DMXL2,0.144007,3,other,1.0,0.2995,0.57693,0.0,0.0,0,0.0006,5.5414868285394236e-05,0.1504,2,increasing,0.1101,False,False,681
IGFBP7,0.143935,3,other,1.0,0.309,0.595094,0.0,0.0,0,0.0019,1.8000175335524886e-08,0.207,3,decreasing,0.0689,False,False,682
HIST1H3H,0.143916,2,other,1.0,0.2698,0.520376,0.0,0.0,0,0.0,1.0,0.0,0,N/A,0.2913,False,False,683
KLF10,0.143887,3,other,1.0,0.2862,0.551653,0.0,0.0,0,0.0008,0.0003424908353023879,0.2525,1,decreasing,0.1616,False,False,684
NUBPL,0.143847,3,other,1.0,0.2958,0.569874,0.0,0.0,0,0.0054,2.333921883258962e-16,0.2989,3,increasing,0.1139,False,False,685
BPGM,0.14381,3,other,1.0,0.2859,0.551051,0.0,0.0,0,0.0042,5.512224457347057e-10,0.5071,1,decreasing,0.1553,False,False,686
ATAD2,0.143767,3,other,1.0,0.2863,0.551727,0.0,0.0,0,0.0012,1.031427809249834e-06,0.1809,3,increasing,0.1595,False,False,687
NBAS,0.143759,3,other,1.0,0.3012,0.580328,0.0,0.0,0,0.0043,3.953870618979098e-14,0.2767,3,increasing,0.0934,False,False,688
HIPK3,0.143756,3,other,1.0,0.2834,0.546331,0.0,0.0,0,0.0037,1.270180541942304e-13,0.2681,2,increasing,0.1658,False,False,689
ADAM28,0.143649,3,other,1.0,0.311,0.59905,0.0,0.0,0,0.0028,2.1695543550630584e-11,0.2466,2,increasing,0.0561,False,False,690
SETBP1,0.143623,3,other,1.0,0.2964,0.571037,0.0,0.0,0,0.0039,6.4990747826134165e-15,0.2848,1,increasing,0.1123,False,False,691
TTC27,0.143411,3,other,1.0,0.2884,0.555752,0.0,0.0,0,0.0015,2.0102175375394153e-07,0.1946,3,increasing,0.1473,False,False,692
FGD4,0.143408,3,other,1.0,0.3093,0.595823,0.0,0.0,0,0.0043,2.2032375923686232e-13,0.2972,3,increasing,0.0576,False,False,693
TPST1,0.143132,3,other,1.0,0.289,0.557019,0.0,0.0,0,0.0013,2.0920730644914674e-07,0.1943,1,increasing,0.1426,False,False,694
ARHGAP24,0.143105,3,other,1.0,0.3009,0.579719,0.0,0.0,0,0.0024,2.866355233973908e-09,0.2437,3,increasing,0.0925,False,False,695
PDZD8,0.142936,3,other,1.0,0.2956,0.569592,0.0,0.0,0,0.0026,4.199059539794138e-10,0.2186,4,increasing,0.1118,False,False,696
SPON2,0.142835,3,other,1.0,0.3036,0.584774,0.0,0.0,0,0.0006,0.001207987687145251,0.2003,2,increasing,0.0831,False,False,697
CKS2,0.1426,3,other,1.0,0.2904,0.55964,0.0,0.0,0,0.0014,4.488552929338141e-07,0.2111,2,increasing,0.1319,False,False,698
S100P,0.142582,3,other,1.0,0.2996,0.57723,0.0,0.0,0,0.0047,9.066821367772111e-16,0.3222,1,increasing,0.0884,False,False,699
SMARCB1,0.142559,2,other,1.0,0.0,0.0,0.368,762.5204,81,0.0,1.0,0.0,0,N/A,0.4378,False,True,700
CEP170,0.142499,3,other,1.0,0.2857,0.550669,0.0,0.0,0,0.0028,6.133846902622864e-11,0.2383,3,increasing,0.147,False,False,701
PSMA2,0.14245,3,other,1.0,0.2977,0.573607,0.0,0.0,0,0.0008,0.0002886620699524212,0.1751,5,decreasing,0.1026,False,False,702
KCNQ1OT1,0.142283,3,other,1.0,0.2885,0.556075,0.0,0.0,0,0.0006,0.0035732549692705034,0.28,1,decreasing,0.1382,False,False,703
CDC42BPA,0.142247,3,other,1.0,0.2979,0.573881,0.0,0.0,0,0.0043,7.543568944104858e-15,0.284,2,increasing,0.0932,False,False,704
MTHFD1L,0.142107,3,other,1.0,0.2911,0.560952,0.0,0.0,0,0.002,8.304137182888462e-09,0.2142,3,increasing,0.1235,False,False,705
HSPA6,0.1421,2,other,1.0,0.2381,0.45986,0.0,0.0,0,0.0,1.0,0.0,0,N/A,0.4008,False,False,706
SPRED2,0.142089,3,other,1.0,0.276,0.532105,0.0,0.0,0,0.0002,0.0030559813289755453,0.1116,2,increasing,0.1873,False,False,707
PCDH9,0.141977,3,other,1.0,0.2933,0.565236,0.0,0.0,0,0.0043,9.012050365223937e-16,0.2928,1,increasing,0.1088,False,False,708
GNA12,0.141916,3,other,1.0,0.2915,0.561676,0.0,0.0,0,0.0021,2.0414794160989593e-09,0.2223,2,increasing,0.1202,False,False,709
WDFY3,0.141887,3,other,1.0,0.2956,0.569594,0.0,0.0,0,0.0017,8.574518034958043e-08,0.2221,2,increasing,0.1041,False,False,710
NRGN,0.141809,2,other,1.0,0.3165,0.60957,0.0,0.0,0,0.0,1.0,0.0,0,N/A,0.0844,False,False,711
SCN9A,0.141725,3,other,1.0,0.2828,0.54509,0.0,0.0,0,0.0017,1.10575188161377e-08,0.2125,1,increasing,0.154,False,False,712
PELI2,0.141624,3,other,1.0,0.3017,0.581232,0.0,0.0,0,0.0042,3.08984583950535e-13,0.2673,4,increasing,0.0723,False,False,713
HIST1H2AL,0.1415,3,other,1.0,0.2695,0.519785,0.0,0.0,0,0.0002,0.006781445609773375,0.1183,1,increasing,0.2079,False,False,714
HIP1,0.141473,3,other,1.0,0.2905,0.559743,0.0,0.0,0,0.0013,3.6379659424833444e-07,0.1907,2,increasing,0.1217,False,False,715
STRBP,0.141451,3,other,1.0,0.2937,0.565901,0.0,0.0,0,0.0006,0.00010702255649697069,0.1477,3,increasing,0.1099,False,False,716
TYMS,0.141358,3,other,1.0,0.2853,0.549897,0.0,0.0,0,0.002,2.9897690061049658e-09,0.1994,3,increasing,0.1399,False,False,717
RGS2,0.141354,2,other,1.0,0.3059,0.589275,0.0,0.0,0,0.0,1.0,0.0,0,N/A,0.1226,False,False,718
CSF3R,0.141292,2,other,1.0,0.3251,0.625892,0.0,0.0,0,0.0,1.0,0.0,0,N/A,0.0453,False,False,719
MYL4,0.14129,3,other,1.0,0.2908,0.560409,0.0,0.0,0,0.0008,0.0007697485700606322,0.2759,1,decreasing,0.1197,False,False,720
RIN2,0.14105,3,other,1.0,0.2922,0.563178,0.0,0.0,0,0.0022,2.8424821237040864e-10,0.2332,1,increasing,0.1089,False,False,721
TOP2B,0.140933,3,other,1.0,0.2824,0.544343,0.0,0.0,0,0.0004,0.0002506361034216248,0.1255,2,increasing,0.1508,False,False,722
RABGAP1,0.140848,3,other,1.0,0.2869,0.552978,0.0,0.0,0,0.0045,1.7742474156534627e-14,0.2802,3,increasing,0.1239,False,False,723
BCAT1,0.140818,3,other,1.0,0.2803,0.540355,0.0,0.0,0,0.0002,0.004152580927983491,0.1005,4,increasing,0.1585,False,False,724
HIST1H3C,0.140768,3,other,1.0,0.248,0.478691,0.0,0.0,0,0.0002,0.004932244713611085,0.123,1,increasing,0.2873,False,False,725
ARHGAP22,0.140737,3,other,1.0,0.2849,0.549218,0.0,0.0,0,0.0019,6.5478692189974094e-09,0.2156,2,increasing,0.1359,False,False,726
GRN,0.140688,3,other,1.0,0.2863,0.551809,0.0,0.0,0,0.0012,6.808972333072205e-07,0.1892,2,increasing,0.1313,False,False,727
PRKAR2B,0.14068,3,other,1.0,0.2897,0.558277,0.0,0.0,0,0.0014,2.9589898628689157e-07,0.1963,2,increasing,0.1175,False,False,728
TPM1,0.140643,3,other,1.0,0.283,0.545479,0.0,0.0,0,0.0016,2.5297326493999258e-05,0.299,4,increasing,0.1434,False,False,729
DISC1,0.140613,3,other,1.0,0.2969,0.572132,0.0,0.0,0,0.0026,7.669555343586376e-11,0.2401,2,increasing,0.0853,False,False,730
ANK1,0.140568,3,other,1.0,0.286,0.551178,0.0,0.0,0,0.001,4.055577925123431e-06,0.1749,2,decreasing,0.1321,False,False,731
PLD1,0.140428,3,other,1.0,0.2788,0.537475,0.0,0.0,0,0.001,2.159444530411871e-06,0.1757,2,increasing,0.1594,False,False,732
EXT1,0.140425,3,other,1.0,0.2838,0.546994,0.0,0.0,0,0.0003,0.0018365053261620104,0.1202,1,increasing,0.141,False,False,733
CFP,0.140366,2,other,1.0,0.3115,0.599999,0.0,0.0,0,0.0,1.0,0.0,0,N/A,0.0907,False,False,734
BLK,0.14033,3,other,1.0,0.2922,0.563033,0.0,0.0,0,0.0035,7.915890165577366e-14,0.2733,1,increasing,0.1,False,False,735
RAB27B,0.140298,3,other,1.0,0.2982,0.574526,0.0,0.0,0,0.0032,1.0692150456279675e-11,0.2501,3,increasing,0.0763,False,False,736
DUT,0.140262,3,other,1.0,0.288,0.555144,0.0,0.0,0,0.0041,5.0428796940751556e-14,0.267,3,increasing,0.1147,False,False,737
CNTLN,0.140183,3,other,1.0,0.2964,0.571189,0.0,0.0,0,0.0024,8.439552927999449e-10,0.2272,3,increasing,0.0838,False,False,738
TUBA1C,0.140179,3,other,1.0,0.2804,0.540563,0.0,0.0,0,0.0009,2.399740170780065e-06,0.1605,2,increasing,0.1509,False,False,739
WRN,0.140163,3,other,1.0,0.2893,0.557556,0.0,0.0,0,0.0014,5.507841877509128e-07,0.1879,3,increasing,0.1143,False,False,740
FPR1,0.140161,3,other,1.0,0.2581,0.498002,0.0,0.0,0,0.1081,0.0,0.3736,1,increasing,0.0255,False,False,741
PKIG,0.140133,3,other,1.0,0.2904,0.559563,0.0,0.0,0,0.0005,0.0001291699570221724,0.131,2,increasing,0.1115,False,False,742
DNTT,0.139988,2,other,1.0,0.2621,0.505641,0.0,0.0,0,0.0,1.0,0.0,0,N/A,0.2848,False,False,743
ZNF438,0.139974,3,other,1.0,0.2838,0.547083,0.0,0.0,0,0.0021,1.3160430548799103e-09,0.2222,2,increasing,0.133,False,False,744
TNFSF13B,0.139973,3,other,1.0,0.2962,0.570801,0.0,0.0,0,0.0003,0.02472883271461124,0.2065,1,decreasing,0.087,False,False,745
LPCAT2,0.139904,3,other,1.0,0.2986,0.575346,0.0,0.0,0,0.0026,1.7320780326324127e-11,0.2477,1,increasing,0.0721,False,False,746
CTNND1,0.139859,3,other,1.0,0.2909,0.560659,0.0,0.0,0,0.0015,8.378414347162341e-08,0.2002,2,increasing,0.1047,False,False,747
FHL2,0.139798,3,other,1.0,0.2794,0.53865,0.0,0.0,0,0.0003,0.0011936392167905196,0.111,2,increasing,0.1527,False,False,748
RRM2,0.139633,3,other,1.0,0.2784,0.53669,0.0,0.0,0,0.0001,0.020957048954124487,0.0775,1,increasing,0.1558,False,False,749
PRELID2,0.139418,3,other,1.0,0.291,0.560793,0.0,0.0,0,0.0029,1.1193529806755957e-11,0.2499,2,increasing,0.0976,False,False,750
EPGN,0.139374,3,other,1.0,0.2572,0.496314,0.0,0.0,0,0.0936,0.0,0.3164,1,increasing,0.0509,False,False,751
PAM,0.139341,3,other,1.0,0.2897,0.558333,0.0,0.0,0,0.0021,1.4807847285364978e-09,0.2241,2,increasing,0.1036,False,False,752
EMILIN2,0.139205,3,other,1.0,0.2997,0.5774,0.0,0.0,0,0.0007,5.480755981814023e-05,0.1567,2,increasing,0.0654,False,False,753
SPRED1,0.139044,3,other,1.0,0.2729,0.526204,0.0,0.0,0,0.0001,0.02549114099052136,0.0871,1,increasing,0.1724,False,False,754
ALDH1A1,0.138941,3,other,1.0,0.2918,0.562255,0.0,0.0,0,0.0021,1.3948128072368327e-09,0.2244,2,increasing,0.0918,False,False,755
HIVEP3,0.138873,3,other,1.0,0.2936,0.565727,0.0,0.0,0,0.0043,1.1205301349333476e-15,0.2921,1,increasing,0.0796,False,False,756
HBG2,0.138827,3,hemoglobin,0.45,0.3929,0.755368,0.0,0.0,0,0.5901,0.0,2.0645,7,increasing,0.0528,False,False,757
TCL1A,0.138782,3,other,1.0,0.2874,0.553993,0.0,0.0,0,0.0157,1.2321332869463788e-24,0.7856,1,decreasing,0.0806,False,False,758
PHACTR2,0.138763,3,other,1.0,0.3027,0.583203,0.0,0.0,0,0.0032,1.0435871158035009e-11,0.2503,3,increasing,0.0441,False,False,759
JDP2,0.138716,3,other,1.0,0.287,0.553245,0.0,0.0,0,0.0009,4.806056918757106e-06,0.1758,1,increasing,0.1111,False,False,760
FAM49A,0.138665,3,other,1.0,0.2956,0.56962,0.0,0.0,0,0.0003,0.0019487064531809929,0.1199,1,increasing,0.0776,False,False,761
SLC40A1,0.138614,3,other,1.0,0.2867,0.552566,0.0,0.0,0,0.0003,0.0004894333803968281,0.1192,1,increasing,0.1127,False,False,762
NFYB,0.138565,2,other,1.0,0.0,0.0,0.3379,701.0993,81,0.0,1.0,0.0,0,N/A,0.475,False,True,763
RPL37A,0.138456,3,ribosomal,0.55,0.4246,0.815921,0.0,0.0,0,0.2263,0.0,0.5784,6,increasing,0.1375,False,False,764
GAB1,0.138283,3,other,1.0,0.2877,0.554588,0.0,0.0,0,0.0014,2.3281981868693572e-07,0.1936,2,increasing,0.1034,False,False,765
ID1,0.138001,2,other,1.0,0.2649,0.510896,0.0,0.0,0,0.0,1.0,0.0,0,N/A,0.2548,False,False,766
GALNT7,0.137908,3,other,1.0,0.2876,0.554395,0.0,0.0,0,0.0013,7.358792282513176e-07,0.1859,3,increasing,0.1005,False,False,767
PLAGL1,0.137904,3,other,1.0,0.2759,0.532039,0.0,0.0,0,0.0006,0.00011097056704058096,0.1444,2,increasing,0.1488,False,False,768
MGAT5,0.137869,3,other,1.0,0.2938,0.566123,0.0,0.0,0,0.0017,1.0615171392993859e-07,0.1987,4,increasing,0.0747,False,False,769
RAPGEF1,0.137795,3,other,1.0,0.287,0.553125,0.0,0.0,0,0.0005,0.0002536621431205403,0.1369,3,increasing,0.1037,False,False,770
SNHG3,0.137726,3,other,1.0,0.2712,0.522936,0.0,0.0,0,0.0009,3.989363451906088e-06,0.157,2,increasing,0.1656,False,False,771
PRIM2,0.137722,3,other,1.0,0.2879,0.554921,0.0,0.0,0,0.0017,5.98772686868068e-08,0.2023,3,increasing,0.0969,False,False,772
LEPR,0.13766,3,other,1.0,0.2825,0.544473,0.0,0.0,0,0.0007,1.9856032176469247e-05,0.1617,1,increasing,0.1202,False,False,773
SLC7A2,0.1376,2,other,1.0,0.2593,0.500229,0.0,0.0,0,0.0,1.0,0.0,0,N/A,0.2734,False,False,774
NR4A3,0.137581,3,other,1.0,0.273,0.52635,0.0,0.0,0,0.0001,0.028337958600269185,0.0854,1,increasing,0.1588,False,False,775
TMEM164,0.137547,3,other,1.0,0.2868,0.55281,0.0,0.0,0,0.0005,0.00033297433634966653,0.1316,3,increasing,0.1022,False,False,776
DENND5B,0.137517,3,other,1.0,0.2865,0.552213,0.0,0.0,0,0.001,1.239402961821737e-06,0.1824,1,increasing,0.1021,False,False,777
TPX2,0.137515,3,other,1.0,0.2762,0.532611,0.0,0.0,0,0.0,0.03681461150235469,0.0689,1,increasing,0.1451,False,False,778
SAMD12,0.137506,3,other,1.0,0.2934,0.565293,0.0,0.0,0,0.0041,2.4265475036911713e-15,0.2889,1,increasing,0.0684,False,False,779
SFMBT2,0.13749,3,other,1.0,0.2866,0.552402,0.0,0.0,0,0.0011,1.1940388033792312e-06,0.1826,2,increasing,0.1012,False,False,780
PHLDB2,0.137472,3,other,1.0,0.2932,0.564985,0.0,0.0,0,0.0044,4.604249164794246e-16,0.2964,1,increasing,0.0681,False,False,781
MARCH3,0.13746,3,other,1.0,0.282,0.543687,0.0,0.0,0,0.0001,0.010400476267491776,0.0997,1,increasing,0.1212,False,False,782
PTPRM,0.137416,3,other,1.0,0.2911,0.560995,0.0,0.0,0,0.0033,2.6415093925514673e-13,0.268,1,increasing,0.0782,False,False,783
CDC20,0.137387,3,other,1.0,0.2721,0.524775,0.0,0.0,0,0.0004,0.0009762570059787711,0.1432,1,increasing,0.1597,False,False,784
LGALS2,0.137158,3,other,1.0,0.2996,0.57729,0.0,0.0,0,0.0015,9.62794232562904e-06,0.3137,1,decreasing,0.0454,False,False,785
DOCK4,0.137082,3,other,1.0,0.2778,0.535583,0.0,0.0,0,0.0,0.0358777956756814,0.0828,1,increasing,0.1349,False,False,786
OSBPL1A,0.137079,3,other,1.0,0.2878,0.554609,0.0,0.0,0,0.0014,3.311852460648797e-07,0.1886,3,increasing,0.0923,False,False,787
IGLC3,0.137078,3,immunoglobulin,0.55,0.5605,1.075252,0.0,0.0,0,0.0107,8.981775352026076e-14,0.604,7,decreasing,0.0024,False,False,788
MYH10,0.137061,3,other,1.0,0.2773,0.534554,0.0,0.0,0,0.0002,0.0028879979611527644,0.1018,2,increasing,0.1366,False,False,789
PTGDS,0.137056,3,other,1.0,0.289,0.557065,0.0,0.0,0,0.0002,0.019662040932060355,0.1678,1,decreasing,0.0894,False,False,790
MYO1E,0.136976,3,other,1.0,0.2792,0.538193,0.0,0.0,0,0.0004,0.0005369214060739903,0.1328,1,increasing,0.1278,False,False,791
TUBB1,0.136959,3,other,1.0,0.2812,0.542062,0.0,0.0,0,0.0011,0.00010001380951664738,0.2881,1,increasing,0.1182,False,False,792
COBLL1,0.136874,3,other,1.0,0.29,0.558924,0.0,0.0,0,0.0005,0.0001327259982474016,0.1472,1,increasing,0.0832,False,False,793
ZNF407,0.136828,3,other,1.0,0.2989,0.5759,0.0,0.0,0,0.0041,5.167148558252288e-13,0.2649,4,increasing,0.0401,False,False,794
IL1RAP,0.136825,3,other,1.0,0.2848,0.548924,0.0,0.0,0,0.0019,6.8486688869071215e-09,0.2128,2,increasing,0.101,False,False,795
ZNRF1,0.136764,3,other,1.0,0.2801,0.54002,0.0,0.0,0,0.0006,5.486774653583051e-05,0.1379,2,increasing,0.1217,False,False,796
DTL,0.136701,3,other,1.0,0.2757,0.531509,0.0,0.0,0,0.0002,0.0014063559427725746,0.1093,1,increasing,0.1396,False,False,797
ERLIN1,0.136644,3,other,1.0,0.2754,0.531064,0.0,0.0,0,0.0005,8.096201442648789e-05,0.1472,1,increasing,0.1394,False,False,798
PTGS1,0.136627,3,other,1.0,0.2898,0.558573,0.0,0.0,0,0.0009,5.776529681676549e-06,0.1713,2,increasing,0.0808,False,False,799
TNFAIP2,0.13655,2,other,1.0,0.3104,0.597835,0.0,0.0,0,0.0,1.0,0.0,0,N/A,0.0589,False,False,800
ELK4,0.136525,2,tf,1.3,0.0,0.0,0.2076,435.3085,81,0.0,1.0,0.0,0,N/A,0.4811,False,True,801
CSF1R,0.136467,2,other,1.0,0.3081,0.593444,0.0,0.0,0,0.0,1.0,0.0,0,N/A,0.0673,False,False,802
MGLL,0.136442,3,other,1.0,0.2861,0.551463,0.0,0.0,0,0.0008,2.166797683264612e-05,0.1611,3,increasing,0.0942,False,False,803
DOCK1,0.136353,3,other,1.0,0.2877,0.554509,0.0,0.0,0,0.0025,2.843094375910532e-11,0.2452,1,increasing,0.0837,False,False,804
IL1B,0.136346,3,other,1.0,0.2915,0.561705,0.0,0.0,0,0.0004,0.01043791491220205,0.2419,2,decreasing,0.0727,False,False,805
HDAC9,0.13633,3,other,1.0,0.2812,0.542061,0.0,0.0,0,0.0003,0.0016148618484924558,0.1187,2,increasing,0.114,False,False,806
PPFIBP1,0.136294,3,other,1.0,0.2787,0.537342,0.0,0.0,0,0.0007,1.6492202015077156e-05,0.1632,1,increasing,0.1227,False,False,807
SLC2A3,0.13628,3,other,1.0,0.2858,0.550887,0.0,0.0,0,0.0009,3.4681087920472744e-05,0.1607,4,increasing,0.0939,False,False,808
CDKN1A,0.136254,2,other,1.0,0.2815,0.542728,0.0,0.0,0,0.0,1.0,0.0,0,N/A,0.1715,False,False,809
ANKRD33B,0.136211,3,other,1.0,0.2791,0.53805,0.0,0.0,0,0.0004,0.0006459516242133328,0.1309,1,increasing,0.1212,False,False,810
SH3RF1,0.136171,3,other,1.0,0.2819,0.543452,0.0,0.0,0,0.0011,1.2243749533164335e-06,0.1825,2,increasing,0.108,False,False,811
MPEG1,0.136128,3,other,1.0,0.2969,0.572126,0.0,0.0,0,0.0003,0.010114871979361634,0.1752,1,decreasing,0.0492,False,False,812
RGS18,0.136106,3,other,1.0,0.3025,0.582779,0.0,0.0,0,0.0001,0.026999870491272355,0.0862,1,increasing,0.0271,False,False,813
TMTC2,0.135972,3,other,1.0,0.2818,0.543163,0.0,0.0,0,0.0002,0.0030165073210456687,0.1118,2,increasing,0.1086,False,False,814
CACNB2,0.135966,3,other,1.0,0.2899,0.558668,0.0,0.0,0,0.0036,4.110225673328485e-14,0.2765,1,increasing,0.0693,False,False,815
CYP27A1,0.135785,3,other,1.0,0.2819,0.543403,0.0,0.0,0,0.0007,1.6111854281956077e-05,0.1666,1,increasing,0.1053,False,False,816
KCTD12,0.135724,2,other,1.0,0.304,0.585521,0.0,0.0,0,0.0,1.0,0.0,0,N/A,0.0768,False,False,817
LRRK2,0.135605,2,other,1.0,0.2949,0.568167,0.0,0.0,0,0.0,1.0,0.0,0,N/A,0.112,False,False,818
BRIP1,0.135604,3,other,1.0,0.2763,0.5328,0.0,0.0,0,0.0012,1.8481083513255392e-06,0.1768,3,increasing,0.1251,False,False,819
APBB2,0.135535,3,other,1.0,0.2749,0.530128,0.0,0.0,0,0.0002,0.002507311323570426,0.1168,1,increasing,0.1319,False,False,820
MYO1D,0.135478,3,other,1.0,0.2803,0.540457,0.0,0.0,0,0.0005,9.324100355602007e-05,0.1489,1,increasing,0.1091,False,False,821
PLEK,0.135326,3,other,1.0,0.2873,0.553798,0.0,0.0,0,0.0012,8.311798366685894e-06,0.1971,4,increasing,0.0784,False,False,822
TTC7B,0.135182,3,other,1.0,0.2946,0.567635,0.0,0.0,0,0.0032,1.0531576602864793e-11,0.2502,3,increasing,0.0442,False,False,823
GALNTL6,0.135159,2,other,1.0,0.3127,0.602313,0.0,0.0,0,0.0,1.0,0.0,0,N/A,0.0362,False,False,824
GAS7,0.135154,3,other,1.0,0.2883,0.555619,0.0,0.0,0,0.0001,0.013774539230861449,0.0928,1,increasing,0.0753,False,False,825
CALCRL,0.13502,3,other,1.0,0.2755,0.531231,0.0,0.0,0,0.0004,0.000409479605773426,0.1354,1,increasing,0.1246,False,False,826
MINPP1,0.134989,3,other,1.0,0.2761,0.532378,0.0,0.0,0,0.0002,0.013461364279340042,0.153,2,decreasing,0.1222,False,False,827
GMPR,0.134971,3,other,1.0,0.2843,0.548017,0.0,0.0,0,0.0009,0.0009623032036826357,0.2707,3,decreasing,0.088,False,False,828
BRCA1,0.134963,2,other,1.0,0.0,0.0,0.2544,530.8142,81,0.0,1.0,0.0,0,N/A,0.6493,False,True,829
SPRY1,0.134957,3,other,1.0,0.2696,0.519893,0.0,0.0,0,0.0,0.03628111680687539,0.0813,1,increasing,0.1485,False,False,830
SLC22A15,0.134896,3,other,1.0,0.2842,0.547726,0.0,0.0,0,0.0035,1.63234733483916e-12,0.2563,3,increasing,0.0827,False,False,831
TANC2,0.134839,3,other,1.0,0.2902,0.559292,0.0,0.0,0,0.0019,4.0883605507612115e-08,0.2047,4,increasing,0.0612,False,False,832
DLEU1,0.13482,3,other,1.0,0.2809,0.541529,0.0,0.0,0,0.0003,0.0012065457384452746,0.1247,2,increasing,0.1013,False,False,833
MAP7,0.134789,3,other,1.0,0.2814,0.542383,0.0,0.0,0,0.0014,5.579753321116765e-07,0.1878,3,increasing,0.0972,False,False,834
LTBP1,0.134725,3,other,1.0,0.2767,0.533413,0.0,0.0,0,0.0003,0.0011658238583306586,0.1237,2,increasing,0.1175,False,False,835
SNED1,0.134685,3,other,1.0,0.29,0.55881,0.0,0.0,0,0.003,1.2751425429960954e-12,0.2605,1,increasing,0.0585,False,False,836
NRXN3,0.13459,2,other,1.0,0.2996,0.577162,0.0,0.0,0,0.0,1.0,0.0,0,N/A,0.0835,False,False,837
PCNA,0.134589,3,other,1.0,0.2658,0.512772,0.0,0.0,0,0.0009,0.00024141845329941347,0.2337,3,increasing,0.1583,False,False,838
ZNF367,0.134583,3,other,1.0,0.2694,0.519468,0.0,0.0,0,0.0002,0.0045997446466651565,0.1068,2,increasing,0.1457,False,False,839
TTC28,0.134556,3,other,1.0,0.2835,0.546425,0.0,0.0,0,0.0012,2.3730300486394434e-07,0.1935,1,increasing,0.0869,False,False,840
RHAG,0.134481,3,other,1.0,0.2871,0.553359,0.0,0.0,0,0.003,1.0339269808107812e-07,0.437,2,decreasing,0.068,False,False,841
UST,0.134479,3,other,1.0,0.2791,0.538148,0.0,0.0,0,0.0006,5.600040058018401e-05,0.1533,1,increasing,0.1048,False,False,842
TRIM58,0.13446,3,other,1.0,0.2851,0.549558,0.0,0.0,0,0.0024,1.1334463469792978e-06,0.4001,2,decreasing,0.0771,False,False,843
AFF3,0.134451,3,other,1.0,0.2849,0.54911,0.0,0.0,0,0.0003,0.0011531024663845755,0.1223,1,increasing,0.0822,False,False,844
LAPTM4B,0.134374,3,other,1.0,0.2794,0.538619,0.0,0.0,0,0.0012,9.776240941977374e-07,0.1663,3,increasing,0.1017,False,False,845
SPOCK3,0.134203,3,other,1.0,0.2908,0.56042,0.0,0.0,0,0.0041,3.4930427772185805e-15,0.2874,1,increasing,0.0487,False,False,846
CAT,0.134163,3,other,1.0,0.2639,0.509062,0.0,0.0,0,0.0087,3.619994783948124e-15,0.6371,2,decreasing,0.1466,False,False,847
TGFBI,0.134147,2,other,1.0,0.2933,0.565194,0.0,0.0,0,0.0,1.0,0.0,0,N/A,0.1044,False,False,848
INSR,0.134073,3,other,1.0,0.272,0.52461,0.0,0.0,0,0.0001,0.013044143176039639,0.0935,1,increasing,0.1304,False,False,849
UBE2C,0.134051,3,other,1.0,0.2802,0.540121,0.0,0.0,0,0.0003,0.002332413055179142,0.1328,2,increasing,0.0973,False,False,850
CXCL2,0.134002,3,other,1.0,0.2768,0.533604,0.0,0.0,0,0.0003,0.0016651485769128172,0.1212,1,increasing,0.1106,False,False,851
FANCC,0.133988,3,other,1.0,0.2727,0.525808,0.0,0.0,0,0.0,0.03678034874530372,0.0811,2,increasing,0.1273,False,False,852
ELOVL7,0.133931,3,other,1.0,0.2827,0.545021,0.0,0.0,0,0.0008,9.85760882609929e-06,0.1672,1,increasing,0.085,False,False,853
TMEM117,0.133815,3,other,1.0,0.2791,0.538057,0.0,0.0,0,0.0004,0.0002721759008551952,0.1393,1,increasing,0.0993,False,False,854
CSGALNACT1,0.133814,3,other,1.0,0.2869,0.552937,0.0,0.0,0,0.0042,7.300253591599739e-14,0.3027,2,increasing,0.0605,False,False,855
PDGFC,0.133772,3,other,1.0,0.2823,0.544137,0.0,0.0,0,0.001,4.021761482534702e-06,0.174,2,increasing,0.085,False,False,856
DNAJC6,0.133771,3,other,1.0,0.2845,0.548305,0.0,0.0,0,0.0007,3.473797684783317e-05,0.1452,2,increasing,0.077,False,False,857
PDZK1IP1,0.133761,3,other,1.0,0.2892,0.557322,0.0,0.0,0,0.0033,3.798497038688871e-08,0.4514,2,decreasing,0.0526,False,False,858
TXNDC5,0.133758,3,other,1.0,0.2732,0.526745,0.0,0.0,0,0.0001,0.0084986830618636,0.0895,1,increasing,0.1231,False,False,859
SLC44A1,0.13374,2,other,1.0,0.281,0.541769,0.0,0.0,0,0.0,1.0,0.0,0,N/A,0.1496,False,False,860
CDH7,0.133732,3,other,1.0,0.2909,0.560524,0.0,0.0,0,0.0045,2.3534254087458053e-16,0.298,1,increasing,0.0432,False,False,861
BMP6,0.133576,3,other,1.0,0.2839,0.547144,0.0,0.0,0,0.0013,1.528790549844696e-07,0.1964,1,increasing,0.0763,False,False,862
SLC8A3,0.133409,3,other,1.0,0.2839,0.547202,0.0,0.0,0,0.0018,4.389767962023543e-09,0.2179,1,increasing,0.0737,False,False,863
UBASH3B,0.133247,3,other,1.0,0.2844,0.548118,0.0,0.0,0,0.0003,0.0010960622093823078,0.1257,2,increasing,0.0732,False,False,864
SORBS1,0.13317,3,other,1.0,0.2723,0.525091,0.0,0.0,0,0.0,0.03132936286394687,0.0837,1,increasing,0.1213,False,False,865
PIK3R5,0.133149,3,other,1.0,0.2733,0.52702,0.0,0.0,0,0.0007,5.376160030571085e-05,0.1536,3,increasing,0.1157,False,False,866
CLSPN,0.133147,3,other,1.0,0.2716,0.523684,0.0,0.0,0,0.0001,0.010352143306306669,0.087,1,increasing,0.124,False,False,867
MS4A7,0.133127,3,other,1.0,0.2815,0.542637,0.0,0.0,0,0.0007,0.0005321817108694614,0.2441,1,decreasing,0.0828,False,False,868
HMOX1,0.133124,2,other,1.0,0.2827,0.544867,0.0,0.0,0,0.0,1.0,0.0,0,N/A,0.1372,False,False,869
FILIP1L,0.133088,3,other,1.0,0.2909,0.560575,0.0,0.0,0,0.0025,2.6788629190379708e-11,0.2455,1,increasing,0.0413,False,False,870
RHOB,0.132982,2,other,1.0,0.2841,0.547556,0.0,0.0,0,0.0,1.0,0.0,0,N/A,0.1302,False,False,871
CSF2RA,0.13298,3,other,1.0,0.2806,0.540963,0.0,0.0,0,0.0001,0.025629374695409,0.0952,1,increasing,0.0863,False,False,872
IL12RB2,0.132965,3,other,1.0,0.2882,0.555466,0.0,0.0,0,0.003,1.4488912108825842e-12,0.2599,1,increasing,0.0499,False,False,873
SMAD9,0.13291,2,tf,1.3,0.2124,0.410763,0.0,0.0,0,0.0,1.0,0.0,0,N/A,0.124,False,False,874
IL18,0.132893,3,other,1.0,0.2804,0.540521,0.0,0.0,0,0.0001,0.02027689690558434,0.0868,2,increasing,0.0864,False,False,875
BHLHE40,0.132859,2,other,1.0,0.0,0.0,0.2271,475.0882,81,0.0,1.0,0.0,0,N/A,0.6975,False,True,876
PLSCR4,0.132826,3,other,1.0,0.2834,0.54633,0.0,0.0,0,0.0015,4.1571913097572404e-08,0.2046,1,increasing,0.0709,False,False,877
SLC24A3,0.132806,3,other,1.0,0.2849,0.54908,0.0,0.0,0,0.0007,3.155625504699389e-05,0.1581,2,increasing,0.0664,False,False,878
EMP1,0.132575,3,other,1.0,0.2717,0.523971,0.0,0.0,0,0.0,0.03134977833834477,0.0837,1,increasing,0.1183,False,False,879
HIST1H4F,0.132539,3,other,1.0,0.2448,0.472594,0.0,0.0,0,0.0006,0.00015595872487894624,0.1623,1,increasing,0.2246,False,False,880
HLF,0.132357,3,other,1.0,0.2757,0.531546,0.0,0.0,0,0.0009,5.2638118554925274e-06,0.172,1,increasing,0.0988,False,False,881
RASGEF1B,0.132327,3,other,1.0,0.2808,0.541226,0.0,0.0,0,0.0004,0.000466538015045149,0.1342,1,increasing,0.0792,False,False,882
TMEM170B,0.132218,2,other,1.0,0.2815,0.542576,0.0,0.0,0,0.0,1.0,0.0,0,N/A,0.1334,False,False,883
MACROD2,0.132149,3,other,1.0,0.2809,0.541497,0.0,0.0,0,0.0006,5.507296677525258e-05,0.1534,1,increasing,0.0766,False,False,884
ITGA2B,0.132136,3,other,1.0,0.2871,0.553438,0.0,0.0,0,0.004,1.3713673021671451e-09,0.4157,3,increasing,0.0446,False,False,885
SPTLC3,0.132131,3,other,1.0,0.2786,0.537101,0.0,0.0,0,0.0008,8.63384763859875e-06,0.1683,1,increasing,0.0852,False,False,886
SPARC,0.131999,3,other,1.0,0.2822,0.543955,0.0,0.0,0,0.0005,0.002727091004574336,0.2194,1,increasing,0.0703,False,False,887
GPC6,0.131973,2,other,1.0,0.2814,0.542502,0.0,0.0,0,0.0,1.0,0.0,0,N/A,0.1312,False,False,888
TMCC2,0.13185,3,other,1.0,0.2717,0.52399,0.0,0.0,0,0.0006,0.0024566109121230747,0.2479,1,decreasing,0.1106,False,False,889
CYP1B1,0.131825,2,other,1.0,0.2801,0.539972,0.0,0.0,0,0.0,1.0,0.0,0,N/A,0.1351,False,False,890
SGK1,0.131808,2,other,1.0,0.279,0.537963,0.0,0.0,0,0.0,1.0,0.0,0,N/A,0.1391,False,False,891
SPTA1,0.1318,3,other,1.0,0.2855,0.550213,0.0,0.0,0,0.0042,6.58109641566368e-10,0.5046,1,decreasing,0.048,False,False,892
PDE3A,0.13175,3,other,1.0,0.2808,0.541253,0.0,0.0,0,0.0008,7.654509008468697e-06,0.1692,1,increasing,0.073,False,False,893
PGM5,0.131749,3,other,1.0,0.2858,0.550897,0.0,0.0,0,0.0024,7.791120263313005e-11,0.24,1,increasing,0.0497,False,False,894
MAST4,0.131726,3,other,1.0,0.2785,0.536871,0.0,0.0,0,0.0002,0.00398387373044855,0.1005,2,increasing,0.0832,False,False,895
EVI5,0.131716,3,other,1.0,0.2872,0.553517,0.0,0.0,0,0.0001,0.016722599648969695,0.0908,3,increasing,0.0484,False,False,896
CD163,0.131705,3,other,1.0,0.2905,0.559884,0.0,0.0,0,0.0033,2.763609447107402e-13,0.2677,1,increasing,0.0286,False,False,897
PARD3B,0.131645,3,other,1.0,0.2797,0.539211,0.0,0.0,0,0.0008,1.1874738707318771e-05,0.1658,1,increasing,0.0765,False,False,898
OSBPL10,0.131613,3,other,1.0,0.2735,0.527341,0.0,0.0,0,0.0,0.04551061293606446,0.0723,1,increasing,0.1025,False,False,899
NOS1AP,0.131539,2,other,1.0,0.2889,0.55681,0.0,0.0,0,0.0,1.0,0.0,0,N/A,0.0971,False,False,900
KCNH2,0.131484,3,other,1.0,0.2716,0.523777,0.0,0.0,0,0.0007,6.464432713308879e-05,0.1707,1,increasing,0.1075,False,False,901
NUSAP1,0.131449,3,other,1.0,0.26,0.501683,0.0,0.0,0,0.0005,0.00369525196541143,0.2376,1,decreasing,0.1538,False,False,902
PPP2R2B,0.131285,3,other,1.0,0.2818,0.543205,0.0,0.0,0,0.0006,3.6198195198714656e-05,0.1569,1,increasing,0.0651,False,False,903
MS4A3,0.131229,3,other,1.0,0.2868,0.552785,0.0,0.0,0,0.003,4.355077646463977e-07,0.5307,1,decreasing,0.0398,False,False,904
EGFL7,0.131211,3,other,1.0,0.279,0.537919,0.0,0.0,0,0.0006,0.0024875305301174655,0.217,3,increasing,0.0756,False,False,905
FOLR3,0.131105,3,other,1.0,0.2903,0.559441,0.0,0.0,0,0.0003,0.020235221154244146,0.211,1,decreasing,0.0301,False,False,906
GNAI1,0.13108,3,other,1.0,0.2693,0.519329,0.0,0.0,0,0.0001,0.02375954543294779,0.0882,1,increasing,0.1144,False,False,907
CDKN1C,0.131069,3,other,1.0,0.2733,0.527067,0.0,0.0,0,0.0001,0.048573687366427296,0.123,1,decreasing,0.098,False,False,908
DIAPH3,0.131019,3,other,1.0,0.2692,0.519232,0.0,0.0,0,0.0007,3.7307700562290335e-05,0.1538,2,increasing,0.1128,False,False,909
NBEA,0.130961,3,other,1.0,0.2791,0.537984,0.0,0.0,0,0.0008,1.1601155787088954e-05,0.166,1,increasing,0.0728,False,False,910
CR1L,0.130873,3,other,1.0,0.2696,0.519922,0.0,0.0,0,0.0003,0.015057242111320174,0.1951,1,decreasing,0.1108,False,False,911
NCF2,0.130694,2,other,1.0,0.2847,0.548829,0.0,0.0,0,0.0,1.0,0.0,0,N/A,0.1058,False,False,912
TANC1,0.130677,3,other,1.0,0.2783,0.536452,0.0,0.0,0,0.0006,6.98089196100487e-05,0.1514,1,increasing,0.0738,False,False,913
GTF2B,0.130653,2,other,1.0,0.0,0.0,0.2741,570.882,81,0.0,1.0,0.0,0,N/A,0.5592,False,True,914
JAZF1,0.130622,3,other,1.0,0.2813,0.542329,0.0,0.0,0,0.0002,0.02184286054107818,0.177,2,decreasing,0.0617,False,False,915
OPHN1,0.130559,3,other,1.0,0.2756,0.531311,0.0,0.0,0,0.0003,0.0017611349078995174,0.1206,1,increasing,0.0841,False,False,916
ABCA13,0.130531,3,other,1.0,0.2875,0.554078,0.0,0.0,0,0.0033,6.088895469696055e-12,0.2798,2,increasing,0.03,False,False,917
STK33,0.13048,3,other,1.0,0.2811,0.541983,0.0,0.0,0,0.001,2.2425538812960798e-06,0.1782,1,increasing,0.0597,False,False,918
PDGFD,0.130417,3,other,1.0,0.2791,0.538052,0.0,0.0,0,0.0006,7.436696286623824e-05,0.1508,1,increasing,0.0681,False,False,919
MMRN1,0.130329,3,other,1.0,0.2864,0.551961,0.0,0.0,0,0.0027,4.0527293796482824e-11,0.2434,2,increasing,0.0339,False,False,920
MMP8,0.130235,3,other,1.0,0.2893,0.557503,0.0,0.0,0,0.0005,0.004871077130108176,0.2619,1,decreasing,0.0258,False,False,921
PDE1C,0.130177,3,other,1.0,0.2792,0.538222,0.0,0.0,0,0.0008,6.22846083599667e-06,0.1707,1,increasing,0.065,False,False,922
DST,0.130112,3,other,1.0,0.2782,0.536361,0.0,0.0,0,0.0007,2.1834937366427776e-05,0.161,1,increasing,0.0686,False,False,923
MBOAT2,0.129998,3,other,1.0,0.2703,0.521265,0.0,0.0,0,0.0001,0.013936252940654115,0.0855,2,increasing,0.1004,False,False,924
CD8A,0.129981,3,other,1.0,0.2689,0.518508,0.0,0.0,0,0.0009,2.012439659239738e-05,0.1937,2,increasing,0.1044,False,False,925
PROM1,0.129936,3,other,1.0,0.2764,0.532838,0.0,0.0,0,0.001,4.479784177167093e-06,0.1732,2,increasing,0.0739,False,False,926
BPI,0.129889,3,other,1.0,0.2848,0.548881,0.0,0.0,0,0.0015,9.919935119276334e-05,0.4103,1,decreasing,0.0388,False,False,927
SEMA3C,0.129879,3,other,1.0,0.269,0.518762,0.0,0.0,0,0.0,0.041994437841127503,0.0666,1,increasing,0.1048,False,False,928
MIPOL1,0.129865,3,other,1.0,0.2759,0.531982,0.0,0.0,0,0.0005,0.00018730565233452946,0.1427,1,increasing,0.076,False,False,929
LTF,0.129855,2,other,1.0,0.3001,0.578122,0.0,0.0,0,0.0,1.0,0.0,0,N/A,0.0364,False,False,930
MARCKS,0.129818,3,other,1.0,0.2576,0.496947,0.0,0.0,0,0.0022,3.3317846938175755e-08,0.2762,2,increasing,0.1456,False,False,931
OSBP2,0.129781,3,other,1.0,0.2787,0.537224,0.0,0.0,0,0.0006,0.002256992556389741,0.2503,1,decreasing,0.064,False,False,932
ESAM,0.129749,3,other,1.0,0.2721,0.524663,0.0,0.0,0,0.0007,0.0006809524600491668,0.2486,1,increasing,0.0898,False,False,933
HECW2,0.129684,3,other,1.0,0.2696,0.519911,0.0,0.0,0,0.0,0.04730351155431529,0.0768,1,increasing,0.1006,False,False,934
SLC8A1,0.129644,3,other,1.0,0.2828,0.545115,0.0,0.0,0,0.0001,0.00673360142004146,0.1022,1,increasing,0.0471,False,False,935
DGKG,0.129642,3,other,1.0,0.2727,0.525913,0.0,0.0,0,0.0008,8.580696641208288e-06,0.1655,1,increasing,0.0861,False,False,936
IL3RA,0.129576,3,other,1.0,0.2729,0.526176,0.0,0.0,0,0.0001,0.009860378447257945,0.1004,1,increasing,0.0862,False,False,937
STK32B,0.129562,3,other,1.0,0.2789,0.537744,0.0,0.0,0,0.0007,3.342802706348322e-05,0.1576,1,increasing,0.0608,False,False,938
G0S2,0.129517,2,other,1.0,0.2756,0.531444,0.0,0.0,0,0.0,1.0,0.0,0,N/A,0.131,False,False,939
FBN1,0.129467,3,other,1.0,0.2728,0.525956,0.0,0.0,0,0.0001,0.015603628381249469,0.0944,1,increasing,0.0858,False,False,940
SGIP1,0.12944,3,other,1.0,0.2791,0.538048,0.0,0.0,0,0.0008,1.0556202953631235e-05,0.1667,1,increasing,0.0588,False,False,941
PRC1,0.129426,2,other,1.0,0.2748,0.529868,0.0,0.0,0,0.0,1.0,0.0,0,N/A,0.1334,False,False,942
NMU,0.129245,3,other,1.0,0.2704,0.521435,0.0,0.0,0,0.0023,6.320211554111666e-10,0.2548,1,increasing,0.0888,False,False,943
PKP2,0.129196,2,other,1.0,0.2652,0.511628,0.0,0.0,0,0.0,1.0,0.0,0,N/A,0.1694,False,False,944
GDF15,0.129152,3,other,1.0,0.2622,0.50584,0.0,0.0,0,0.0002,0.006831116391461833,0.1184,1,increasing,0.1249,False,False,945
FAM129C,0.129105,2,other,1.0,0.2846,0.548548,0.0,0.0,0,0.0,1.0,0.0,0,N/A,0.0912,False,False,946
EPS8,0.129093,2,other,1.0,0.2733,0.527038,0.0,0.0,0,0.0,1.0,0.0,0,N/A,0.1362,False,False,947
IGFBP2,0.129086,3,other,1.0,0.269,0.518748,0.0,0.0,0,0.0003,0.004997056576336514,0.1429,2,increasing,0.097,False,False,948
ANXA3,0.129037,2,other,1.0,0.2737,0.52784,0.0,0.0,0,0.0,1.0,0.0,0,N/A,0.134,False,False,949
PARD3,0.128973,3,other,1.0,0.2725,0.52541,0.0,0.0,0,0.0001,0.014469665303919101,0.0954,1,increasing,0.0824,False,False,950
CNKSR3,0.128962,2,other,1.0,0.268,0.516798,0.0,0.0,0,0.0,1.0,0.0,0,N/A,0.1564,False,False,951
CAV1,0.128892,2,other,1.0,0.2598,0.501226,0.0,0.0,0,0.0,1.0,0.0,0,N/A,0.1883,False,False,952
CD14,0.12883,3,other,1.0,0.2697,0.5202,0.0,0.0,0,0.0006,5.066133556945315e-05,0.1575,1,increasing,0.091,False,False,953
MYOM2,0.12879,3,other,1.0,0.284,0.547429,0.0,0.0,0,0.0005,0.0022712538904637353,0.2325,1,decreasing,0.0337,False,False,954
NAV1,0.128773,3,other,1.0,0.2758,0.531744,0.0,0.0,0,0.0004,0.000579143472143967,0.132,1,increasing,0.0668,False,False,955
SPINK2,0.128544,3,other,1.0,0.2778,0.53551,0.0,0.0,0,0.0073,2.54069310105015e-12,0.6732,2,decreasing,0.0429,False,False,956
CD83,0.12854,3,other,1.0,0.2669,0.514775,0.0,0.0,0,0.0004,0.0005856766461884886,0.1335,1,increasing,0.1002,False,False,957
CP,0.128523,2,other,1.0,0.2597,0.500972,0.0,0.0,0,0.0,1.0,0.0,0,N/A,0.1854,False,False,958
ORM1,0.128493,3,other,1.0,0.268,0.516841,0.0,0.0,0,0.0005,0.0002505310883752912,0.1559,1,increasing,0.0952,False,False,959
EPHB1,0.12849,2,other,1.0,0.2614,0.504277,0.0,0.0,0,0.0,1.0,0.0,0,N/A,0.1781,False,False,960
TMTC1,0.128461,3,other,1.0,0.2728,0.526028,0.0,0.0,0,0.0001,0.016337486926244583,0.0937,1,increasing,0.0765,False,False,961
CSF1,0.128407,3,other,1.0,0.2665,0.514012,0.0,0.0,0,0.0001,0.016664905164468384,0.0808,1,increasing,0.1012,False,False,962
CDH4,0.128354,3,other,1.0,0.2743,0.528827,0.0,0.0,0,0.0003,0.0014949651095179548,0.1224,1,increasing,0.0693,False,False,963
APOE,0.128295,2,other,1.0,0.2647,0.510648,0.0,0.0,0,0.0,1.0,0.0,0,N/A,0.1629,False,False,964
LCORL,0.128286,3,other,1.0,0.2584,0.498569,0.0,0.0,0,0.0038,4.074242260048292e-13,0.266,3,increasing,0.1249,False,False,965
RNLS,0.128274,3,other,1.0,0.2757,0.531652,0.0,0.0,0,0.0003,0.0013993239726740722,0.1231,1,increasing,0.0626,False,False,966
SLC11A1,0.128252,3,other,1.0,0.2752,0.530711,0.0,0.0,0,0.0025,2.6960092278307875e-11,0.2459,1,increasing,0.0599,False,False,967
EGFR,0.128193,2,other,1.0,0.2592,0.500095,0.0,0.0,0,0.0,1.0,0.0,0,N/A,0.1841,False,False,968
TP53I3,0.128128,2,other,1.0,0.2702,0.521083,0.0,0.0,0,0.0,1.0,0.0,0,N/A,0.1395,False,False,969
POLQ,0.128045,3,other,1.0,0.269,0.518737,0.0,0.0,0,0.0001,0.0138141639420262,0.0927,1,increasing,0.088,False,False,970
MDGA2,0.127952,3,other,1.0,0.2768,0.533667,0.0,0.0,0,0.0005,9.853253805564057e-05,0.1484,1,increasing,0.055,False,False,971
CLEC7A,0.127951,2,other,1.0,0.2877,0.554423,0.0,0.0,0,0.0,1.0,0.0,0,N/A,0.0679,False,False,972
ITGAX,0.127932,2,other,1.0,0.2837,0.546767,0.0,0.0,0,0.0,1.0,0.0,0,N/A,0.0838,False,False,973
ATP13A3,0.127855,3,other,1.0,0.2801,0.539924,0.0,0.0,0,0.0001,0.01892951252336928,0.088,2,increasing,0.0419,False,False,974
SLC14A1,0.127761,3,other,1.0,0.2728,0.525989,0.0,0.0,0,0.001,0.00020800972866113964,0.3057,1,decreasing,0.0683,False,False,975
SERPINE1,0.127621,2,other,1.0,0.2627,0.50667,0.0,0.0,0,0.0,1.0,0.0,0,N/A,0.1648,False,False,976
FCRLA,0.127571,2,other,1.0,0.2817,0.543042,0.0,0.0,0,0.0,1.0,0.0,0,N/A,0.0882,False,False,977
CAMK2D,0.127553,2,other,1.0,0.2683,0.517504,0.0,0.0,0,0.0,1.0,0.0,0,N/A,0.1415,False,False,978
RYR3,0.127532,3,other,1.0,0.2759,0.531875,0.0,0.0,0,0.0006,5.7167280176697194e-05,0.1375,2,increasing,0.0548,False,False,979
SH3GL3,0.127507,3,other,1.0,0.2689,0.518643,0.0,0.0,0,0.0,0.04216488364283352,0.0787,1,increasing,0.0834,False,False,980
ITGB8,0.127427,2,other,1.0,0.2681,0.517104,0.0,0.0,0,0.0,1.0,0.0,0,N/A,0.1411,False,False,981
C2ORF88,0.127386,3,other,1.0,0.2827,0.544916,0.0,0.0,0,0.0003,0.010653080840950683,0.1401,3,increasing,0.0268,False,False,982
ITSN1,0.127386,2,other,1.0,0.2677,0.516342,0.0,0.0,0,0.0,1.0,0.0,0,N/A,0.1423,False,False,983
CX3CR1,0.127349,3,other,1.0,0.2785,0.536963,0.0,0.0,0,0.0,0.04534356461277763,0.0912,1,increasing,0.0436,False,False,984
TMEM40,0.127235,3,other,1.0,0.2701,0.520916,0.0,0.0,0,0.0007,0.0005491727118368013,0.2533,1,increasing,0.0747,False,False,985
BCLAF1,0.127231,2,other,1.0,0.0,0.0,0.2893,602.0814,81,0.0,1.0,0.0,0,N/A,0.4884,False,True,986
UBE2S,0.127117,3,other,1.0,0.2558,0.493672,0.0,0.0,0,0.0009,4.6160678451819124e-05,0.2008,2,decreasing,0.1305,False,False,987
GNG11,0.127028,2,other,1.0,0.2851,0.54955,0.0,0.0,0,0.0,1.0,0.0,0,N/A,0.0693,False,False,988
MARCH1,0.127001,3,other,1.0,0.2798,0.539427,0.0,0.0,0,0.0,0.02727547375838933,0.0816,1,increasing,0.0352,False,False,989
PCBP3,0.126999,3,other,1.0,0.2798,0.53941,0.0,0.0,0,0.0014,1.841110413157088e-07,0.1926,2,increasing,0.0326,False,False,990
TK1,0.126965,3,other,1.0,0.2531,0.488506,0.0,0.0,0,0.0,0.04078349188730538,0.0671,1,increasing,0.1417,False,False,991
TOP2A,0.126832,3,other,1.0,0.2421,0.467518,0.0,0.0,0,0.0003,0.011856743069284132,0.2044,1,decreasing,0.1838,False,False,992
NEXN,0.126802,3,other,1.0,0.2699,0.520542,0.0,0.0,0,0.0001,0.038654999197583244,0.1331,1,increasing,0.0729,False,False,993
FRMD3,0.126796,3,other,1.0,0.2706,0.521897,0.0,0.0,0,0.0002,0.004918244452083301,0.1059,1,increasing,0.0698,False,False,994
RXFP1,0.126782,3,other,1.0,0.2829,0.545371,0.0,0.0,0,0.0014,1.0068687907685402e-07,0.1991,1,increasing,0.0182,False,False,995
HES4,0.126728,2,other,1.0,0.263,0.507361,0.0,0.0,0,0.0,1.0,0.0,0,N/A,0.1549,False,False,996
HMMR,0.126722,2,other,1.0,0.27,0.520666,0.0,0.0,0,0.0,1.0,0.0,0,N/A,0.1269,False,False,997
DEFA3,0.126656,3,other,1.0,0.2286,0.441614,0.0,0.0,0,0.1104,1.8386130118253387e-64,1.6824,7,decreasing,0.0163,False,False,998
STXBP6,0.126586,3,other,1.0,0.2676,0.516023,0.0,0.0,0,0.0002,0.0022772051030280653,0.1044,1,increasing,0.0802,False,False,999
GNG7,0.126472,2,other,1.0,0.2824,0.544353,0.0,0.0,0,0.0,1.0,0.0,0,N/A,0.0749,False,False,1000
CCNB1,0.126465,3,other,1.0,0.2521,0.48646,0.0,0.0,0,0.0003,0.001802774207883555,0.1359,1,increasing,0.1408,False,False,1001
RHCE,0.126398,3,other,1.0,0.2802,0.540263,0.0,0.0,0,0.003,4.702594035750853e-08,0.4482,1,decreasing,0.0221,False,False,1002
PTGS2,0.126355,2,other,1.0,0.272,0.52457,0.0,0.0,0,0.0,1.0,0.0,0,N/A,0.1153,False,False,1003
ZNF331,0.126335,3,other,1.0,0.2579,0.497563,0.0,0.0,0,0.0003,0.0027223146941319607,0.1161,2,increasing,0.1165,False,False,1004
UHRF1,0.126298,2,other,1.0,0.2749,0.530093,0.0,0.0,0,0.0,1.0,0.0,0,N/A,0.1032,False,False,1005
TM7SF3,0.126272,3,other,1.0,0.2544,0.490976,0.0,0.0,0,0.0005,0.00021476420644561518,0.1269,2,increasing,0.1293,False,False,1006
TIMP3,0.126151,3,other,1.0,0.2726,0.525603,0.0,0.0,0,0.0001,0.03174040325641634,0.0835,2,increasing,0.0564,False,False,1007
TNNT1,0.126123,3,other,1.0,0.275,0.530292,0.0,0.0,0,0.0,0.03897129816955858,0.0809,1,increasing,0.0464,False,False,1008
SRGAP1,0.126122,2,other,1.0,0.2656,0.512298,0.0,0.0,0,0.0,1.0,0.0,0,N/A,0.1388,False,False,1009
CADM2,0.126096,2,other,1.0,0.2822,0.543932,0.0,0.0,0,0.0,1.0,0.0,0,N/A,0.0722,False,False,1010
RASAL2,0.126078,2,other,1.0,0.2673,0.515454,0.0,0.0,0,0.0,1.0,0.0,0,N/A,0.1317,False,False,1011
RPL23,0.126032,3,ribosomal,0.55,0.4548,0.873434,0.0,0.0,0,0.0134,1.0616465082156438e-16,0.5728,8,increasing,0.2374,False,False,1012
VWF,0.125994,3,other,1.0,0.2759,0.531911,0.0,0.0,0,0.0003,0.0012042152530686871,0.1247,1,increasing,0.0413,False,False,1013
CRHBP,0.125933,3,other,1.0,0.2736,0.527498,0.0,0.0,0,0.002,1.0727234494880315e-09,0.2259,1,increasing,0.0466,False,False,1014
CXADR,0.125891,2,other,1.0,0.2615,0.504539,0.0,0.0,0,0.0,1.0,0.0,0,N/A,0.1528,False,False,1015
H1F0,0.125874,2,other,1.0,0.2607,0.503,0.0,0.0,0,0.0,1.0,0.0,0,N/A,0.1559,False,False,1016
IFIT3,0.125873,2,other,1.0,0.2682,0.517253,0.0,0.0,0,0.0,1.0,0.0,0,N/A,0.126,False,False,1017
MYBL2,0.12564,2,other,1.0,0.2724,0.525307,0.0,0.0,0,0.0,1.0,0.0,0,N/A,0.1069,False,False,1018
DAB2,0.125616,2,other,1.0,0.2699,0.520553,0.0,0.0,0,0.0,1.0,0.0,0,N/A,0.1166,False,False,1019
NFYA,0.125518,2,other,1.0,0.0,0.0,0.2812,585.5074,81,0.0,1.0,0.0,0,N/A,0.4924,False,True,1020
SULF2,0.125506,2,other,1.0,0.2794,0.538686,0.0,0.0,0,0.0,1.0,0.0,0,N/A,0.0776,False,False,1021
NHSL1,0.125502,3,other,1.0,0.2722,0.52498,0.0,0.0,0,0.0001,0.02756381134680849,0.0859,1,increasing,0.0519,False,False,1022
KYNU,0.125496,2,other,1.0,0.2771,0.534222,0.0,0.0,0,0.0,1.0,0.0,0,N/A,0.0869,False,False,1023
FGL2,0.125476,3,other,1.0,0.2744,0.529146,0.0,0.0,0,0.0007,0.0006966695891816497,0.2385,1,decreasing,0.0416,False,False,1024
RNF150,0.125397,3,other,1.0,0.2729,0.526153,0.0,0.0,0,0.0002,0.0040705384936855545,0.1112,1,increasing,0.0482,False,False,1025
IL1R1,0.125301,2,other,1.0,0.2816,0.542792,0.0,0.0,0,0.0,1.0,0.0,0,N/A,0.0671,False,False,1026
CD34,0.1251,3,other,1.0,0.2735,0.52745,0.0,0.0,0,0.0001,0.048474003778711784,0.1735,1,decreasing,0.0428,False,False,1027
DAB1,0.125088,2,other,1.0,0.2814,0.542375,0.0,0.0,0,0.0,1.0,0.0,0,N/A,0.0659,False,False,1028
RBP7,0.125073,3,other,1.0,0.2743,0.528979,0.0,0.0,0,0.0001,0.009136865135391702,0.1043,1,increasing,0.0394,False,False,1029
BAALC,0.125011,3,other,1.0,0.2727,0.525889,0.0,0.0,0,0.0005,0.00013428819411522488,0.1457,1,increasing,0.0446,False,False,1030
GP1BB,0.12501,3,other,1.0,0.2388,0.4611,0.0,0.0,0,0.0008,3.2791116092043367e-06,0.1584,1,increasing,0.1797,False,False,1031
CMTM5,0.125001,3,other,1.0,0.2737,0.52773,0.0,0.0,0,0.0015,1.2202244329283394e-05,0.3248,1,increasing,0.0387,False,False,1032
ASPM,0.124944,2,other,1.0,0.2714,0.523283,0.0,0.0,0,0.0,1.0,0.0,0,N/A,0.1045,False,False,1033
PCED1B-AS1,0.12487,3,other,1.0,0.2808,0.541395,0.0,0.0,0,0.001,7.742057602903782e-05,0.2479,2,decreasing,0.0098,False,False,1034
LINGO2,0.124867,3,other,1.0,0.2757,0.531625,0.0,0.0,0,0.0004,0.0004093124211686861,0.1354,1,increasing,0.0315,False,False,1035
AKAP12,0.124836,2,other,1.0,0.2631,0.507435,0.0,0.0,0,0.0,1.0,0.0,0,N/A,0.1367,False,False,1036
ABTB2,0.124802,2,other,1.0,0.2628,0.506917,0.0,0.0,0,0.0,1.0,0.0,0,N/A,0.1375,False,False,1037
ABI3BP,0.124601,3,other,1.0,0.2732,0.526886,0.0,0.0,0,0.0002,0.0020969845396465025,0.1187,1,increasing,0.0393,False,False,1038
MYRIP,0.124508,2,other,1.0,0.2806,0.541032,0.0,0.0,0,0.0,1.0,0.0,0,N/A,0.0632,False,False,1039
CD86,0.124448,2,other,1.0,0.2756,0.531339,0.0,0.0,0,0.0,1.0,0.0,0,N/A,0.0829,False,False,1040
SERPINF1,0.124358,2,other,1.0,0.2618,0.50507,0.0,0.0,0,0.0,1.0,0.0,0,N/A,0.1371,False,False,1041
PTPRS,0.124354,2,other,1.0,0.2651,0.511293,0.0,0.0,0,0.0,1.0,0.0,0,N/A,0.124,False,False,1042
AKAP6,0.12423,3,other,1.0,0.2717,0.523937,0.0,0.0,0,0.0001,0.015613774241407695,0.0943,1,increasing,0.0424,False,False,1043
DIRC3,0.124139,3,other,1.0,0.272,0.524504,0.0,0.0,0,0.0001,0.020528528896322753,0.0904,1,increasing,0.0404,False,False,1044
CENPE,0.124093,2,other,1.0,0.2693,0.519388,0.0,0.0,0,0.0,1.0,0.0,0,N/A,0.1046,False,False,1045
GP6,0.124079,3,other,1.0,0.2658,0.512737,0.0,0.0,0,0.0002,0.01871895763556721,0.1627,1,increasing,0.0643,False,False,1046
ABCA1,0.124077,2,other,1.0,0.2711,0.522866,0.0,0.0,0,0.0,1.0,0.0,0,N/A,0.0971,False,False,1047
HES6,0.124013,3,other,1.0,0.25,0.482474,0.0,0.0,0,0.0019,2.385644494212172e-08,0.2318,2,increasing,0.1237,False,False,1048
SHROOM4,0.124009,3,other,1.0,0.2713,0.523088,0.0,0.0,0,0.0001,0.023351655071338514,0.0885,1,increasing,0.0422,False,False,1049
EPB42,0.124005,3,other,1.0,0.2626,0.506609,0.0,0.0,0,0.0035,6.861148550268584e-09,0.4751,1,decreasing,0.0698,False,False,1050
TEAD1,0.123996,2,other,1.0,0.2594,0.500525,0.0,0.0,0,0.0,1.0,0.0,0,N/A,0.1432,False,False,1051
CMC1,0.123939,3,other,1.0,0.2479,0.47851,0.0,0.0,0,0.0001,0.03307325642717128,0.1212,3,decreasing,0.1348,False,False,1052
STOX2,0.123918,3,other,1.0,0.2685,0.517794,0.0,0.0,0,0.0005,0.00011844925418210202,0.1438,1,increasing,0.0516,False,False,1053
POLA1,0.123884,3,other,1.0,0.2514,0.485158,0.0,0.0,0,0.0014,3.3595918600508025e-07,0.1912,3,increasing,0.1178,False,False,1054
NPR3,0.123874,2,other,1.0,0.2707,0.521977,0.0,0.0,0,0.0,1.0,0.0,0,N/A,0.0971,False,False,1055
PLCL1,0.123863,2,other,1.0,0.2716,0.523661,0.0,0.0,0,0.0,1.0,0.0,0,N/A,0.0934,False,False,1056
LRRC7,0.123786,3,other,1.0,0.2756,0.53141,0.0,0.0,0,0.0003,0.0014706432012253602,0.1226,1,increasing,0.0223,False,False,1057
DPP10,0.123731,2,other,1.0,0.2822,0.544063,0.0,0.0,0,0.0,1.0,0.0,0,N/A,0.0494,False,False,1058
STAT2,0.123725,2,tf,1.3,0.0,0.0,0.2021,424.0422,81,0.0,1.0,0.0,0,N/A,0.4012,False,True,1059
PLAUR,0.123719,3,other,1.0,0.2535,0.489251,0.0,0.0,0,0.0009,5.8905996648261905e-06,0.1742,2,increasing,0.1087,False,False,1060
DNAH14,0.123715,3,other,1.0,0.2544,0.490942,0.0,0.0,0,0.0033,1.4469779142439295e-12,0.2599,2,increasing,0.1004,False,False,1061
MET,0.123714,2,other,1.0,0.2593,0.500225,0.0,0.0,0,0.0,1.0,0.0,0,N/A,0.1411,False,False,1062
TSHZ2,0.12365,2,other,1.0,0.2754,0.530962,0.0,0.0,0,0.0,1.0,0.0,0,N/A,0.0761,False,False,1063
F13A1,0.123487,3,other,1.0,0.269,0.518763,0.0,0.0,0,0.0002,0.02489365235896911,0.1531,1,increasing,0.0463,False,False,1064
SLC7A11,0.123457,2,other,1.0,0.2616,0.50463,0.0,0.0,0,0.0,1.0,0.0,0,N/A,0.1294,False,False,1065
TCF7L1,0.123406,2,other,1.0,0.2597,0.500961,0.0,0.0,0,0.0,1.0,0.0,0,N/A,0.1366,False,False,1066
PRKD1,0.123249,2,other,1.0,0.2691,0.519061,0.0,0.0,0,0.0,1.0,0.0,0,N/A,0.0972,False,False,1067
NR2F2,0.123224,2,other,1.0,0.2593,0.500307,0.0,0.0,0,0.0,1.0,0.0,0,N/A,0.1363,False,False,1068
ADAMTS3,0.123212,2,other,1.0,0.2604,0.502455,0.0,0.0,0,0.0,1.0,0.0,0,N/A,0.1317,False,False,1069
STARD13,0.123104,2,other,1.0,0.2646,0.510438,0.0,0.0,0,0.0,1.0,0.0,0,N/A,0.1139,False,False,1070
DLC1,0.123087,3,other,1.0,0.2662,0.513437,0.0,0.0,0,0.0001,0.006313292301930953,0.093,1,increasing,0.0539,False,False,1071
PTPN13,0.123008,2,other,1.0,0.2613,0.504064,0.0,0.0,0,0.0,1.0,0.0,0,N/A,0.1264,False,False,1072
IKZF2,0.122999,3,other,1.0,0.2527,0.487722,0.0,0.0,0,0.0001,0.028868418877355986,0.0851,1,increasing,0.1072,False,False,1073
EFNB2,0.122992,2,other,1.0,0.2633,0.507934,0.0,0.0,0,0.0,1.0,0.0,0,N/A,0.1181,False,False,1074
PTCRA,0.122908,3,other,1.0,0.2707,0.522038,0.0,0.0,0,0.0003,0.010167881960548783,0.18,1,increasing,0.034,False,False,1075
SLC9A9,0.122867,2,other,1.0,0.2741,0.528466,0.0,0.0,0,0.0,1.0,0.0,0,N/A,0.0739,False,False,1076
UNC5C,0.122825,2,other,1.0,0.2692,0.519225,0.0,0.0,0,0.0,1.0,0.0,0,N/A,0.0929,False,False,1077
CIT,0.122766,2,other,1.0,0.2677,0.51626,0.0,0.0,0,0.0,1.0,0.0,0,N/A,0.0985,False,False,1078
SLC25A21,0.122762,2,other,1.0,0.2647,0.510489,0.0,0.0,0,0.0,1.0,0.0,0,N/A,0.1105,False,False,1079
TM4SF1,0.122737,2,other,1.0,0.26,0.501532,0.0,0.0,0,0.0,1.0,0.0,0,N/A,0.1291,False,False,1080
HBEGF,0.122707,2,other,1.0,0.2671,0.515227,0.0,0.0,0,0.0,1.0,0.0,0,N/A,0.1001,False,False,1081
CLEC11A,0.122693,3,other,1.0,0.2538,0.489821,0.0,0.0,0,0.0003,0.01917106230463226,0.2027,2,decreasing,0.0995,False,False,1082
RTN1,0.122689,2,other,1.0,0.2666,0.514283,0.0,0.0,0,0.0,1.0,0.0,0,N/A,0.1019,False,False,1083
DNASE1L3,0.122686,2,other,1.0,0.2622,0.505759,0.0,0.0,0,0.0,1.0,0.0,0,N/A,0.1197,False,False,1084
DPYSL3,0.122525,2,other,1.0,0.2753,0.530826,0.0,0.0,0,0.0,1.0,0.0,0,N/A,0.0657,False,False,1085
FXYD2,0.122524,2,other,1.0,0.26,0.501587,0.0,0.0,0,0.0,1.0,0.0,0,N/A,0.1269,False,False,1086
RUNX1T1,0.122522,2,other,1.0,0.2606,0.502721,0.0,0.0,0,0.0,1.0,0.0,0,N/A,0.1245,False,False,1087
NCAM1,0.122518,2,other,1.0,0.2613,0.504114,0.0,0.0,0,0.0,1.0,0.0,0,N/A,0.1216,False,False,1088
CYTH3,0.122464,2,other,1.0,0.2688,0.518471,0.0,0.0,0,0.0,1.0,0.0,0,N/A,0.091,False,False,1089
TYROBP,0.122345,3,other,1.0,0.2562,0.494435,0.0,0.0,0,0.0053,1.8008583130471504e-14,0.3097,4,decreasing,0.0767,False,False,1090
CCR10,0.122343,2,other,1.0,0.2608,0.503046,0.0,0.0,0,0.0,1.0,0.0,0,N/A,0.1222,False,False,1091
SMOX,0.122342,2,other,1.0,0.2698,0.520326,0.0,0.0,0,0.0,1.0,0.0,0,N/A,0.0859,False,False,1092
TPM2,0.122335,2,other,1.0,0.2656,0.512231,0.0,0.0,0,0.0,1.0,0.0,0,N/A,0.1028,False,False,1093
CD38,0.122273,3,other,1.0,0.2575,0.496852,0.0,0.0,0,0.0002,0.002717360197506982,0.1131,2,increasing,0.081,False,False,1094
COL5A1,0.122237,2,other,1.0,0.2653,0.511637,0.0,0.0,0,0.0,1.0,0.0,0,N/A,0.1031,False,False,1095
SASH1,0.122224,2,other,1.0,0.2653,0.511815,0.0,0.0,0,0.0,1.0,0.0,0,N/A,0.1026,False,False,1096
COL23A1,0.122199,3,other,1.0,0.2633,0.507834,0.0,0.0,0,0.002,1.153104246265617e-09,0.2229,1,increasing,0.0539,False,False,1097
SEMA6A,0.122102,2,other,1.0,0.264,0.509272,0.0,0.0,0,0.0,1.0,0.0,0,N/A,0.1068,False,False,1098
PPP2R3A,0.122072,2,other,1.0,0.2687,0.51827,0.0,0.0,0,0.0,1.0,0.0,0,N/A,0.0877,False,False,1099
AVP,0.12207,3,other,1.0,0.2672,0.51528,0.0,0.0,0,0.0004,0.00030912497402878566,0.1381,1,increasing,0.0402,False,False,1100
UBE2E2,0.122066,2,other,1.0,0.2682,0.517274,0.0,0.0,0,0.0,1.0,0.0,0,N/A,0.0897,False,False,1101
EMID1,0.122066,3,other,1.0,0.2615,0.504501,0.0,0.0,0,0.001,4.133180692886826e-06,0.1738,2,increasing,0.0617,False,False,1102
BMPR1B,0.121938,2,other,1.0,0.2671,0.515233,0.0,0.0,0,0.0,1.0,0.0,0,N/A,0.0928,False,False,1103
ARG1,0.121929,3,other,1.0,0.2145,0.414757,0.0,0.0,0,0.1022,0.0,0.3497,1,increasing,0.0461,False,False,1104
LMO4,0.121926,3,other,1.0,0.2347,0.45327,0.0,0.0,0,0.0,0.025980436176694856,0.0743,1,increasing,0.1696,False,False,1105
PSD3,0.121917,2,other,1.0,0.2659,0.512942,0.0,0.0,0,0.0,1.0,0.0,0,N/A,0.0974,False,False,1106
NFIB,0.121839,2,other,1.0,0.2657,0.512584,0.0,0.0,0,0.0,1.0,0.0,0,N/A,0.0974,False,False,1107
CDH2,0.121834,2,other,1.0,0.272,0.524587,0.0,0.0,0,0.0,1.0,0.0,0,N/A,0.0722,False,False,1108
FMNL2,0.121777,2,other,1.0,0.2646,0.510475,0.0,0.0,0,0.0,1.0,0.0,0,N/A,0.1012,False,False,1109
FN1,0.121774,2,other,1.0,0.2602,0.501937,0.0,0.0,0,0.0,1.0,0.0,0,N/A,0.1191,False,False,1110
GULP1,0.121523,2,other,1.0,0.2614,0.504293,0.0,0.0,0,0.0,1.0,0.0,0,N/A,0.1117,False,False,1111
EYA1,0.121499,2,other,1.0,0.2597,0.500967,0.0,0.0,0,0.0,1.0,0.0,0,N/A,0.1185,False,False,1112
MME,0.121477,2,other,1.0,0.2634,0.508122,0.0,0.0,0,0.0,1.0,0.0,0,N/A,0.1033,False,False,1113
KLRF1,0.12147,3,other,1.0,0.2712,0.522918,0.0,0.0,0,0.0006,0.0012942338554512356,0.2466,1,decreasing,0.0184,False,False,1114
BACE2,0.121394,2,other,1.0,0.2747,0.52958,0.0,0.0,0,0.0,1.0,0.0,0,N/A,0.0575,False,False,1115
GEM,0.121317,2,other,1.0,0.2612,0.503988,0.0,0.0,0,0.0,1.0,0.0,0,N/A,0.1104,False,False,1116
SLPI,0.121288,2,other,1.0,0.265,0.51115,0.0,0.0,0,0.0,1.0,0.0,0,N/A,0.0951,False,False,1117
PPP1R9A,0.121239,2,other,1.0,0.2623,0.505945,0.0,0.0,0,0.0,1.0,0.0,0,N/A,0.1056,False,False,1118
ZNF683,0.121239,3,other,1.0,0.2642,0.509684,0.0,0.0,0,0.0002,0.005818295896396117,0.1304,1,increasing,0.0448,False,False,1119
EFNA5,0.121195,2,other,1.0,0.2597,0.501064,0.0,0.0,0,0.0,1.0,0.0,0,N/A,0.1154,False,False,1120
FMN1,0.12111,2,other,1.0,0.2702,0.52107,0.0,0.0,0,0.0,1.0,0.0,0,N/A,0.0726,False,False,1121
COL19A1,0.121083,2,other,1.0,0.268,0.516807,0.0,0.0,0,0.0,1.0,0.0,0,N/A,0.0813,False,False,1122
LRP1B,0.121024,2,other,1.0,0.265,0.511091,0.0,0.0,0,0.0,1.0,0.0,0,N/A,0.0927,False,False,1123
HPGD,0.120995,2,other,1.0,0.2643,0.509765,0.0,0.0,0,0.0,1.0,0.0,0,N/A,0.0952,False,False,1124
RASSF8,0.120965,2,other,1.0,0.2678,0.516444,0.0,0.0,0,0.0,1.0,0.0,0,N/A,0.081,False,False,1125
ITGB3,0.120891,2,other,1.0,0.2634,0.508111,0.0,0.0,0,0.0,1.0,0.0,0,N/A,0.0977,False,False,1126
DDAH1,0.12086,2,other,1.0,0.2603,0.502265,0.0,0.0,0,0.0,1.0,0.0,0,N/A,0.1097,False,False,1127
FAM111B,0.12084,2,other,1.0,0.2645,0.510269,0.0,0.0,0,0.0,1.0,0.0,0,N/A,0.0927,False,False,1128
SLC45A3,0.120816,2,other,1.0,0.2619,0.505213,0.0,0.0,0,0.0,1.0,0.0,0,N/A,0.1031,False,False,1129
KIF26B,0.120802,2,other,1.0,0.263,0.507333,0.0,0.0,0,0.0,1.0,0.0,0,N/A,0.0985,False,False,1130
FST,0.120774,2,other,1.0,0.2594,0.500496,0.0,0.0,0,0.0,1.0,0.0,0,N/A,0.1126,False,False,1131
ACRBP,0.120764,2,other,1.0,0.2757,0.531676,0.0,0.0,0,0.0,1.0,0.0,0,N/A,0.0471,False,False,1132
TJP1,0.120746,2,other,1.0,0.2595,0.500636,0.0,0.0,0,0.0,1.0,0.0,0,N/A,0.112,False,False,1133
SYT1,0.120739,2,other,1.0,0.2646,0.510332,0.0,0.0,0,0.0,1.0,0.0,0,N/A,0.0916,False,False,1134
ZNF608,0.120726,2,other,1.0,0.2653,0.511638,0.0,0.0,0,0.0,1.0,0.0,0,N/A,0.0888,False,False,1135
SEPT5,0.120697,2,other,1.0,0.2469,0.476563,0.0,0.0,0,0.0,1.0,0.0,0,N/A,0.162,False,False,1136
NRP1,0.120668,2,other,1.0,0.2601,0.501725,0.0,0.0,0,0.0,1.0,0.0,0,N/A,0.109,False,False,1137
ANGPTL4,0.120657,2,other,1.0,0.2597,0.501055,0.0,0.0,0,0.0,1.0,0.0,0,N/A,0.1103,False,False,1138
PF4V1,0.120655,3,other,1.0,0.2685,0.517741,0.0,0.0,0,0.0002,0.008759177974487605,0.1404,1,decreasing,0.0226,False,False,1139
GPR176,0.120653,2,other,1.0,0.2596,0.50093,0.0,0.0,0,0.0,1.0,0.0,0,N/A,0.1105,False,False,1140
CALD1,0.120633,2,other,1.0,0.2637,0.508733,0.0,0.0,0,0.0,1.0,0.0,0,N/A,0.094,False,False,1141
TTLL7,0.120574,2,other,1.0,0.2645,0.51013,0.0,0.0,0,0.0,1.0,0.0,0,N/A,0.0905,False,False,1142
PACRG,0.120556,2,other,1.0,0.2627,0.506834,0.0,0.0,0,0.0,1.0,0.0,0,N/A,0.0972,False,False,1143
GPR137C,0.120506,2,other,1.0,0.2621,0.505575,0.0,0.0,0,0.0,1.0,0.0,0,N/A,0.0994,False,False,1144
ITPKA,0.1205,2,other,1.0,0.261,0.503587,0.0,0.0,0,0.0,1.0,0.0,0,N/A,0.1035,False,False,1145
RGS6,0.120483,2,other,1.0,0.2689,0.518627,0.0,0.0,0,0.0,1.0,0.0,0,N/A,0.0718,False,False,1146
NCALD,0.120476,2,other,1.0,0.2658,0.512639,0.0,0.0,0,0.0,1.0,0.0,0,N/A,0.0843,False,False,1147
NNMT,0.120445,2,other,1.0,0.2605,0.502565,0.0,0.0,0,0.0,1.0,0.0,0,N/A,0.1051,False,False,1148
PLEKHG1,0.120442,2,other,1.0,0.2662,0.513356,0.0,0.0,0,0.0,1.0,0.0,0,N/A,0.0825,False,False,1149
PRKAA2,0.120432,2,other,1.0,0.2599,0.501439,0.0,0.0,0,0.0,1.0,0.0,0,N/A,0.1073,False,False,1150
LGMN,0.120398,2,other,1.0,0.2618,0.50502,0.0,0.0,0,0.0,1.0,0.0,0,N/A,0.0995,False,False,1151
PDGFA,0.120381,2,other,1.0,0.2653,0.511671,0.0,0.0,0,0.0,1.0,0.0,0,N/A,0.0854,False,False,1152
FGF13,0.12031,2,other,1.0,0.2636,0.508536,0.0,0.0,0,0.0,1.0,0.0,0,N/A,0.0913,False,False,1153
RASSF6,0.120257,3,other,1.0,0.257,0.495876,0.0,0.0,0,0.0005,8.864016790745678e-05,0.1493,1,increasing,0.0642,False,False,1154
ST6GALNAC5,0.120253,2,other,1.0,0.2742,0.528772,0.0,0.0,0,0.0,1.0,0.0,0,N/A,0.0484,False,False,1155
SEMA3A,0.120234,2,other,1.0,0.2605,0.502479,0.0,0.0,0,0.0,1.0,0.0,0,N/A,0.1033,False,False,1156
FAAH2,0.120205,2,other,1.0,0.2729,0.526206,0.0,0.0,0,0.0,1.0,0.0,0,N/A,0.0533,False,False,1157
POU5F1,0.12018,2,other,1.0,0.0,0.0,0.2738,570.4514,81,0.0,1.0,0.0,0,N/A,0.46,False,True,1158
NES,0.120169,2,other,1.0,0.2592,0.500119,0.0,0.0,0,0.0,1.0,0.0,0,N/A,0.1076,False,False,1159
MYO10,0.120166,2,other,1.0,0.2615,0.504532,0.0,0.0,0,0.0,1.0,0.0,0,N/A,0.0983,False,False,1160
MAGI1,0.120132,2,other,1.0,0.261,0.5036,0.0,0.0,0,0.0,1.0,0.0,0,N/A,0.0999,False,False,1161
PTPRD,0.120125,2,other,1.0,0.2696,0.519972,0.0,0.0,0,0.0,1.0,0.0,0,N/A,0.0656,False,False,1162
GPRC5A,0.120098,2,other,1.0,0.2593,0.500285,0.0,0.0,0,0.0,1.0,0.0,0,N/A,0.1066,False,False,1163
GAS2,0.119953,2,other,1.0,0.2677,0.516391,0.0,0.0,0,0.0,1.0,0.0,0,N/A,0.0714,False,False,1164
COL4A2,0.11995,2,other,1.0,0.2595,0.500746,0.0,0.0,0,0.0,1.0,0.0,0,N/A,0.1042,False,False,1165
OLR1,0.119826,2,other,1.0,0.2656,0.512298,0.0,0.0,0,0.0,1.0,0.0,0,N/A,0.0788,False,False,1166
PID1,0.11981,2,other,1.0,0.2697,0.520135,0.0,0.0,0,0.0,1.0,0.0,0,N/A,0.0622,False,False,1167
TNFRSF17,0.119747,2,other,1.0,0.2622,0.505836,0.0,0.0,0,0.0,1.0,0.0,0,N/A,0.0916,False,False,1168
MYLK,0.119744,2,other,1.0,0.2676,0.516022,0.0,0.0,0,0.0,1.0,0.0,0,N/A,0.0702,False,False,1169
RAI14,0.119722,2,other,1.0,0.2598,0.501277,0.0,0.0,0,0.0,1.0,0.0,0,N/A,0.1009,False,False,1170
HIF3A,0.119708,2,other,1.0,0.2679,0.516653,0.0,0.0,0,0.0,1.0,0.0,0,N/A,0.0685,False,False,1171
NRG1,0.119705,2,other,1.0,0.2691,0.519054,0.0,0.0,0,0.0,1.0,0.0,0,N/A,0.0635,False,False,1172
DTNA,0.119633,2,other,1.0,0.2599,0.501492,0.0,0.0,0,0.0,1.0,0.0,0,N/A,0.0996,False,False,1173
ZFPM2,0.119633,2,other,1.0,0.2674,0.515723,0.0,0.0,0,0.0,1.0,0.0,0,N/A,0.0698,False,False,1174
FZD4,0.119582,2,other,1.0,0.2595,0.500736,0.0,0.0,0,0.0,1.0,0.0,0,N/A,0.1007,False,False,1175
EPB41L3,0.119564,2,other,1.0,0.2704,0.52152,0.0,0.0,0,0.0,1.0,0.0,0,N/A,0.057,False,False,1176
LTBP2,0.119548,2,other,1.0,0.2596,0.500819,0.0,0.0,0,0.0,1.0,0.0,0,N/A,0.1002,False,False,1177
ARHGAP42,0.119545,2,other,1.0,0.2625,0.506394,0.0,0.0,0,0.0,1.0,0.0,0,N/A,0.0885,False,False,1178
SPTB,0.119519,2,other,1.0,0.2668,0.514494,0.0,0.0,0,0.0,1.0,0.0,0,N/A,0.0713,False,False,1179
CCDC80,0.119512,2,other,1.0,0.2599,0.501364,0.0,0.0,0,0.0,1.0,0.0,0,N/A,0.0987,False,False,1180
RTKN2,0.119502,2,other,1.0,0.2682,0.517353,0.0,0.0,0,0.0,1.0,0.0,0,N/A,0.0651,False,False,1181
FAT4,0.119493,2,other,1.0,0.2665,0.514014,0.0,0.0,0,0.0,1.0,0.0,0,N/A,0.072,False,False,1182
OSBPL6,0.119488,2,other,1.0,0.26,0.501693,0.0,0.0,0,0.0,1.0,0.0,0,N/A,0.0978,False,False,1183
LTC4S,0.119457,3,other,1.0,0.2533,0.488739,0.0,0.0,0,0.0002,0.004853792572101887,0.1092,1,increasing,0.0726,False,False,1184
KCNN2,0.119454,2,other,1.0,0.2593,0.500186,0.0,0.0,0,0.0,1.0,0.0,0,N/A,0.1006,False,False,1185
FAM167B,0.119382,2,other,1.0,0.26,0.501545,0.0,0.0,0,0.0,1.0,0.0,0,N/A,0.0971,False,False,1186
CACNA2D1,0.119342,2,other,1.0,0.2597,0.50111,0.0,0.0,0,0.0,1.0,0.0,0,N/A,0.0976,False,False,1187
RARRES2,0.119308,2,other,1.0,0.2604,0.502342,0.0,0.0,0,0.0,1.0,0.0,0,N/A,0.0947,False,False,1188
GRIP1,0.119288,2,other,1.0,0.2674,0.515703,0.0,0.0,0,0.0,1.0,0.0,0,N/A,0.0665,False,False,1189
EBI3,0.11928,2,other,1.0,0.2394,0.462221,0.0,0.0,0,0.0,1.0,0.0,0,N/A,0.1785,False,False,1190
MYO16,0.119272,2,other,1.0,0.2614,0.504306,0.0,0.0,0,0.0,1.0,0.0,0,N/A,0.0903,False,False,1191
MMRN2,0.119267,2,other,1.0,0.2594,0.500417,0.0,0.0,0,0.0,1.0,0.0,0,N/A,0.0984,False,False,1192
ALK,0.119246,2,other,1.0,0.2635,0.508354,0.0,0.0,0,0.0,1.0,0.0,0,N/A,0.0815,False,False,1193
CD19,0.119231,2,other,1.0,0.2619,0.505186,0.0,0.0,0,0.0,1.0,0.0,0,N/A,0.088,False,False,1194
AXL,0.119214,2,other,1.0,0.2602,0.501974,0.0,0.0,0,0.0,1.0,0.0,0,N/A,0.0946,False,False,1195
FAM160A1,0.119176,2,other,1.0,0.2601,0.501813,0.0,0.0,0,0.0,1.0,0.0,0,N/A,0.0946,False,False,1196
PAPSS2,0.119148,2,other,1.0,0.2645,0.510219,0.0,0.0,0,0.0,1.0,0.0,0,N/A,0.0767,False,False,1197
PTPRG,0.119114,2,other,1.0,0.261,0.503477,0.0,0.0,0,0.0,1.0,0.0,0,N/A,0.0905,False,False,1198
KRT15,0.119109,2,other,1.0,0.2592,0.500147,0.0,0.0,0,0.0,1.0,0.0,0,N/A,0.0974,False,False,1199
COBL,0.119092,2,other,1.0,0.2613,0.503998,0.0,0.0,0,0.0,1.0,0.0,0,N/A,0.0892,False,False,1200
DKK1,0.119067,2,other,1.0,0.2595,0.50057,0.0,0.0,0,0.0,1.0,0.0,0,N/A,0.0961,False,False,1201
NPNT,0.119063,2,other,1.0,0.2592,0.500057,0.0,0.0,0,0.0,1.0,0.0,0,N/A,0.0972,False,False,1202
KITLG,0.119055,2,other,1.0,0.2594,0.500456,0.0,0.0,0,0.0,1.0,0.0,0,N/A,0.0963,False,False,1203
SDK1,0.119043,2,other,1.0,0.2624,0.506248,0.0,0.0,0,0.0,1.0,0.0,0,N/A,0.084,False,False,1204
COL1A2,0.119034,2,other,1.0,0.2593,0.50018,0.0,0.0,0,0.0,1.0,0.0,0,N/A,0.0966,False,False,1205
TMEM108,0.119033,2,other,1.0,0.2615,0.504561,0.0,0.0,0,0.0,1.0,0.0,0,N/A,0.0875,False,False,1206
GJA1,0.119025,2,other,1.0,0.2594,0.500545,0.0,0.0,0,0.0,1.0,0.0,0,N/A,0.0958,False,False,1207
ARHGAP6,0.119022,2,other,1.0,0.2695,0.519697,0.0,0.0,0,0.0,1.0,0.0,0,N/A,0.0556,False,False,1208
FAM155A,0.118997,2,other,1.0,0.2598,0.501175,0.0,0.0,0,0.0,1.0,0.0,0,N/A,0.0942,False,False,1209
ADARB2,0.118946,2,other,1.0,0.2612,0.503977,0.0,0.0,0,0.0,1.0,0.0,0,N/A,0.0879,False,False,1210
CACNB4,0.118843,2,other,1.0,0.2634,0.50816,0.0,0.0,0,0.0,1.0,0.0,0,N/A,0.0781,False,False,1211
CNTN1,0.118824,2,other,1.0,0.2646,0.510326,0.0,0.0,0,0.0,1.0,0.0,0,N/A,0.0734,False,False,1212
RBMS3,0.118808,2,other,1.0,0.2601,0.501828,0.0,0.0,0,0.0,1.0,0.0,0,N/A,0.091,False,False,1213
RANBP17,0.118784,2,other,1.0,0.2671,0.515086,0.0,0.0,0,0.0,1.0,0.0,0,N/A,0.063,False,False,1214
PLD4,0.118758,2,other,1.0,0.2643,0.509804,0.0,0.0,0,0.0,1.0,0.0,0,N/A,0.0739,False,False,1215
APOB,0.118723,2,other,1.0,0.2592,0.500086,0.0,0.0,0,0.0,1.0,0.0,0,N/A,0.0939,False,False,1216
KCNT2,0.118696,2,other,1.0,0.2649,0.510901,0.0,0.0,0,0.0,1.0,0.0,0,N/A,0.071,False,False,1217
S100A16,0.118684,2,other,1.0,0.2595,0.50063,0.0,0.0,0,0.0,1.0,0.0,0,N/A,0.0924,False,False,1218
RAPGEF5,0.118655,2,other,1.0,0.2617,0.504794,0.0,0.0,0,0.0,1.0,0.0,0,N/A,0.0834,False,False,1219
DDR2,0.118645,2,other,1.0,0.2603,0.502117,0.0,0.0,0,0.0,1.0,0.0,0,N/A,0.0889,False,False,1220
MEG3,0.118643,3,other,1.0,0.2611,0.503784,0.0,0.0,0,0.0021,5.09975953616471e-10,0.23,1,increasing,0.0298,False,False,1221
DCN,0.118632,2,other,1.0,0.2593,0.500332,0.0,0.0,0,0.0,1.0,0.0,0,N/A,0.0925,False,False,1222
SERPINB2,0.118625,2,other,1.0,0.2615,0.504511,0.0,0.0,0,0.0,1.0,0.0,0,N/A,0.0837,False,False,1223
OASL,0.118579,2,other,1.0,0.2655,0.512047,0.0,0.0,0,0.0,1.0,0.0,0,N/A,0.0675,False,False,1224
FSTL1,0.118567,2,other,1.0,0.2611,0.503657,0.0,0.0,0,0.0,1.0,0.0,0,N/A,0.0849,False,False,1225
ENOX1,0.11854,2,other,1.0,0.2648,0.510812,0.0,0.0,0,0.0,1.0,0.0,0,N/A,0.0697,False,False,1226
LRP4,0.118527,2,other,1.0,0.2602,0.501939,0.0,0.0,0,0.0,1.0,0.0,0,N/A,0.0881,False,False,1227
GUCY1B3,0.118482,3,other,1.0,0.2448,0.472664,0.0,0.0,0,0.0003,0.010681271298090439,0.1782,1,increasing,0.0972,False,False,1228
PDGFRA,0.118481,2,other,1.0,0.2631,0.507474,0.0,0.0,0,0.0,1.0,0.0,0,N/A,0.0761,False,False,1229
FBLN1,0.118475,2,other,1.0,0.2595,0.500584,0.0,0.0,0,0.0,1.0,0.0,0,N/A,0.0905,False,False,1230
LDLRAD3,0.11847,2,other,1.0,0.2673,0.515528,0.0,0.0,0,0.0,1.0,0.0,0,N/A,0.0591,False,False,1231
RASL12,0.118449,2,other,1.0,0.2593,0.500219,0.0,0.0,0,0.0,1.0,0.0,0,N/A,0.091,False,False,1232
NEK10,0.118433,2,other,1.0,0.2622,0.50588,0.0,0.0,0,0.0,1.0,0.0,0,N/A,0.079,False,False,1233
COL12A1,0.118403,2,other,1.0,0.2592,0.500121,0.0,0.0,0,0.0,1.0,0.0,0,N/A,0.0908,False,False,1234
NCAM2,0.118394,2,other,1.0,0.2638,0.508865,0.0,0.0,0,0.0,1.0,0.0,0,N/A,0.0724,False,False,1235
NELL2,0.118385,2,other,1.0,0.2697,0.520165,0.0,0.0,0,0.0,1.0,0.0,0,N/A,0.0486,False,False,1236
CTNNA3,0.118375,2,other,1.0,0.2647,0.510498,0.0,0.0,0,0.0,1.0,0.0,0,N/A,0.0687,False,False,1237
FGF7,0.118355,2,other,1.0,0.2601,0.501866,0.0,0.0,0,0.0,1.0,0.0,0,N/A,0.0866,False,False,1238
NRP2,0.118318,2,other,1.0,0.2601,0.50184,0.0,0.0,0,0.0,1.0,0.0,0,N/A,0.0864,False,False,1239
A2M,0.118263,2,other,1.0,0.2676,0.516049,0.0,0.0,0,0.0,1.0,0.0,0,N/A,0.0561,False,False,1240
DMD,0.118236,2,other,1.0,0.2646,0.510458,0.0,0.0,0,0.0,1.0,0.0,0,N/A,0.0675,False,False,1241
DLGAP1,0.118206,2,other,1.0,0.2644,0.509926,0.0,0.0,0,0.0,1.0,0.0,0,N/A,0.0683,False,False,1242
HPGDS,0.118202,2,other,1.0,0.2716,0.52367,0.0,0.0,0,0.0,1.0,0.0,0,N/A,0.0395,False,False,1243
CADPS2,0.118201,2,other,1.0,0.2618,0.505094,0.0,0.0,0,0.0,1.0,0.0,0,N/A,0.0784,False,False,1244
PRTG,0.118186,2,other,1.0,0.2614,0.504298,0.0,0.0,0,0.0,1.0,0.0,0,N/A,0.0799,False,False,1245
GHR,0.118185,2,other,1.0,0.2607,0.50301,0.0,0.0,0,0.0,1.0,0.0,0,N/A,0.0826,False,False,1246
ZNF704,0.118175,2,other,1.0,0.2636,0.508492,0.0,0.0,0,0.0,1.0,0.0,0,N/A,0.071,False,False,1247
SDC2,0.118149,2,other,1.0,0.2611,0.503709,0.0,0.0,0,0.0,1.0,0.0,0,N/A,0.0808,False,False,1248
EMP2,0.118137,2,other,1.0,0.2601,0.50176,0.0,0.0,0,0.0,1.0,0.0,0,N/A,0.0848,False,False,1249
CADM1,0.118124,2,other,1.0,0.2598,0.501181,0.0,0.0,0,0.0,1.0,0.0,0,N/A,0.0859,False,False,1250
CACNA1C,0.118118,2,other,1.0,0.267,0.514972,0.0,0.0,0,0.0,1.0,0.0,0,N/A,0.0569,False,False,1251
TP63,0.118094,2,other,1.0,0.2596,0.500909,0.0,0.0,0,0.0,1.0,0.0,0,N/A,0.0862,False,False,1252
CDH5,0.118083,2,other,1.0,0.2593,0.500299,0.0,0.0,0,0.0,1.0,0.0,0,N/A,0.0873,False,False,1253
IGF1,0.11808,2,other,1.0,0.2596,0.500857,0.0,0.0,0,0.0,1.0,0.0,0,N/A,0.0861,False,False,1254
ADAM23,0.118041,2,other,1.0,0.2609,0.503403,0.0,0.0,0,0.0,1.0,0.0,0,N/A,0.0804,False,False,1255
PCLO,0.118027,2,other,1.0,0.2646,0.510415,0.0,0.0,0,0.0,1.0,0.0,0,N/A,0.0656,False,False,1256
THSD7A,0.117983,2,other,1.0,0.2686,0.518103,0.0,0.0,0,0.0,1.0,0.0,0,N/A,0.0491,False,False,1257
MID1,0.117976,2,other,1.0,0.2641,0.509344,0.0,0.0,0,0.0,1.0,0.0,0,N/A,0.0674,False,False,1258
CACHD1,0.117953,2,other,1.0,0.2653,0.511712,0.0,0.0,0,0.0,1.0,0.0,0,N/A,0.0622,False,False,1259
NAV2,0.117953,2,other,1.0,0.2622,0.505768,0.0,0.0,0,0.0,1.0,0.0,0,N/A,0.0746,False,False,1260
ALOX12,0.117946,2,other,1.0,0.2653,0.511808,0.0,0.0,0,0.0,1.0,0.0,0,N/A,0.0619,False,False,1261
TMEM176A,0.117946,3,other,1.0,0.1866,0.36142,0.0,0.0,0,0.1479,0.0,0.5433,1,increasing,0.0302,False,False,1262
GALNT14,0.117946,3,other,1.0,0.25,0.482553,0.0,0.0,0,0.0,0.04843443118423754,0.0764,1,increasing,0.0721,False,False,1263
BNC2,0.117933,2,other,1.0,0.2605,0.50265,0.0,0.0,0,0.0,1.0,0.0,0,N/A,0.081,False,False,1264
SMC4,0.117928,3,other,1.0,0.2231,0.431158,0.0,0.0,0,0.0007,0.00018522553814123238,0.1479,4,decreasing,0.1784,False,False,1265
NOSTRIN,0.11792,2,other,1.0,0.2602,0.502049,0.0,0.0,0,0.0,1.0,0.0,0,N/A,0.0821,False,False,1266
GPM6A,0.11789,2,other,1.0,0.2649,0.510971,0.0,0.0,0,0.0,1.0,0.0,0,N/A,0.0631,False,False,1267
FCGR3B,0.117883,3,other,1.0,0.2654,0.512005,0.0,0.0,0,0.0002,0.04156913288122032,0.1725,1,decreasing,0.0096,False,False,1268
GNG12,0.11785,2,other,1.0,0.2597,0.500955,0.0,0.0,0,0.0,1.0,0.0,0,N/A,0.0837,False,False,1269
ANGPTL1,0.117841,2,other,1.0,0.2671,0.51522,0.0,0.0,0,0.0,1.0,0.0,0,N/A,0.0538,False,False,1270
MPDZ,0.117838,2,other,1.0,0.2677,0.516263,0.0,0.0,0,0.0,1.0,0.0,0,N/A,0.0516,False,False,1271
CNTNAP2,0.117836,2,other,1.0,0.2659,0.512944,0.0,0.0,0,0.0,1.0,0.0,0,N/A,0.0585,False,False,1272
PAPPA,0.117835,2,other,1.0,0.2597,0.50095,0.0,0.0,0,0.0,1.0,0.0,0,N/A,0.0836,False,False,1273
OLFML3,0.117833,2,other,1.0,0.2595,0.500724,0.0,0.0,0,0.0,1.0,0.0,0,N/A,0.0841,False,False,1274
RRAD,0.117764,2,other,1.0,0.2597,0.500965,0.0,0.0,0,0.0,1.0,0.0,0,N/A,0.0829,False,False,1275
RIMS2,0.117755,2,other,1.0,0.2598,0.50124,0.0,0.0,0,0.0,1.0,0.0,0,N/A,0.0822,False,False,1276
SCML2,0.117741,3,other,1.0,0.2441,0.471213,0.0,0.0,0,0.0008,1.3222147688080015e-05,0.165,1,increasing,0.0925,False,False,1277
CCL20,0.117737,2,other,1.0,0.2593,0.500325,0.0,0.0,0,0.0,1.0,0.0,0,N/A,0.084,False,False,1278
PALMD,0.117734,2,other,1.0,0.2595,0.500603,0.0,0.0,0,0.0,1.0,0.0,0,N/A,0.0834,False,False,1279
CORIN,0.117724,2,other,1.0,0.2595,0.500573,0.0,0.0,0,0.0,1.0,0.0,0,N/A,0.0833,False,False,1280
ERBB4,0.117715,2,other,1.0,0.26,0.501522,0.0,0.0,0,0.0,1.0,0.0,0,N/A,0.0813,False,False,1281
CCDC85A,0.117706,2,other,1.0,0.26,0.501647,0.0,0.0,0,0.0,1.0,0.0,0,N/A,0.0809,False,False,1282
NTN4,0.117671,2,other,1.0,0.2596,0.500794,0.0,0.0,0,0.0,1.0,0.0,0,N/A,0.0824,False,False,1283
DYNC1I1,0.117662,2,other,1.0,0.2647,0.510597,0.0,0.0,0,0.0,1.0,0.0,0,N/A,0.0618,False,False,1284
KDR,0.117619,2,other,1.0,0.2594,0.500367,0.0,0.0,0,0.0,1.0,0.0,0,N/A,0.0828,False,False,1285
TF,0.117618,2,other,1.0,0.2598,0.501236,0.0,0.0,0,0.0,1.0,0.0,0,N/A,0.0809,False,False,1286
LRRC4C,0.1176,2,other,1.0,0.2639,0.509013,0.0,0.0,0,0.0,1.0,0.0,0,N/A,0.0645,False,False,1287
CDH10,0.11759,2,other,1.0,0.2594,0.500555,0.0,0.0,0,0.0,1.0,0.0,0,N/A,0.0821,False,False,1288
SUZ12,0.117567,2,tf,1.3,0.0,0.0,0.1159,248.1898,81,0.0,1.0,0.0,0,N/A,0.5715,False,True,1289
CYP7B1,0.117564,3,other,1.0,0.2517,0.485778,0.0,0.0,0,0.0001,0.028405508312512397,0.0807,2,increasing,0.0618,False,False,1290
PALM2-AKAP2,0.117554,2,other,1.0,0.2702,0.520991,0.0,0.0,0,0.0,1.0,0.0,0,N/A,0.0389,False,False,1291
LIFR,0.117526,2,other,1.0,0.2593,0.500193,0.0,0.0,0,0.0,1.0,0.0,0,N/A,0.0823,False,False,1292
CMTM2,0.117514,2,other,1.0,0.2676,0.516105,0.0,0.0,0,0.0,1.0,0.0,0,N/A,0.0488,False,False,1293
JPH1,0.117513,2,other,1.0,0.2594,0.500374,0.0,0.0,0,0.0,1.0,0.0,0,N/A,0.0817,False,False,1294
SH3RF3,0.117496,2,other,1.0,0.263,0.507254,0.0,0.0,0,0.0,1.0,0.0,0,N/A,0.0672,False,False,1295
LAMA4,0.117494,2,other,1.0,0.2595,0.500604,0.0,0.0,0,0.0,1.0,0.0,0,N/A,0.0811,False,False,1296
HMCN1,0.117463,2,other,1.0,0.2596,0.50086,0.0,0.0,0,0.0,1.0,0.0,0,N/A,0.0803,False,False,1297
VEGFC,0.117461,2,other,1.0,0.2601,0.501829,0.0,0.0,0,0.0,1.0,0.0,0,N/A,0.0782,False,False,1298
ANK2,0.117445,2,other,1.0,0.2599,0.50148,0.0,0.0,0,0.0,1.0,0.0,0,N/A,0.0788,False,False,1299
TMEFF2,0.117395,2,other,1.0,0.265,0.511185,0.0,0.0,0,0.0,1.0,0.0,0,N/A,0.058,False,False,1300
CLUL1,0.117304,2,other,1.0,0.2598,0.501202,0.0,0.0,0,0.0,1.0,0.0,0,N/A,0.078,False,False,1301
LRAT,0.117297,2,other,1.0,0.2654,0.51195,0.0,0.0,0,0.0,1.0,0.0,0,N/A,0.0554,False,False,1302
PPM1E,0.117281,2,other,1.0,0.26,0.501644,0.0,0.0,0,0.0,1.0,0.0,0,N/A,0.0769,False,False,1303
GALNT13,0.117278,2,other,1.0,0.2648,0.510703,0.0,0.0,0,0.0,1.0,0.0,0,N/A,0.0579,False,False,1304
KRT5,0.117262,2,other,1.0,0.2593,0.500265,0.0,0.0,0,0.0,1.0,0.0,0,N/A,0.0796,False,False,1305
PTPN3,0.117234,2,other,1.0,0.2593,0.500181,0.0,0.0,0,0.0,1.0,0.0,0,N/A,0.0795,False,False,1306
MAPK10,0.1172,2,other,1.0,0.2595,0.500661,0.0,0.0,0,0.0,1.0,0.0,0,N/A,0.0782,False,False,1307
FLRT2,0.117198,2,other,1.0,0.2598,0.501248,0.0,0.0,0,0.0,1.0,0.0,0,N/A,0.0769,False,False,1308
ANO2,0.117191,2,other,1.0,0.2678,0.516499,0.0,0.0,0,0.0,1.0,0.0,0,N/A,0.0449,False,False,1309
CCL2,0.117142,2,other,1.0,0.2595,0.500687,0.0,0.0,0,0.0,1.0,0.0,0,N/A,0.0776,False,False,1310
SFRP2,0.117132,2,other,1.0,0.2594,0.500497,0.0,0.0,0,0.0,1.0,0.0,0,N/A,0.0779,False,False,1311
NOVA2,0.117129,2,other,1.0,0.2593,0.500193,0.0,0.0,0,0.0,1.0,0.0,0,N/A,0.0785,False,False,1312
SYN3,0.117124,2,other,1.0,0.2623,0.505908,0.0,0.0,0,0.0,1.0,0.0,0,N/A,0.0665,False,False,1313
CCND1,0.117109,2,other,1.0,0.2399,0.463296,0.0,0.0,0,0.0,1.0,0.0,0,N/A,0.1556,False,False,1314
CLCA2,0.117103,2,other,1.0,0.2592,0.500027,0.0,0.0,0,0.0,1.0,0.0,0,N/A,0.0786,False,False,1315
SPOCK1,0.117094,2,other,1.0,0.2607,0.503027,0.0,0.0,0,0.0,1.0,0.0,0,N/A,0.0722,False,False,1316
COL4A1,0.117092,2,other,1.0,0.2595,0.500675,0.0,0.0,0,0.0,1.0,0.0,0,N/A,0.0771,False,False,1317
FRAS1,0.117052,2,other,1.0,0.26,0.501523,0.0,0.0,0,0.0,1.0,0.0,0,N/A,0.075,False,False,1318
NTRK2,0.117052,2,other,1.0,0.2595,0.500571,0.0,0.0,0,0.0,1.0,0.0,0,N/A,0.0769,False,False,1319
TMEM232,0.11702,2,other,1.0,0.2652,0.511623,0.0,0.0,0,0.0,1.0,0.0,0,N/A,0.0535,False,False,1320
VGLL3,0.116986,2,other,1.0,0.2593,0.500225,0.0,0.0,0,0.0,1.0,0.0,0,N/A,0.077,False,False,1321
STARD9,0.116984,3,other,1.0,0.2441,0.471237,0.0,0.0,0,0.0014,7.316184876597822e-08,0.2011,1,increasing,0.0843,False,False,1322
C4ORF45,0.116967,2,other,1.0,0.2755,0.531107,0.0,0.0,0,0.0,1.0,0.0,0,N/A,0.0122,False,False,1323
GNG4,0.116939,2,other,1.0,0.2596,0.500886,0.0,0.0,0,0.0,1.0,0.0,0,N/A,0.0752,False,False,1324
FSTL4,0.116882,2,other,1.0,0.2595,0.500705,0.0,0.0,0,0.0,1.0,0.0,0,N/A,0.0751,False,False,1325
TRIM67,0.11688,2,other,1.0,0.2592,0.500089,0.0,0.0,0,0.0,1.0,0.0,0,N/A,0.0763,False,False,1326
CNN1,0.116877,2,other,1.0,0.2594,0.500463,0.0,0.0,0,0.0,1.0,0.0,0,N/A,0.0755,False,False,1327
SLC22A3,0.116874,2,other,1.0,0.2592,0.500115,0.0,0.0,0,0.0,1.0,0.0,0,N/A,0.0762,False,False,1328
IL22,0.116858,2,other,1.0,0.2592,0.500073,0.0,0.0,0,0.0,1.0,0.0,0,N/A,0.0761,False,False,1329
CCNJL,0.116837,2,other,1.0,0.2603,0.502246,0.0,0.0,0,0.0,1.0,0.0,0,N/A,0.0714,False,False,1330
DLGAP5,0.116835,2,other,1.0,0.2512,0.484816,0.0,0.0,0,0.0,1.0,0.0,0,N/A,0.1079,False,False,1331
CPE,0.116799,2,other,1.0,0.2595,0.500589,0.0,0.0,0,0.0,1.0,0.0,0,N/A,0.0745,False,False,1332
SPDYC,0.116787,2,other,1.0,0.2606,0.5027,0.0,0.0,0,0.0,1.0,0.0,0,N/A,0.07,False,False,1333
ROBO2,0.116786,2,other,1.0,0.261,0.503461,0.0,0.0,0,0.0,1.0,0.0,0,N/A,0.0684,False,False,1334
PTH2R,0.116778,2,other,1.0,0.2668,0.514614,0.0,0.0,0,0.0,1.0,0.0,0,N/A,0.0449,False,False,1335
NTRK3,0.116762,2,other,1.0,0.2597,0.500958,0.0,0.0,0,0.0,1.0,0.0,0,N/A,0.0734,False,False,1336
GLIS3,0.116755,2,other,1.0,0.2608,0.503082,0.0,0.0,0,0.0,1.0,0.0,0,N/A,0.0689,False,False,1337
TOX2,0.116751,2,other,1.0,0.2614,0.504196,0.0,0.0,0,0.0,1.0,0.0,0,N/A,0.0665,False,False,1338
RAB3C,0.116739,2,other,1.0,0.2602,0.50201,0.0,0.0,0,0.0,1.0,0.0,0,N/A,0.071,False,False,1339
MAMDC2,0.116737,2,other,1.0,0.2664,0.51386,0.0,0.0,0,0.0,1.0,0.0,0,N/A,0.0461,False,False,1340
ACTG2,0.116732,2,other,1.0,0.2592,0.500048,0.0,0.0,0,0.0,1.0,0.0,0,N/A,0.075,False,False,1341
IGSF6,0.116719,3,other,1.0,0.2583,0.498308,0.0,0.0,0,0.0007,3.6077989070435756e-05,0.1602,1,increasing,0.0267,False,False,1342
ENPP3,0.116714,2,other,1.0,0.2617,0.504863,0.0,0.0,0,0.0,1.0,0.0,0,N/A,0.0647,False,False,1343
ZFHX4,0.116714,2,other,1.0,0.2592,0.500136,0.0,0.0,0,0.0,1.0,0.0,0,N/A,0.0746,False,False,1344
IGFBP5,0.116696,2,other,1.0,0.2597,0.501025,0.0,0.0,0,0.0,1.0,0.0,0,N/A,0.0726,False,False,1345
MMP19,0.116672,2,other,1.0,0.2622,0.505851,0.0,0.0,0,0.0,1.0,0.0,0,N/A,0.0623,False,False,1346
RASGRF2,0.116626,2,other,1.0,0.2641,0.509451,0.0,0.0,0,0.0,1.0,0.0,0,N/A,0.0543,False,False,1347
CNRIP1,0.116612,3,other,1.0,0.2482,0.479126,0.0,0.0,0,0.0004,0.0014463653769663102,0.1386,2,increasing,0.0665,False,False,1348
AREG,0.11661,3,other,1.0,0.0862,0.169712,0.0,0.0,0,0.329,0.0,1.0294,5,increasing,0.0574,False,False,1349
KCNK13,0.116579,2,other,1.0,0.2601,0.501876,0.0,0.0,0,0.0,1.0,0.0,0,N/A,0.0697,False,False,1350
BICC1,0.116539,2,other,1.0,0.2626,0.506641,0.0,0.0,0,0.0,1.0,0.0,0,N/A,0.0593,False,False,1351
SHANK2,0.116503,2,other,1.0,0.265,0.511219,0.0,0.0,0,0.0,1.0,0.0,0,N/A,0.0494,False,False,1352
FLT1,0.116486,2,other,1.0,0.2603,0.502239,0.0,0.0,0,0.0,1.0,0.0,0,N/A,0.0681,False,False,1353
GRASP,0.116462,3,other,1.0,0.2443,0.471589,0.0,0.0,0,0.0013,2.49919057822416e-07,0.1965,1,increasing,0.0791,False,False,1354
TSPAN7,0.116459,2,other,1.0,0.2631,0.507514,0.0,0.0,0,0.0,1.0,0.0,0,N/A,0.0568,False,False,1355
TLL1,0.116453,2,other,1.0,0.2593,0.500283,0.0,0.0,0,0.0,1.0,0.0,0,N/A,0.0719,False,False,1356
SDK2,0.116443,2,other,1.0,0.262,0.505448,0.0,0.0,0,0.0,1.0,0.0,0,N/A,0.0609,False,False,1357
CLVS1,0.116413,2,other,1.0,0.2604,0.502281,0.0,0.0,0,0.0,1.0,0.0,0,N/A,0.0673,False,False,1358
COL6A5,0.116367,2,other,1.0,0.2601,0.50175,0.0,0.0,0,0.0,1.0,0.0,0,N/A,0.068,False,False,1359
ZMAT4,0.116339,2,other,1.0,0.2596,0.500835,0.0,0.0,0,0.0,1.0,0.0,0,N/A,0.0696,False,False,1360
RHOJ,0.116336,2,other,1.0,0.2594,0.50039,0.0,0.0,0,0.0,1.0,0.0,0,N/A,0.0705,False,False,1361
PTGER3,0.116328,2,other,1.0,0.2599,0.501355,0.0,0.0,0,0.0,1.0,0.0,0,N/A,0.0684,False,False,1362
HPSE2,0.116325,2,other,1.0,0.2598,0.501259,0.0,0.0,0,0.0,1.0,0.0,0,N/A,0.0686,False,False,1363
PTH1R,0.116318,2,other,1.0,0.2594,0.500434,0.0,0.0,0,0.0,1.0,0.0,0,N/A,0.0702,False,False,1364
LRFN2,0.116273,2,other,1.0,0.2608,0.503077,0.0,0.0,0,0.0,1.0,0.0,0,N/A,0.0643,False,False,1365
CDH11,0.116248,2,other,1.0,0.2592,0.500126,0.0,0.0,0,0.0,1.0,0.0,0,N/A,0.0702,False,False,1366
RELN,0.116239,2,other,1.0,0.2596,0.50077,0.0,0.0,0,0.0,1.0,0.0,0,N/A,0.0688,False,False,1367
MMD,0.116228,3,other,1.0,0.2377,0.458951,0.0,0.0,0,0.0001,0.03696053365470406,0.1356,1,increasing,0.1058,False,False,1368
FABP4,0.116204,2,other,1.0,0.2606,0.502698,0.0,0.0,0,0.0,1.0,0.0,0,N/A,0.0644,False,False,1369
COLEC12,0.116167,2,other,1.0,0.2619,0.505174,0.0,0.0,0,0.0,1.0,0.0,0,N/A,0.0589,False,False,1370
TIMP4,0.116159,2,other,1.0,0.2597,0.501063,0.0,0.0,0,0.0,1.0,0.0,0,N/A,0.0674,False,False,1371
WNT5B,0.116152,2,other,1.0,0.2613,0.504127,0.0,0.0,0,0.0,1.0,0.0,0,N/A,0.0609,False,False,1372
PRH1,0.116146,2,other,1.0,0.2695,0.519796,0.0,0.0,0,0.0,1.0,0.0,0,N/A,0.028,False,False,1373
COL4A5,0.116146,2,other,1.0,0.2594,0.500368,0.0,0.0,0,0.0,1.0,0.0,0,N/A,0.0687,False,False,1374
CNTNAP5,0.11613,2,other,1.0,0.2653,0.511749,0.0,0.0,0,0.0,1.0,0.0,0,N/A,0.0448,False,False,1375
SLC41A2,0.116121,2,other,1.0,0.2632,0.507756,0.0,0.0,0,0.0,1.0,0.0,0,N/A,0.053,False,False,1376
MYO18B,0.116119,2,other,1.0,0.2596,0.500834,0.0,0.0,0,0.0,1.0,0.0,0,N/A,0.0675,False,False,1377
ARPP21,0.116111,2,other,1.0,0.2634,0.508166,0.0,0.0,0,0.0,1.0,0.0,0,N/A,0.0521,False,False,1378
ALDH1A3,0.1161,2,other,1.0,0.2592,0.500136,0.0,0.0,0,0.0,1.0,0.0,0,N/A,0.0688,False,False,1379
DOK6,0.116052,2,other,1.0,0.2652,0.511482,0.0,0.0,0,0.0,1.0,0.0,0,N/A,0.0446,False,False,1380
NME5,0.116049,2,other,1.0,0.2598,0.501168,0.0,0.0,0,0.0,1.0,0.0,0,N/A,0.0661,False,False,1381
PDZRN3,0.116047,2,other,1.0,0.2607,0.503002,0.0,0.0,0,0.0,1.0,0.0,0,N/A,0.0623,False,False,1382
C1QTNF1,0.116044,2,other,1.0,0.2594,0.500444,0.0,0.0,0,0.0,1.0,0.0,0,N/A,0.0676,False,False,1383
KCNIP4,0.116043,2,other,1.0,0.2623,0.506014,0.0,0.0,0,0.0,1.0,0.0,0,N/A,0.0559,False,False,1384
DERL3,0.116041,2,other,1.0,0.2515,0.485353,0.0,0.0,0,0.0,1.0,0.0,0,N/A,0.0992,False,False,1385
GGT5,0.11604,2,other,1.0,0.2597,0.500991,0.0,0.0,0,0.0,1.0,0.0,0,N/A,0.0664,False,False,1386
PGF,0.11597,2,other,1.0,0.2599,0.501453,0.0,0.0,0,0.0,1.0,0.0,0,N/A,0.0648,False,False,1387
CCBE1,0.115968,2,other,1.0,0.2597,0.500991,0.0,0.0,0,0.0,1.0,0.0,0,N/A,0.0658,False,False,1388
GABBR2,0.115941,2,other,1.0,0.2595,0.500744,0.0,0.0,0,0.0,1.0,0.0,0,N/A,0.066,False,False,1389
SLCO2A1,0.115938,2,other,1.0,0.2593,0.500222,0.0,0.0,0,0.0,1.0,0.0,0,N/A,0.0671,False,False,1390
SCN3B,0.115932,2,other,1.0,0.2594,0.500484,0.0,0.0,0,0.0,1.0,0.0,0,N/A,0.0665,False,False,1391
ADAM12,0.115927,2,other,1.0,0.2596,0.500864,0.0,0.0,0,0.0,1.0,0.0,0,N/A,0.0656,False,False,1392
VEGFA,0.115904,2,other,1.0,0.2317,0.447663,0.0,0.0,0,0.0,1.0,0.0,0,N/A,0.1769,False,False,1393
RORB,0.115892,2,other,1.0,0.2597,0.501072,0.0,0.0,0,0.0,1.0,0.0,0,N/A,0.0649,False,False,1394
OLFM1,0.115853,2,other,1.0,0.2617,0.504791,0.0,0.0,0,0.0,1.0,0.0,0,N/A,0.0567,False,False,1395
ADAMTS9,0.11584,2,other,1.0,0.2607,0.502965,0.0,0.0,0,0.0,1.0,0.0,0,N/A,0.0604,False,False,1396
SEMA3E,0.115814,2,other,1.0,0.2596,0.50088,0.0,0.0,0,0.0,1.0,0.0,0,N/A,0.0645,False,False,1397
RASSF9,0.115806,2,other,1.0,0.2635,0.508329,0.0,0.0,0,0.0,1.0,0.0,0,N/A,0.0488,False,False,1398
EYA2,0.115806,2,other,1.0,0.2596,0.500818,0.0,0.0,0,0.0,1.0,0.0,0,N/A,0.0646,False,False,1399
LRFN5,0.115796,2,other,1.0,0.2593,0.500291,0.0,0.0,0,0.0,1.0,0.0,0,N/A,0.0656,False,False,1400
IL1RAPL1,0.115694,2,other,1.0,0.2614,0.50423,0.0,0.0,0,0.0,1.0,0.0,0,N/A,0.0564,False,False,1401
OPCML,0.115672,2,other,1.0,0.2597,0.501027,0.0,0.0,0,0.0,1.0,0.0,0,N/A,0.0629,False,False,1402
DCLK1,0.115608,2,other,1.0,0.2597,0.501032,0.0,0.0,0,0.0,1.0,0.0,0,N/A,0.0622,False,False,1403
ADAMTSL3,0.115606,2,other,1.0,0.2599,0.501457,0.0,0.0,0,0.0,1.0,0.0,0,N/A,0.0613,False,False,1404
ZNF385B,0.115588,2,other,1.0,0.2596,0.500886,0.0,0.0,0,0.0,1.0,0.0,0,N/A,0.0623,False,False,1405
CYGB,0.11557,2,other,1.0,0.2604,0.502342,0.0,0.0,0,0.0,1.0,0.0,0,N/A,0.0591,False,False,1406
REEP1,0.115553,2,other,1.0,0.2596,0.500893,0.0,0.0,0,0.0,1.0,0.0,0,N/A,0.062,False,False,1407
STMN2,0.115528,2,other,1.0,0.2593,0.500356,0.0,0.0,0,0.0,1.0,0.0,0,N/A,0.0629,False,False,1408
CNTN4,0.115481,2,other,1.0,0.2607,0.50302,0.0,0.0,0,0.0,1.0,0.0,0,N/A,0.0569,False,False,1409
TMEM74,0.115467,2,other,1.0,0.2597,0.50109,0.0,0.0,0,0.0,1.0,0.0,0,N/A,0.0608,False,False,1410
KCNMA1,0.115437,2,other,1.0,0.2607,0.502974,0.0,0.0,0,0.0,1.0,0.0,0,N/A,0.0565,False,False,1411
RNF180,0.115426,2,other,1.0,0.2623,0.505939,0.0,0.0,0,0.0,1.0,0.0,0,N/A,0.0502,False,False,1412
GPNMB,0.115389,2,other,1.0,0.261,0.503442,0.0,0.0,0,0.0,1.0,0.0,0,N/A,0.0551,False,False,1413
SLIT2,0.115383,2,other,1.0,0.2593,0.500298,0.0,0.0,0,0.0,1.0,0.0,0,N/A,0.0616,False,False,1414
AQP10,0.115373,2,other,1.0,0.2622,0.505735,0.0,0.0,0,0.0,1.0,0.0,0,N/A,0.0501,False,False,1415
MMP1,0.115344,2,other,1.0,0.2593,0.500229,0.0,0.0,0,0.0,1.0,0.0,0,N/A,0.0614,False,False,1416
PRKCQ-AS1,0.115302,3,other,1.0,0.2618,0.505028,0.0,0.0,0,0.0,0.025134925150701422,0.0748,1,increasing,0.001,False,False,1417
RGS7,0.115287,2,other,1.0,0.261,0.503441,0.0,0.0,0,0.0,1.0,0.0,0,N/A,0.0541,False,False,1418
PALM,0.115262,2,other,1.0,0.2609,0.503233,0.0,0.0,0,0.0,1.0,0.0,0,N/A,0.0543,False,False,1419
FAP,0.115234,2,other,1.0,0.2592,0.50012,0.0,0.0,0,0.0,1.0,0.0,0,N/A,0.0606,False,False,1420
SCN7A,0.115211,2,other,1.0,0.2698,0.520291,0.0,0.0,0,0.0,1.0,0.0,0,N/A,0.0181,False,False,1421
BMPER,0.115182,2,other,1.0,0.2598,0.501157,0.0,0.0,0,0.0,1.0,0.0,0,N/A,0.0579,False,False,1422
ST18,0.115179,2,other,1.0,0.2653,0.511686,0.0,0.0,0,0.0,1.0,0.0,0,N/A,0.0358,False,False,1423
AMPH,0.115152,2,other,1.0,0.2603,0.502178,0.0,0.0,0,0.0,1.0,0.0,0,N/A,0.0555,False,False,1424
HHIP,0.115078,2,other,1.0,0.2602,0.501961,0.0,0.0,0,0.0,1.0,0.0,0,N/A,0.0552,False,False,1425
SULT6B1,0.115053,2,other,1.0,0.2593,0.500319,0.0,0.0,0,0.0,1.0,0.0,0,N/A,0.0584,False,False,1426
GRIK4,0.115044,2,other,1.0,0.2596,0.500888,0.0,0.0,0,0.0,1.0,0.0,0,N/A,0.0572,False,False,1427
HDC,0.115019,2,other,1.0,0.2626,0.50657,0.0,0.0,0,0.0,1.0,0.0,0,N/A,0.045,False,False,1428
PLVAP,0.11501,2,other,1.0,0.2599,0.501494,0.0,0.0,0,0.0,1.0,0.0,0,N/A,0.0556,False,False,1429
C19ORF33,0.115006,2,other,1.0,0.2645,0.510181,0.0,0.0,0,0.0,1.0,0.0,0,N/A,0.0373,False,False,1430
CLEC14A,0.114983,2,other,1.0,0.2604,0.502355,0.0,0.0,0,0.0,1.0,0.0,0,N/A,0.0535,False,False,1431
HHATL,0.114975,2,other,1.0,0.2592,0.500022,0.0,0.0,0,0.0,1.0,0.0,0,N/A,0.0583,False,False,1432
NRG3,0.114944,2,other,1.0,0.2598,0.501299,0.0,0.0,0,0.0,1.0,0.0,0,N/A,0.0553,False,False,1433
PCDH18,0.114938,2,other,1.0,0.2592,0.500078,0.0,0.0,0,0.0,1.0,0.0,0,N/A,0.0579,False,False,1434
IL13RA2,0.114932,2,other,1.0,0.2593,0.500238,0.0,0.0,0,0.0,1.0,0.0,0,N/A,0.0575,False,False,1435
ASGR2,0.114912,3,other,1.0,0.192,0.371785,0.0,0.0,0,0.0929,0.0,0.3134,1,increasing,0.0909,False,False,1436
FAM13C,0.114896,2,other,1.0,0.2594,0.500462,0.0,0.0,0,0.0,1.0,0.0,0,N/A,0.0566,False,False,1437
CHL1,0.114886,2,other,1.0,0.26,0.50166,0.0,0.0,0,0.0,1.0,0.0,0,N/A,0.054,False,False,1438
TRPC6,0.114854,2,other,1.0,0.2621,0.505597,0.0,0.0,0,0.0,1.0,0.0,0,N/A,0.0455,False,False,1439
CHRM2,0.11485,2,other,1.0,0.2659,0.512929,0.0,0.0,0,0.0,1.0,0.0,0,N/A,0.0301,False,False,1440
CDK15,0.114801,2,other,1.0,0.2602,0.501995,0.0,0.0,0,0.0,1.0,0.0,0,N/A,0.0525,False,False,1441
XCL1,0.114773,2,other,1.0,0.2638,0.508886,0.0,0.0,0,0.0,1.0,0.0,0,N/A,0.0378,False,False,1442
PRICKLE2,0.114766,2,other,1.0,0.2596,0.50077,0.0,0.0,0,0.0,1.0,0.0,0,N/A,0.0548,False,False,1443
FPR3,0.114735,2,other,1.0,0.2603,0.502226,0.0,0.0,0,0.0,1.0,0.0,0,N/A,0.0514,False,False,1444
SLCO2B1,0.114722,2,other,1.0,0.2598,0.501208,0.0,0.0,0,0.0,1.0,0.0,0,N/A,0.0534,False,False,1445
LHX9,0.114695,2,other,1.0,0.2592,0.500005,0.0,0.0,0,0.0,1.0,0.0,0,N/A,0.0557,False,False,1446
ZNF423,0.114694,2,other,1.0,0.2619,0.505313,0.0,0.0,0,0.0,1.0,0.0,0,N/A,0.0446,False,False,1447
CPA3,0.114658,2,other,1.0,0.267,0.514907,0.0,0.0,0,0.0,1.0,0.0,0,N/A,0.0241,False,False,1448
NCKAP5,0.114654,2,other,1.0,0.2597,0.501043,0.0,0.0,0,0.0,1.0,0.0,0,N/A,0.0531,False,False,1449
BEST3,0.114637,2,other,1.0,0.2607,0.502888,0.0,0.0,0,0.0,1.0,0.0,0,N/A,0.0491,False,False,1450
SULT1C4,0.114624,2,other,1.0,0.2618,0.504971,0.0,0.0,0,0.0,1.0,0.0,0,N/A,0.0446,False,False,1451
JSRP1,0.114605,2,other,1.0,0.2602,0.50191,0.0,0.0,0,0.0,1.0,0.0,0,N/A,0.0508,False,False,1452
TEK,0.114595,2,other,1.0,0.2643,0.509809,0.0,0.0,0,0.0,1.0,0.0,0,N/A,0.0342,False,False,1453
CNTN5,0.114571,2,other,1.0,0.2606,0.502771,0.0,0.0,0,0.0,1.0,0.0,0,N/A,0.0487,False,False,1454
CLEC9A,0.114492,2,other,1.0,0.2665,0.513964,0.0,0.0,0,0.0,1.0,0.0,0,N/A,0.0245,False,False,1455
PLXNA4,0.114484,2,other,1.0,0.261,0.503581,0.0,0.0,0,0.0,1.0,0.0,0,N/A,0.0462,False,False,1456
HS6ST3,0.114452,2,other,1.0,0.2594,0.500487,0.0,0.0,0,0.0,1.0,0.0,0,N/A,0.0524,False,False,1457
CTTNBP2,0.114447,2,other,1.0,0.2598,0.50124,0.0,0.0,0,0.0,1.0,0.0,0,N/A,0.0507,False,False,1458
LY6G6C,0.114436,2,other,1.0,0.2404,0.464168,0.0,0.0,0,0.0,1.0,0.0,0,N/A,0.1283,False,False,1459
AFAP1L1,0.114434,2,other,1.0,0.2607,0.503027,0.0,0.0,0,0.0,1.0,0.0,0,N/A,0.0469,False,False,1460
RPS11,0.114411,3,ribosomal,0.55,0.4337,0.833235,0.0,0.0,0,0.0074,8.969659038703602e-13,0.4958,5,decreasing,0.1414,False,False,1461
ITGBL1,0.11441,2,other,1.0,0.2594,0.500424,0.0,0.0,0,0.0,1.0,0.0,0,N/A,0.0521,False,False,1462
KIAA1217,0.114405,2,other,1.0,0.2604,0.50237,0.0,0.0,0,0.0,1.0,0.0,0,N/A,0.048,False,False,1463
GRIK2,0.114391,2,other,1.0,0.262,0.505345,0.0,0.0,0,0.0,1.0,0.0,0,N/A,0.0416,False,False,1464
COL5A2,0.114387,2,other,1.0,0.2611,0.503781,0.0,0.0,0,0.0,1.0,0.0,0,N/A,0.0448,False,False,1465
CXCL9,0.114378,2,other,1.0,0.2593,0.50027,0.0,0.0,0,0.0,1.0,0.0,0,N/A,0.0521,False,False,1466
ANKRD33,0.114351,2,other,1.0,0.2592,0.500013,0.0,0.0,0,0.0,1.0,0.0,0,N/A,0.0524,False,False,1467
RAPGEF4,0.114346,2,other,1.0,0.2599,0.501488,0.0,0.0,0,0.0,1.0,0.0,0,N/A,0.0493,False,False,1468
PDE10A,0.114337,2,other,1.0,0.2595,0.500741,0.0,0.0,0,0.0,1.0,0.0,0,N/A,0.0507,False,False,1469
COL8A1,0.114324,2,other,1.0,0.2598,0.501142,0.0,0.0,0,0.0,1.0,0.0,0,N/A,0.0498,False,False,1470
POU6F2,0.114311,2,other,1.0,0.2593,0.500362,0.0,0.0,0,0.0,1.0,0.0,0,N/A,0.0513,False,False,1471
STAC,0.1143,3,other,1.0,0.2459,0.474696,0.0,0.0,0,0.001,1.7221181786219063e-06,0.1801,1,increasing,0.0535,False,False,1472
PZP,0.11429,2,other,1.0,0.2668,0.514607,0.0,0.0,0,0.0,1.0,0.0,0,N/A,0.0212,False,False,1473
COL11A1,0.114283,2,other,1.0,0.2593,0.500329,0.0,0.0,0,0.0,1.0,0.0,0,N/A,0.0511,False,False,1474
ADIPOQ,0.114279,2,other,1.0,0.2592,0.500119,0.0,0.0,0,0.0,1.0,0.0,0,N/A,0.0515,False,False,1475
SLC27A6,0.114259,2,other,1.0,0.2611,0.503628,0.0,0.0,0,0.0,1.0,0.0,0,N/A,0.0439,False,False,1476
AFF2,0.114241,3,other,1.0,0.2483,0.479269,0.0,0.0,0,0.0021,1.704054962271206e-09,0.2208,2,increasing,0.0412,False,False,1477
CPA6,0.114231,2,other,1.0,0.2605,0.50261,0.0,0.0,0,0.0,1.0,0.0,0,N/A,0.0458,False,False,1478
MYBPHL,0.114226,2,other,1.0,0.2593,0.500245,0.0,0.0,0,0.0,1.0,0.0,0,N/A,0.0507,False,False,1479
FGF14,0.114188,2,other,1.0,0.2611,0.503645,0.0,0.0,0,0.0,1.0,0.0,0,N/A,0.0432,False,False,1480
PLAC1,0.114187,2,other,1.0,0.2595,0.500728,0.0,0.0,0,0.0,1.0,0.0,0,N/A,0.0493,False,False,1481
STAB2,0.114165,2,other,1.0,0.2598,0.501296,0.0,0.0,0,0.0,1.0,0.0,0,N/A,0.0479,False,False,1482
ENPEP,0.114151,2,other,1.0,0.2643,0.509877,0.0,0.0,0,0.0,1.0,0.0,0,N/A,0.0298,False,False,1483
CDO1,0.114099,2,other,1.0,0.2611,0.503785,0.0,0.0,0,0.0,1.0,0.0,0,N/A,0.0421,False,False,1484
LDB2,0.114045,2,other,1.0,0.2611,0.503791,0.0,0.0,0,0.0,1.0,0.0,0,N/A,0.0416,False,False,1485
PTPRB,0.114045,2,other,1.0,0.2596,0.500803,0.0,0.0,0,0.0,1.0,0.0,0,N/A,0.0478,False,False,1486
SGCD,0.11404,2,other,1.0,0.2601,0.501783,0.0,0.0,0,0.0,1.0,0.0,0,N/A,0.0457,False,False,1487
ADAMTSL1,0.114027,2,other,1.0,0.26,0.501536,0.0,0.0,0,0.0,1.0,0.0,0,N/A,0.0461,False,False,1488
FBXL7,0.113981,2,other,1.0,0.2596,0.500817,0.0,0.0,0,0.0,1.0,0.0,0,N/A,0.0472,False,False,1489
CDK1,0.113977,2,other,1.0,0.2386,0.460675,0.0,0.0,0,0.0,1.0,0.0,0,N/A,0.1313,False,False,1490
ITM2C,0.113965,3,other,1.0,0.2217,0.428496,0.0,0.0,0,0.0006,0.002808793158574077,0.2885,1,decreasing,0.1479,False,False,1491
CUX2,0.113952,2,other,1.0,0.2602,0.501926,0.0,0.0,0,0.0,1.0,0.0,0,N/A,0.0446,False,False,1492
NAV3,0.113951,2,other,1.0,0.2621,0.505618,0.0,0.0,0,0.0,1.0,0.0,0,N/A,0.0368,False,False,1493
SLC4A10,0.11394,2,other,1.0,0.2602,0.501929,0.0,0.0,0,0.0,1.0,0.0,0,N/A,0.0445,False,False,1494
ABCA8,0.113925,2,other,1.0,0.2593,0.500327,0.0,0.0,0,0.0,1.0,0.0,0,N/A,0.0477,False,False,1495
CLEC3B,0.113903,2,other,1.0,0.2613,0.503994,0.0,0.0,0,0.0,1.0,0.0,0,N/A,0.0398,False,False,1496
ACSM5,0.113877,2,other,1.0,0.2593,0.500209,0.0,0.0,0,0.0,1.0,0.0,0,N/A,0.0475,False,False,1497
ADAMTS18,0.113875,2,other,1.0,0.2595,0.500742,0.0,0.0,0,0.0,1.0,0.0,0,N/A,0.0463,False,False,1498
KBTBD12,0.11381,2,other,1.0,0.2616,0.504689,0.0,0.0,0,0.0,1.0,0.0,0,N/A,0.0374,False,False,1499
LUM,0.1138,2,other,1.0,0.2593,0.500246,0.0,0.0,0,0.0,1.0,0.0,0,N/A,0.0467,False,False,1500
BARX1,0.113795,2,other,1.0,0.2592,0.50001,0.0,0.0,0,0.0,1.0,0.0,0,N/A,0.0471,False,False,1501
XIRP2,0.113772,2,other,1.0,0.2628,0.506973,0.0,0.0,0,0.0,1.0,0.0,0,N/A,0.0323,False,False,1502
MYCT1,0.113769,2,other,1.0,0.2613,0.50405,0.0,0.0,0,0.0,1.0,0.0,0,N/A,0.0384,False,False,1503
CGA,0.113715,2,other,1.0,0.2593,0.500227,0.0,0.0,0,0.0,1.0,0.0,0,N/A,0.0459,False,False,1504
PMCH,0.113708,2,other,1.0,0.2593,0.500192,0.0,0.0,0,0.0,1.0,0.0,0,N/A,0.0459,False,False,1505
OLFM4,0.113641,3,other,1.0,0.2457,0.474317,0.0,0.0,0,0.0012,1.1880238483804017e-06,0.2027,1,increasing,0.048,False,False,1506
MKI67,0.11364,2,other,1.0,0.2445,0.472056,0.0,0.0,0,0.0,1.0,0.0,0,N/A,0.1042,False,False,1507
IL1RL1,0.113623,2,other,1.0,0.2617,0.504915,0.0,0.0,0,0.0,1.0,0.0,0,N/A,0.0352,False,False,1508
GALNTL5,0.113575,2,other,1.0,0.2592,0.500037,0.0,0.0,0,0.0,1.0,0.0,0,N/A,0.045,False,False,1509
PRG4,0.113555,2,other,1.0,0.26,0.501567,0.0,0.0,0,0.0,1.0,0.0,0,N/A,0.0416,False,False,1510
IGFBP4,0.11351,2,other,1.0,0.2253,0.435328,0.0,0.0,0,0.0,1.0,0.0,0,N/A,0.1799,False,False,1511
TSPO2,0.113426,3,other,1.0,0.2399,0.463188,0.0,0.0,0,0.0023,6.014760272584696e-07,0.4106,1,decreasing,0.067,False,False,1512
NR2F1,0.113401,2,other,1.0,0.2231,0.43111,0.0,0.0,0,0.0,1.0,0.0,0,N/A,0.1877,False,False,1513
APLNR,0.113394,2,other,1.0,0.2592,0.50011,0.0,0.0,0,0.0,1.0,0.0,0,N/A,0.0431,False,False,1514
CFI,0.113388,2,other,1.0,0.2595,0.500724,0.0,0.0,0,0.0,1.0,0.0,0,N/A,0.0417,False,False,1515
MAPK4,0.113374,2,other,1.0,0.2593,0.500243,0.0,0.0,0,0.0,1.0,0.0,0,N/A,0.0426,False,False,1516
ESM1,0.113372,2,other,1.0,0.2593,0.500301,0.0,0.0,0,0.0,1.0,0.0,0,N/A,0.0425,False,False,1517
GDPD4,0.113361,2,other,1.0,0.2594,0.500376,0.0,0.0,0,0.0,1.0,0.0,0,N/A,0.0422,False,False,1518
LSAMP,0.113302,2,other,1.0,0.2607,0.502982,0.0,0.0,0,0.0,1.0,0.0,0,N/A,0.0362,False,False,1519
DIO2,0.113275,2,other,1.0,0.2594,0.500522,0.0,0.0,0,0.0,1.0,0.0,0,N/A,0.0411,False,False,1520
KCNH7,0.11326,2,other,1.0,0.2595,0.500622,0.0,0.0,0,0.0,1.0,0.0,0,N/A,0.0407,False,False,1521
CA10,0.113257,2,other,1.0,0.2593,0.500242,0.0,0.0,0,0.0,1.0,0.0,0,N/A,0.0415,False,False,1522
GNA14,0.113248,2,other,1.0,0.2599,0.501503,0.0,0.0,0,0.0,1.0,0.0,0,N/A,0.0388,False,False,1523
FHDC1,0.113247,2,other,1.0,0.2626,0.506518,0.0,0.0,0,0.0,1.0,0.0,0,N/A,0.0283,False,False,1524
IFNB1,0.113207,2,other,1.0,0.2592,0.500026,0.0,0.0,0,0.0,1.0,0.0,0,N/A,0.0415,False,False,1525
MSR1,0.113179,2,other,1.0,0.2608,0.503097,0.0,0.0,0,0.0,1.0,0.0,0,N/A,0.0348,False,False,1526
DEC1,0.113176,2,other,1.0,0.2669,0.51484,0.0,0.0,0,0.0,1.0,0.0,0,N/A,0.0101,False,False,1527
DHRS2,0.113176,2,other,1.0,0.2387,0.461001,0.0,0.0,0,0.0,1.0,0.0,0,N/A,0.1229,False,False,1528
PILRA,0.113171,2,other,1.0,0.2504,0.483234,0.0,0.0,0,0.0,1.0,0.0,0,N/A,0.0763,False,False,1529
FAT3,0.113153,2,other,1.0,0.2596,0.500828,0.0,0.0,0,0.0,1.0,0.0,0,N/A,0.0393,False,False,1530
CACNG2,0.113123,2,other,1.0,0.2594,0.500539,0.0,0.0,0,0.0,1.0,0.0,0,N/A,0.0396,False,False,1531
C2CD4B,0.113119,2,other,1.0,0.2593,0.500288,0.0,0.0,0,0.0,1.0,0.0,0,N/A,0.0401,False,False,1532
ADAMTS20,0.113105,2,other,1.0,0.2592,0.500163,0.0,0.0,0,0.0,1.0,0.0,0,N/A,0.0402,False,False,1533
CHODL,0.113092,2,other,1.0,0.2619,0.505161,0.0,0.0,0,0.0,1.0,0.0,0,N/A,0.0296,False,False,1534
HS3ST5,0.112938,2,other,1.0,0.2605,0.502473,0.0,0.0,0,0.0,1.0,0.0,0,N/A,0.0338,False,False,1535
ITGA8,0.112913,2,other,1.0,0.2594,0.500484,0.0,0.0,0,0.0,1.0,0.0,0,N/A,0.0377,False,False,1536
SVEP1,0.11291,2,other,1.0,0.2595,0.500598,0.0,0.0,0,0.0,1.0,0.0,0,N/A,0.0374,False,False,1537
LYVE1,0.112896,2,other,1.0,0.2596,0.50088,0.0,0.0,0,0.0,1.0,0.0,0,N/A,0.0367,False,False,1538
CCL3,0.112871,2,other,1.0,0.2474,0.477588,0.0,0.0,0,0.0,1.0,0.0,0,N/A,0.0853,False,False,1539
GPR182,0.112869,2,other,1.0,0.2593,0.500197,0.0,0.0,0,0.0,1.0,0.0,0,N/A,0.0379,False,False,1540
AGBL4,0.112844,2,other,1.0,0.2606,0.502739,0.0,0.0,0,0.0,1.0,0.0,0,N/A,0.0323,False,False,1541
LRRC26,0.112784,2,other,1.0,0.2479,0.478468,0.0,0.0,0,0.0,1.0,0.0,0,N/A,0.0826,False,False,1542
IL33,0.112766,2,other,1.0,0.2594,0.500527,0.0,0.0,0,0.0,1.0,0.0,0,N/A,0.0362,False,False,1543
BMP5,0.112749,2,other,1.0,0.2593,0.500282,0.0,0.0,0,0.0,1.0,0.0,0,N/A,0.0366,False,False,1544
MTUS2,0.112607,2,other,1.0,0.2603,0.50212,0.0,0.0,0,0.0,1.0,0.0,0,N/A,0.0314,False,False,1545
CLEC1A,0.112602,2,other,1.0,0.2598,0.501145,0.0,0.0,0,0.0,1.0,0.0,0,N/A,0.0334,False,False,1546
ISLR,0.112591,2,other,1.0,0.2592,0.50004,0.0,0.0,0,0.0,1.0,0.0,0,N/A,0.0356,False,False,1547
HULC,0.112557,2,other,1.0,0.2616,0.504654,0.0,0.0,0,0.0,1.0,0.0,0,N/A,0.0256,False,False,1548
DEFB1,0.112538,2,other,1.0,0.2605,0.502507,0.0,0.0,0,0.0,1.0,0.0,0,N/A,0.0299,False,False,1549
ADAM32,0.112531,2,other,1.0,0.2597,0.501053,0.0,0.0,0,0.0,1.0,0.0,0,N/A,0.0329,False,False,1550
SDC1,0.112508,2,other,1.0,0.2391,0.461732,0.0,0.0,0,0.0,1.0,0.0,0,N/A,0.115,False,False,1551
CYP4F3,0.112477,3,other,1.0,0.2369,0.457555,0.0,0.0,0,0.0,0.03657978247752624,0.0884,1,increasing,0.0747,False,False,1552
GLDN,0.112388,2,other,1.0,0.2595,0.500585,0.0,0.0,0,0.0,1.0,0.0,0,N/A,0.0325,False,False,1553
TM4SF18,0.112382,2,other,1.0,0.2593,0.500287,0.0,0.0,0,0.0,1.0,0.0,0,N/A,0.0331,False,False,1554
ID4,0.112374,2,other,1.0,0.2385,0.460475,0.0,0.0,0,0.0,1.0,0.0,0,N/A,0.1164,False,False,1555
ABCC9,0.112338,2,other,1.0,0.2596,0.500873,0.0,0.0,0,0.0,1.0,0.0,0,N/A,0.0314,False,False,1556
SNX31,0.112301,2,other,1.0,0.2593,0.500318,0.0,0.0,0,0.0,1.0,0.0,0,N/A,0.0322,False,False,1557
SLC38A11,0.11227,2,other,1.0,0.2606,0.50277,0.0,0.0,0,0.0,1.0,0.0,0,N/A,0.0268,False,False,1558
TAC3,0.112258,2,other,1.0,0.2595,0.500722,0.0,0.0,0,0.0,1.0,0.0,0,N/A,0.031,False,False,1559
NTM,0.112247,2,other,1.0,0.2598,0.501276,0.0,0.0,0,0.0,1.0,0.0,0,N/A,0.0297,False,False,1560
IL10,0.112199,2,other,1.0,0.2394,0.462233,0.0,0.0,0,0.0,1.0,0.0,0,N/A,0.111,False,False,1561
MS4A2,0.112192,2,other,1.0,0.2612,0.503984,0.0,0.0,0,0.0,1.0,0.0,0,N/A,0.0235,False,False,1562
PI3,0.11218,2,other,1.0,0.2594,0.500414,0.0,0.0,0,0.0,1.0,0.0,0,N/A,0.0309,False,False,1563
TSPAN12,0.112172,2,other,1.0,0.2379,0.459506,0.0,0.0,0,0.0,1.0,0.0,0,N/A,0.1165,False,False,1564
SLC22A10,0.11215,2,other,1.0,0.2595,0.500643,0.0,0.0,0,0.0,1.0,0.0,0,N/A,0.0301,False,False,1565
XG,0.112128,2,other,1.0,0.2602,0.502029,0.0,0.0,0,0.0,1.0,0.0,0,N/A,0.027,False,False,1566
CCL7,0.112067,2,other,1.0,0.2592,0.500023,0.0,0.0,0,0.0,1.0,0.0,0,N/A,0.0306,False,False,1567
SLC39A12,0.11205,2,other,1.0,0.2592,0.500092,0.0,0.0,0,0.0,1.0,0.0,0,N/A,0.0303,False,False,1568
UGT2B11,0.112045,2,other,1.0,0.2592,0.50008,0.0,0.0,0,0.0,1.0,0.0,0,N/A,0.0303,False,False,1569
PKD1L1,0.112039,2,other,1.0,0.2595,0.500673,0.0,0.0,0,0.0,1.0,0.0,0,N/A,0.029,False,False,1570
HAO1,0.112032,2,other,1.0,0.2592,0.500009,0.0,0.0,0,0.0,1.0,0.0,0,N/A,0.0303,False,False,1571
CD207,0.11203,2,other,1.0,0.2592,0.500033,0.0,0.0,0,0.0,1.0,0.0,0,N/A,0.0302,False,False,1572
KRT17,0.112015,2,other,1.0,0.2385,0.460563,0.0,0.0,0,0.0,1.0,0.0,0,N/A,0.1128,False,False,1573
REN,0.111986,2,other,1.0,0.2606,0.502666,0.0,0.0,0,0.0,1.0,0.0,0,N/A,0.0243,False,False,1574
C9,0.111974,2,other,1.0,0.2593,0.500266,0.0,0.0,0,0.0,1.0,0.0,0,N/A,0.0292,False,False,1575
CHAD,0.111959,2,other,1.0,0.2602,0.5019,0.0,0.0,0,0.0,1.0,0.0,0,N/A,0.0257,False,False,1576
CXCL13,0.11188,2,other,1.0,0.2598,0.501175,0.0,0.0,0,0.0,1.0,0.0,0,N/A,0.0264,False,False,1577
KCNH8,0.111855,2,other,1.0,0.2468,0.476469,0.0,0.0,0,0.0,1.0,0.0,0,N/A,0.078,False,False,1578
SLC22A24,0.111702,2,other,1.0,0.2593,0.500202,0.0,0.0,0,0.0,1.0,0.0,0,N/A,0.0268,False,False,1579
SPATA16,0.111596,2,other,1.0,0.2593,0.500247,0.0,0.0,0,0.0,1.0,0.0,0,N/A,0.0257,False,False,1580
BIRC5,0.111558,2,other,1.0,0.2301,0.444574,0.0,0.0,0,0.0,1.0,0.0,0,N/A,0.1419,False,False,1581
DCDC1,0.111538,2,other,1.0,0.239,0.46158,0.0,0.0,0,0.0,1.0,0.0,0,N/A,0.1061,False,False,1582
S100B,0.111509,3,other,1.0,0.2448,0.472606,0.0,0.0,0,0.0005,0.0001284690512580511,0.1544,1,increasing,0.0334,False,False,1583
LAIR2,0.111402,2,other,1.0,0.2627,0.506806,0.0,0.0,0,0.0,1.0,0.0,0,N/A,0.0101,False,False,1584
PAPPA2,0.111317,2,other,1.0,0.2596,0.500782,0.0,0.0,0,0.0,1.0,0.0,0,N/A,0.0219,False,False,1585
ZPLD1,0.111284,2,other,1.0,0.2596,0.500761,0.0,0.0,0,0.0,1.0,0.0,0,N/A,0.0216,False,False,1586
FCN2,0.111269,2,other,1.0,0.2592,0.500072,0.0,0.0,0,0.0,1.0,0.0,0,N/A,0.0229,False,False,1587
CD300E,0.111115,2,other,1.0,0.2584,0.49852,0.0,0.0,0,0.0,1.0,0.0,0,N/A,0.0247,False,False,1588
COL6A6,0.111097,2,other,1.0,0.2595,0.500677,0.0,0.0,0,0.0,1.0,0.0,0,N/A,0.02,False,False,1589
SDPR,0.111051,1,other,1.0,0.2776,0.535263,0.0,0.0,0,0.0,1.0,0.0,0,N/A,0.0,False,False,1590
CAMP,0.111028,3,other,1.0,0.2384,0.460429,0.0,0.0,0,0.0068,4.6185167989716975e-12,0.633,2,decreasing,0.042,False,False,1591
THSD7B,0.110963,2,other,1.0,0.2597,0.500993,0.0,0.0,0,0.0,1.0,0.0,0,N/A,0.0181,False,False,1592
MUC5AC,0.110937,2,other,1.0,0.2592,0.500088,0.0,0.0,0,0.0,1.0,0.0,0,N/A,0.0197,False,False,1593
C11ORF96,0.110891,2,other,1.0,0.2601,0.501852,0.0,0.0,0,0.0,1.0,0.0,0,N/A,0.0156,False,False,1594
CXCL12,0.110891,2,other,1.0,0.2398,0.463005,0.0,0.0,0,0.0,1.0,0.0,0,N/A,0.097,False,False,1595
C8ORF34,0.110628,2,other,1.0,0.2593,0.500217,0.0,0.0,0,0.0,1.0,0.0,0,N/A,0.0165,False,False,1596
CKB,0.110523,2,other,1.0,0.2301,0.444502,0.0,0.0,0,0.0,1.0,0.0,0,N/A,0.1322,False,False,1597
C2ORF66,0.110252,2,other,1.0,0.26,0.501523,0.0,0.0,0,0.0,1.0,0.0,0,N/A,0.0102,False,False,1598
ALB,0.110246,2,other,1.0,0.2385,0.460526,0.0,0.0,0,0.0,1.0,0.0,0,N/A,0.096,False,False,1599
SH2D4B,0.110233,2,other,1.0,0.2389,0.461357,0.0,0.0,0,0.0,1.0,0.0,0,N/A,0.0942,False,False,1600
LYPD6B,0.110141,2,other,1.0,0.2475,0.477826,0.0,0.0,0,0.0,1.0,0.0,0,N/A,0.0588,False,False,1601
RP11-1143G9.4,0.109666,2,other,1.0,0.2586,0.498935,0.0,0.0,0,0.005,1.3338112867024572e-07,0.5268,7,decreasing,0.0,False,False,1602
C5ORF17,0.10953,1,other,1.0,0.2738,0.528,0.0,0.0,0,0.0,1.0,0.0,0,N/A,0.0,False,False,1603
MS4A1,0.109509,3,other,1.0,0.2217,0.428401,0.0,0.0,0,0.0004,0.0006216076954525571,0.1327,1,increasing,0.1082,False,False,1604
NTNG1,0.109507,2,other,1.0,0.2394,0.462338,0.0,0.0,0,0.0,1.0,0.0,0,N/A,0.0852,False,False,1605
FOXC1,0.109414,2,other,1.0,0.239,0.461483,0.0,0.0,0,0.0,1.0,0.0,0,N/A,0.0861,False,False,1606
CCL15,0.109372,2,other,1.0,0.2386,0.460663,0.0,0.0,0,0.0,1.0,0.0,0,N/A,0.0874,False,False,1607
NPW,0.109193,3,other,1.0,0.231,0.446215,0.0,0.0,0,0.0003,0.0020230760394699676,0.1163,2,increasing,0.0682,False,False,1608
VMO1,0.10907,2,other,1.0,0.2389,0.461417,0.0,0.0,0,0.0,1.0,0.0,0,N/A,0.083,False,False,1609
KRT1,0.108995,2,other,1.0,0.2251,0.434884,0.0,0.0,0,0.0,1.0,0.0,0,N/A,0.1378,False,False,1610
C11ORF44,0.108973,2,other,1.0,0.2592,0.500015,0.0,0.0,0,0.0,1.0,0.0,0,N/A,0.0012,False,False,1611
TNC,0.108845,2,other,1.0,0.2404,0.46426,0.0,0.0,0,0.0,1.0,0.0,0,N/A,0.0749,False,False,1612
CLDN5,0.108611,3,other,1.0,0.2217,0.42854,0.0,0.0,0,0.0002,0.008330756725723795,0.1426,1,decreasing,0.1,False,False,1613
CD79B,0.108551,3,other,1.0,0.22,0.42523,0.0,0.0,0,0.0037,2.4822948186659484e-09,0.4712,1,decreasing,0.0995,False,False,1614
SCT,0.108526,2,other,1.0,0.2402,0.463849,0.0,0.0,0,0.0,1.0,0.0,0,N/A,0.0727,False,False,1615
GFRA1,0.108241,2,other,1.0,0.2385,0.460603,0.0,0.0,0,0.0,1.0,0.0,0,N/A,0.0768,False,False,1616
SMARCC1,0.108101,2,other,1.0,0.0,0.0,0.2326,486.3286,81,0.0,1.0,0.0,0,N/A,0.448,False,True,1617
MDK,0.107931,2,other,1.0,0.2271,0.438876,0.0,0.0,0,0.0,1.0,0.0,0,N/A,0.1193,False,False,1618
HS3ST2,0.107861,2,other,1.0,0.2385,0.460599,0.0,0.0,0,0.0,1.0,0.0,0,N/A,0.0732,False,False,1619
ASTL,0.107657,2,other,1.0,0.2387,0.461008,0.0,0.0,0,0.0,1.0,0.0,0,N/A,0.0704,False,False,1620
FYB1,0.107545,3,other,1.0,0.2391,0.461787,0.0,0.0,0,0.0003,0.00907621558232459,0.1573,3,decreasing,0.0205,False,False,1621
CCR9,0.107509,2,other,1.0,0.2392,0.461874,0.0,0.0,0,0.0,1.0,0.0,0,N/A,0.0671,False,False,1622
PTH2,0.107091,2,other,1.0,0.2385,0.460477,0.0,0.0,0,0.0,1.0,0.0,0,N/A,0.0661,False,False,1623
TNNI3K,0.106939,2,other,1.0,0.2476,0.477864,0.0,0.0,0,0.0,1.0,0.0,0,N/A,0.0282,False,False,1624
TNNT2,0.106923,2,other,1.0,0.2384,0.460425,0.0,0.0,0,0.0,1.0,0.0,0,N/A,0.0646,False,False,1625
CD8B,0.106851,3,other,1.0,0.2371,0.45793,0.0,0.0,0,0.001,1.3500737652688555e-05,0.1978,2,increasing,0.0209,False,False,1626
THEMIS,0.106781,2,other,1.0,0.2465,0.475771,0.0,0.0,0,0.0,1.0,0.0,0,N/A,0.0311,False,False,1627
GRIN1,0.106741,2,other,1.0,0.2397,0.462924,0.0,0.0,0,0.0,1.0,0.0,0,N/A,0.0576,False,False,1628
PKHD1L1,0.106638,2,other,1.0,0.2426,0.468302,0.0,0.0,0,0.0,1.0,0.0,0,N/A,0.0454,False,False,1629
DLGAP2,0.106485,2,other,1.0,0.2472,0.477201,0.0,0.0,0,0.0,1.0,0.0,0,N/A,0.0253,False,False,1630
HAS2,0.106223,2,other,1.0,0.2308,0.445865,0.0,0.0,0,0.0,1.0,0.0,0,N/A,0.0884,False,False,1631
RHD,0.105991,3,other,1.0,0.2219,0.428839,0.0,0.0,0,0.0002,0.021837011518241568,0.1821,1,decreasing,0.0756,False,False,1632
MORC1,0.105916,2,other,1.0,0.2408,0.465,0.0,0.0,0,0.0,1.0,0.0,0,N/A,0.0454,False,False,1633
CDKN3,0.10584,2,other,1.0,0.2244,0.433693,0.0,0.0,0,0.0,1.0,0.0,0,N/A,0.1103,False,False,1634
CCNB2,0.105821,2,other,1.0,0.2236,0.432171,0.0,0.0,0,0.0,1.0,0.0,0,N/A,0.1133,False,False,1635
LINC01619,0.105751,2,other,1.0,0.2504,0.483342,0.0,0.0,0,0.0027,3.056291651531656e-09,0.22,6,increasing,0.0,False,False,1636
TYR,0.105671,2,other,1.0,0.2371,0.457874,0.0,0.0,0,0.0,1.0,0.0,0,N/A,0.058,False,False,1637
HLA-DQB1,0.105626,3,other,1.0,0.2237,0.432207,0.0,0.0,0,0.0052,4.629477927341064e-16,0.2955,3,increasing,0.0552,False,False,1638
CRISP3,0.105598,2,other,1.0,0.242,0.46731,0.0,0.0,0,0.0,1.0,0.0,0,N/A,0.0375,False,False,1639
CXCL3,0.105561,2,other,1.0,0.2323,0.448652,0.0,0.0,0,0.0,1.0,0.0,0,N/A,0.0763,False,False,1640
AP1S2,0.105552,3,other,1.0,0.2038,0.394301,0.0,0.0,0,0.0012,3.0468902644452568e-05,0.2953,1,decreasing,0.1419,False,False,1641
IFIT2,0.105486,2,other,1.0,0.2301,0.444463,0.0,0.0,0,0.0,1.0,0.0,0,N/A,0.0844,False,False,1642
FMO2,0.105391,2,other,1.0,0.2385,0.460606,0.0,0.0,0,0.0,1.0,0.0,0,N/A,0.0496,False,False,1643
PROS1,0.105382,2,other,1.0,0.2283,0.441005,0.0,0.0,0,0.0,1.0,0.0,0,N/A,0.0906,False,False,1644
RETN,0.105376,3,other,1.0,0.2191,0.423542,0.0,0.0,0,0.0026,3.0316509832133315e-06,0.4289,3,decreasing,0.0764,False,False,1645
IGSF21,0.105327,2,other,1.0,0.2386,0.460704,0.0,0.0,0,0.0,1.0,0.0,0,N/A,0.0488,False,False,1646
NECAB1,0.105189,2,other,1.0,0.2396,0.462604,0.0,0.0,0,0.0,1.0,0.0,0,N/A,0.0435,False,False,1647
CA3,0.104931,2,other,1.0,0.237,0.457731,0.0,0.0,0,0.0,1.0,0.0,0,N/A,0.0513,False,False,1648
PDK4,0.104425,2,other,1.0,0.2247,0.434166,0.0,0.0,0,0.0,1.0,0.0,0,N/A,0.0958,False,False,1649
SEPP1,0.10438,1,other,1.0,0.2609,0.503418,0.0,0.0,0,0.0,1.0,0.0,0,N/A,0.0,False,False,1650
FCRL4,0.104344,2,other,1.0,0.2385,0.460499,0.0,0.0,0,0.0,1.0,0.0,0,N/A,0.0399,False,False,1651
ARHGEF15,0.104316,2,other,1.0,0.2386,0.460765,0.0,0.0,0,0.0,1.0,0.0,0,N/A,0.039,False,False,1652
CCDC60,0.104305,2,other,1.0,0.239,0.461549,0.0,0.0,0,0.0,1.0,0.0,0,N/A,0.0373,False,False,1653
LST1,0.104175,3,other,1.0,0.2213,0.42775,0.0,0.0,0,0.0016,1.0126748633367442e-05,0.3125,2,decreasing,0.0586,False,False,1654
RASD1,0.104171,2,other,1.0,0.2261,0.436939,0.0,0.0,0,0.0,1.0,0.0,0,N/A,0.0876,False,False,1655
C10ORF10,0.104141,1,other,1.0,0.2604,0.502279,0.0,0.0,0,0.0,1.0,0.0,0,N/A,0.0,False,False,1656
PRLR,0.10412,2,other,1.0,0.2244,0.433729,0.0,0.0,0,0.0,1.0,0.0,0,N/A,0.0938,False,False,1657
AC011498.1,0.104083,1,other,1.0,0.2602,0.502003,0.0,0.0,0,0.0,1.0,0.0,0,N/A,0.0,False,False,1658
CALB2,0.104072,2,other,1.0,0.2228,0.430523,0.0,0.0,0,0.0,1.0,0.0,0,N/A,0.1001,False,False,1659
BRI3,0.104027,3,other,1.0,0.2145,0.414747,0.0,0.0,0,0.0,0.03337565103107015,0.0782,1,increasing,0.0876,False,False,1660
RAG1,0.103973,2,other,1.0,0.2404,0.464186,0.0,0.0,0,0.0,1.0,0.0,0,N/A,0.0286,False,False,1661
LIF,0.103861,2,other,1.0,0.2229,0.430837,0.0,0.0,0,0.0,1.0,0.0,0,N/A,0.0974,False,False,1662
C6ORF58,0.103783,1,other,1.0,0.2595,0.500573,0.0,0.0,0,0.0,1.0,0.0,0,N/A,0.0,False,False,1663
SIGLEC6,0.103767,2,other,1.0,0.2243,0.433427,0.0,0.0,0,0.0,1.0,0.0,0,N/A,0.0911,False,False,1664
HMHB1,0.103613,2,other,1.0,0.2402,0.463745,0.0,0.0,0,0.0,1.0,0.0,0,N/A,0.0261,False,False,1665
TMEM155,0.103601,2,other,1.0,0.2385,0.460605,0.0,0.0,0,0.0,1.0,0.0,0,N/A,0.0326,False,False,1666
THY1,0.103453,2,other,1.0,0.2232,0.43138,0.0,0.0,0,0.0,1.0,0.0,0,N/A,0.0924,False,False,1667
CCL14,0.103413,2,other,1.0,0.2394,0.46236,0.0,0.0,0,0.0,1.0,0.0,0,N/A,0.0271,False,False,1668
KIAA0101,0.103149,1,other,1.0,0.2579,0.497546,0.0,0.0,0,0.0,1.0,0.0,0,N/A,0.0,False,False,1669
TAGLN,0.103086,2,other,1.0,0.2236,0.432143,0.0,0.0,0,0.0,1.0,0.0,0,N/A,0.0873,False,False,1670
TMEM132C,0.103075,2,other,1.0,0.2387,0.460954,0.0,0.0,0,0.0,1.0,0.0,0,N/A,0.0268,False,False,1671
SELE,0.10285,2,other,1.0,0.2378,0.459274,0.0,0.0,0,0.0,1.0,0.0,0,N/A,0.0282,False,False,1672
C7,0.102806,2,other,1.0,0.2394,0.462332,0.0,0.0,0,0.0,1.0,0.0,0,N/A,0.0214,False,False,1673
GRIA3,0.102773,2,other,1.0,0.227,0.438519,0.0,0.0,0,0.0,1.0,0.0,0,N/A,0.071,False,False,1674
KIT,0.102765,2,other,1.0,0.2223,0.429557,0.0,0.0,0,0.0,1.0,0.0,0,N/A,0.0897,False,False,1675
ST6GAL2,0.102694,2,other,1.0,0.2273,0.439122,0.0,0.0,0,0.0,1.0,0.0,0,N/A,0.0689,False,False,1676
LCN6,0.102658,2,other,1.0,0.2389,0.461342,0.0,0.0,0,0.0,1.0,0.0,0,N/A,0.0221,False,False,1677
RNASE1,0.102416,3,other,1.0,0.2219,0.428908,0.0,0.0,0,0.0001,0.019298935263281643,0.0927,1,increasing,0.0432,False,False,1678
PRTN3,0.102373,3,other,1.0,0.1664,0.322896,0.0,0.0,0,0.1113,0.0,0.3491,2,decreasing,0.0425,False,False,1679
IRF3,0.102041,2,tf,1.3,0.0,0.0,0.1366,290.412,81,0.0,1.0,0.0,0,N/A,0.406,False,True,1680
PRPH,0.102009,2,other,1.0,0.2228,0.430516,0.0,0.0,0,0.0,1.0,0.0,0,N/A,0.0805,False,False,1681
CCL13,0.101677,2,other,1.0,0.2384,0.460452,0.0,0.0,0,0.0,1.0,0.0,0,N/A,0.0146,False,False,1682
TNF,0.101676,2,other,1.0,0.1942,0.375911,0.0,0.0,0,0.0,1.0,0.0,0,N/A,0.1917,False,False,1683
PF4,0.101395,3,other,1.0,0.2187,0.422699,0.0,0.0,0,0.005,1.1862621995817335e-11,0.503,1,increasing,0.0372,False,False,1684
GNAT1,0.101317,2,other,1.0,0.2227,0.430436,0.0,0.0,0,0.0,1.0,0.0,0,N/A,0.074,False,False,1685
NPPC,0.101243,2,other,1.0,0.2235,0.431875,0.0,0.0,0,0.0,1.0,0.0,0,N/A,0.0703,False,False,1686
FCER2,0.10117,3,other,1.0,0.2069,0.400229,0.0,0.0,0,0.0001,0.039703538329351834,0.1504,1,decreasing,0.0919,False,False,1687
PRG2,0.101165,2,other,1.0,0.2274,0.439303,0.0,0.0,0,0.0,1.0,0.0,0,N/A,0.054,False,False,1688
SLC18A2,0.101147,2,other,1.0,0.2282,0.440926,0.0,0.0,0,0.0,1.0,0.0,0,N/A,0.0504,False,False,1689
IFI30,0.100875,3,other,1.0,0.1938,0.375123,0.0,0.0,0,0.0012,3.1611101037144376e-05,0.2944,1,decreasing,0.1396,False,False,1690
CXCL14,0.100837,2,other,1.0,0.2229,0.430723,0.0,0.0,0,0.0,1.0,0.0,0,N/A,0.0689,False,False,1691
KLRC1,0.100798,2,other,1.0,0.2296,0.443652,0.0,0.0,0,0.0,1.0,0.0,0,N/A,0.0414,False,False,1692
TREML1,0.100746,2,other,1.0,0.2326,0.449307,0.0,0.0,0,0.0,1.0,0.0,0,N/A,0.0291,False,False,1693
KCNK10,0.100528,2,other,1.0,0.2234,0.431639,0.0,0.0,0,0.0,1.0,0.0,0,N/A,0.064,False,False,1694
KCTD8,0.100497,2,other,1.0,0.2231,0.431166,0.0,0.0,0,0.0,1.0,0.0,0,N/A,0.0647,False,False,1695
MMP9,0.100451,3,other,1.0,0.2097,0.405485,0.0,0.0,0,0.0004,0.0006313926128729095,0.146,2,increasing,0.0737,False,False,1696
KLRC2,0.100361,2,other,1.0,0.2238,0.432512,0.0,0.0,0,0.0,1.0,0.0,0,N/A,0.0606,False,False,1697
SHISA2,0.100348,2,other,1.0,0.2234,0.431818,0.0,0.0,0,0.0,1.0,0.0,0,N/A,0.0619,False,False,1698
CD300LG,0.100176,2,other,1.0,0.2228,0.430673,0.0,0.0,0,0.0,1.0,0.0,0,N/A,0.0627,False,False,1699
MPPED2,0.100161,3,other,1.0,0.2107,0.40747,0.0,0.0,0,0.0017,6.146679726382863e-09,0.216,1,increasing,0.0643,False,False,1700
SNAP91,0.10012,2,other,1.0,0.2228,0.43067,0.0,0.0,0,0.0,1.0,0.0,0,N/A,0.0621,False,False,1701
PCDH17,0.100084,2,other,1.0,0.2157,0.417118,0.0,0.0,0,0.0,1.0,0.0,0,N/A,0.0902,False,False,1702
KLK3,0.100073,2,other,1.0,0.2227,0.430469,0.0,0.0,0,0.0,1.0,0.0,0,N/A,0.0621,False,False,1703
POLR3A,0.100024,2,other,1.0,0.0,0.0,0.1404,298.0384,81,0.0,1.0,0.0,0,N/A,0.6017,False,True,1704
TMEM47,0.100013,2,other,1.0,0.2228,0.430523,0.0,0.0,0,0.0,1.0,0.0,0,N/A,0.0614,False,False,1705
ARHGAP29,0.099977,2,other,1.0,0.2142,0.414186,0.0,0.0,0,0.0,1.0,0.0,0,N/A,0.0953,False,False,1706
SPP1,0.099971,2,other,1.0,0.2232,0.431355,0.0,0.0,0,0.0,1.0,0.0,0,N/A,0.0593,False,False,1707
VPREB3,0.099956,3,other,1.0,0.2126,0.411107,0.0,0.0,0,0.001,0.0001863216679792217,0.2943,1,decreasing,0.0563,False,False,1708
OCA2,0.099766,2,other,1.0,0.2228,0.430651,0.0,0.0,0,0.0,1.0,0.0,0,N/A,0.0588,False,False,1709
EBF3,0.099411,2,other,1.0,0.2233,0.431458,0.0,0.0,0,0.0,1.0,0.0,0,N/A,0.0537,False,False,1710
XCL2,0.099383,2,other,1.0,0.2307,0.445689,0.0,0.0,0,0.0,1.0,0.0,0,N/A,0.0237,False,False,1711
TRHDE,0.099167,2,other,1.0,0.2217,0.428546,0.0,0.0,0,0.0,1.0,0.0,0,N/A,0.0575,False,False,1712
NHLH2,0.099138,2,other,1.0,0.2227,0.430456,0.0,0.0,0,0.0,1.0,0.0,0,N/A,0.0532,False,False,1713
TTC29,0.09913,2,other,1.0,0.2232,0.43127,0.0,0.0,0,0.0,1.0,0.0,0,N/A,0.0515,False,False,1714
LYZL6,0.099124,2,other,1.0,0.2227,0.430429,0.0,0.0,0,0.0,1.0,0.0,0,N/A,0.0532,False,False,1715
SLC8A2,0.099104,2,other,1.0,0.2228,0.430621,0.0,0.0,0,0.0,1.0,0.0,0,N/A,0.0526,False,False,1716
HLA-DRB5,0.099066,3,other,1.0,0.1158,0.226202,0.0,0.0,0,0.1878,0.0,0.4981,5,increasing,0.0619,False,False,1717
GREM2,0.099013,2,other,1.0,0.2237,0.432301,0.0,0.0,0,0.0,1.0,0.0,0,N/A,0.0482,False,False,1718
EPX,0.098929,2,other,1.0,0.2251,0.434972,0.0,0.0,0,0.0,1.0,0.0,0,N/A,0.0418,False,False,1719
PRAP1,0.098708,2,other,1.0,0.2228,0.430588,0.0,0.0,0,0.0,1.0,0.0,0,N/A,0.0489,False,False,1720
RP11-290D2.6,0.098696,2,other,1.0,0.2338,0.451505,0.0,0.0,0,0.0025,2.3030207206307683e-09,0.2467,3,increasing,0.0,False,False,1721
TMEM26,0.098611,2,other,1.0,0.2228,0.430623,0.0,0.0,0,0.0,1.0,0.0,0,N/A,0.0479,False,False,1722
SCN1A,0.0985,2,other,1.0,0.2234,0.431654,0.0,0.0,0,0.0,1.0,0.0,0,N/A,0.0447,False,False,1723
NTS,0.098436,2,other,1.0,0.2229,0.430838,0.0,0.0,0,0.0,1.0,0.0,0,N/A,0.0458,False,False,1724
CMYA5,0.0983,2,other,1.0,0.2231,0.431198,0.0,0.0,0,0.0,1.0,0.0,0,N/A,0.0437,False,False,1725
IRX1,0.098161,2,other,1.0,0.2228,0.430503,0.0,0.0,0,0.0,1.0,0.0,0,N/A,0.0438,False,False,1726
LPL,0.097974,2,other,1.0,0.2109,0.407958,0.0,0.0,0,0.0,1.0,0.0,0,N/A,0.0893,False,False,1727
ITLN1,0.097902,2,other,1.0,0.2232,0.43132,0.0,0.0,0,0.0,1.0,0.0,0,N/A,0.0397,False,False,1728
ACY3,0.097882,2,other,1.0,0.1933,0.374263,0.0,0.0,0,0.0,1.0,0.0,0,N/A,0.159,False,False,1729
SLC30A8,0.097843,2,other,1.0,0.2233,0.4315,0.0,0.0,0,0.0,1.0,0.0,0,N/A,0.0387,False,False,1730
IL3,0.097738,2,other,1.0,0.2227,0.430463,0.0,0.0,0,0.0,1.0,0.0,0,N/A,0.0399,False,False,1731
PPP1R14A,0.097534,3,other,1.0,0.1996,0.386257,0.0,0.0,0,0.0002,0.0015308442361264309,0.1085,1,increasing,0.0879,False,False,1732
TFF3,0.097401,3,other,1.0,0.2085,0.403206,0.0,0.0,0,0.0004,0.009179412230592512,0.2406,1,decreasing,0.0508,False,False,1733
RPS6KC1,0.097055,3,ribosomal,0.55,0.3073,0.591984,0.0,0.0,0,0.1234,0.0,0.3587,3,increasing,0.128,False,False,1734
VCAM1,0.097,2,other,1.0,0.211,0.408117,0.0,0.0,0,0.0,1.0,0.0,0,N/A,0.0797,False,False,1735
RSPO1,0.096953,2,other,1.0,0.2227,0.430439,0.0,0.0,0,0.0,1.0,0.0,0,N/A,0.0325,False,False,1736
NXF3,0.096916,2,other,1.0,0.2237,0.43228,0.0,0.0,0,0.0,1.0,0.0,0,N/A,0.0282,False,False,1737
FRMPD4,0.096873,2,other,1.0,0.2231,0.431137,0.0,0.0,0,0.0,1.0,0.0,0,N/A,0.0302,False,False,1738
LYPD2,0.096772,2,other,1.0,0.2232,0.431408,0.0,0.0,0,0.0,1.0,0.0,0,N/A,0.0287,False,False,1739
RAG2,0.09654,2,other,1.0,0.2237,0.432301,0.0,0.0,0,0.0,1.0,0.0,0,N/A,0.0246,False,False,1740
CPB1,0.096459,2,other,1.0,0.225,0.43471,0.0,0.0,0,0.0,1.0,0.0,0,N/A,0.0188,False,False,1741
TKTL1,0.09637,2,other,1.0,0.2112,0.408461,0.0,0.0,0,0.0,1.0,0.0,0,N/A,0.073,False,False,1742
C15ORF48,0.09626,2,other,1.0,0.2233,0.431589,0.0,0.0,0,0.0,1.0,0.0,0,N/A,0.0235,False,False,1743
ENHO,0.096009,2,other,1.0,0.2107,0.407467,0.0,0.0,0,0.0,1.0,0.0,0,N/A,0.0716,False,False,1744
CD200R1L,0.0959,2,other,1.0,0.2228,0.430522,0.0,0.0,0,0.0,1.0,0.0,0,N/A,0.0223,False,False,1745
ATP8B1,0.095888,3,mitochondrial,0.7,0.2869,0.552955,0.0,0.0,0,0.002,8.535474836183592e-10,0.2272,1,increasing,0.0937,False,False,1746
OR7C1,0.095702,2,other,1.0,0.2233,0.431534,0.0,0.0,0,0.0,1.0,0.0,0,N/A,0.0183,False,False,1747
AC016629.2,0.095624,1,other,1.0,0.2391,0.461626,0.0,0.0,0,0.0,1.0,0.0,0,N/A,0.0,False,False,1748
CHSY3,0.095449,2,other,1.0,0.2158,0.417148,0.0,0.0,0,0.0,1.0,0.0,0,N/A,0.046,False,False,1749
SMARCA4,0.095418,2,other,1.0,0.0,0.0,0.1713,361.1001,81,0.0,1.0,0.0,0,N/A,0.4806,False,True,1750
FAM64A,0.095389,1,other,1.0,0.2385,0.460503,0.0,0.0,0,0.0,1.0,0.0,0,N/A,0.0,False,False,1751
RGS1,0.095249,2,other,1.0,0.2013,0.38949,0.0,0.0,0,0.0,1.0,0.0,0,N/A,0.102,False,False,1752
MAGEC3,0.094964,2,other,1.0,0.2231,0.431155,0.0,0.0,0,0.0,1.0,0.0,0,N/A,0.012,False,False,1753
TAF7L,0.093888,2,other,1.0,0.2126,0.411026,0.0,0.0,0,0.0,1.0,0.0,0,N/A,0.0439,False,False,1754
C1QB,0.093857,2,other,1.0,0.2136,0.413018,0.0,0.0,0,0.0,1.0,0.0,0,N/A,0.0395,False,False,1755
PDIA2,0.093758,2,other,1.0,0.2119,0.409679,0.0,0.0,0,0.0,1.0,0.0,0,N/A,0.0455,False,False,1756
SIX5,0.093539,2,other,1.0,0.0,0.0,0.1907,400.738,81,0.0,1.0,0.0,0,N/A,0.4141,False,True,1757
SDS,0.093359,2,other,1.0,0.2119,0.409734,0.0,0.0,0,0.0,1.0,0.0,0,N/A,0.0416,False,False,1758
SLC10A6,0.093004,2,other,1.0,0.2119,0.409771,0.0,0.0,0,0.0,1.0,0.0,0,N/A,0.0382,False,False,1759
LINGO4,0.092165,2,other,1.0,0.2119,0.409679,0.0,0.0,0,0.0,1.0,0.0,0,N/A,0.0304,False,False,1760
SIRT6,0.092117,2,other,1.0,0.0,0.0,0.167,352.3515,81,0.0,1.0,0.0,0,N/A,0.4599,False,True,1761
SHOX2,0.091908,2,other,1.0,0.1925,0.372721,0.0,0.0,0,0.0,1.0,0.0,0,N/A,0.1053,False,False,1762
SERPINB10,0.091853,3,other,1.0,0.1936,0.37483,0.0,0.0,0,0.0005,0.008967194853400971,0.2704,2,decreasing,0.0596,False,False,1763
ZBTB33,0.091776,2,other,1.0,0.0,0.0,0.1731,364.8021,81,0.0,1.0,0.0,0,N/A,0.4414,False,True,1764
WDR49,0.091601,3,other,1.0,0.1988,0.384804,0.0,0.0,0,0.0,0.03875522072707193,0.0762,1,increasing,0.0374,False,False,1765
NR3C1,0.090851,2,tf,1.3,0.0,0.0,0.0178,47.9494,81,0.0,1.0,0.0,0,N/A,0.621,False,True,1766
SMARCC2,0.090563,2,other,1.0,0.0,0.0,0.1133,242.8365,81,0.0,1.0,0.0,0,N/A,0.5792,False,True,1767
AC007364.1,0.0901,1,other,1.0,0.2253,0.435261,0.0,0.0,0,0.0,1.0,0.0,0,N/A,0.0,False,False,1768
LRMDA,0.08983,3,other,1.0,0.0301,0.062733,0.0,0.0,0,0.3445,0.0,1.098,5,increasing,0.0072,False,False,1769
CTBP2,0.089328,2,other,1.0,0.0,0.0,0.1479,313.456,81,0.0,1.0,0.0,0,N/A,0.481,False,True,1770
AC079341.1,0.089087,1,other,1.0,0.2227,0.430427,0.0,0.0,0,0.0,1.0,0.0,0,N/A,0.0,False,False,1771
GZMB,0.088749,3,other,1.0,0.196,0.379389,0.0,0.0,0,0.0036,7.100986465502501e-13,0.3105,1,increasing,0.0156,False,False,1772
DPEP1,0.088285,2,other,1.0,0.1873,0.362742,0.0,0.0,0,0.0,1.0,0.0,0,N/A,0.0917,False,False,1773
ALLC,0.087804,2,other,1.0,0.1924,0.372525,0.0,0.0,0,0.0,1.0,0.0,0,N/A,0.0667,False,False,1774
VWC2,0.087373,2,other,1.0,0.193,0.373688,0.0,0.0,0,0.0,1.0,0.0,0,N/A,0.0601,False,False,1775
NEAT1,0.087254,3,other,1.0,0.1356,0.264165,0.0,0.0,0,0.0079,2.819137957902655e-13,0.4399,7,increasing,0.2348,False,False,1776
CXCL10,0.086602,2,other,1.0,0.1913,0.370532,0.0,0.0,0,0.0,1.0,0.0,0,N/A,0.0594,False,False,1777
GP1BA,0.086596,3,other,1.0,0.1849,0.358286,0.0,0.0,0,0.0002,0.023313289481924047,0.1555,1,increasing,0.0472,False,False,1778
AIRE,0.086585,2,other,1.0,0.1921,0.371885,0.0,0.0,0,0.0,1.0,0.0,0,N/A,0.0564,False,False,1779
FCRL5,0.086278,2,other,1.0,0.1943,0.376116,0.0,0.0,0,0.0,1.0,0.0,0,N/A,0.0446,False,False,1780
MT1X,0.085711,3,other,1.0,0.172,0.333636,0.0,0.0,0,0.0048,1.8402210971977357e-12,0.2874,6,increasing,0.0815,False,False,1781
CCL17,0.08565,2,other,1.0,0.1924,0.372471,0.0,0.0,0,0.0,1.0,0.0,0,N/A,0.0463,False,False,1782
APOD,0.085173,2,other,1.0,0.1915,0.37076,0.0,0.0,0,0.0,1.0,0.0,0,N/A,0.0453,False,False,1783
SP2,0.084942,2,other,1.0,0.0,0.0,0.1642,346.6878,81,0.0,1.0,0.0,0,N/A,0.3985,False,True,1784
CCL18,0.08475,2,other,1.0,0.1924,0.372553,0.0,0.0,0,0.0,1.0,0.0,0,N/A,0.0375,False,False,1785
BGN,0.08457,2,other,1.0,0.1924,0.372569,0.0,0.0,0,0.0,1.0,0.0,0,N/A,0.0358,False,False,1786
LILRA4,0.084008,2,other,1.0,0.1948,0.377075,0.0,0.0,0,0.0,1.0,0.0,0,N/A,0.021,False,False,1787
HAMP,0.083949,2,other,1.0,0.1758,0.34076,0.0,0.0,0,0.0,1.0,0.0,0,N/A,0.0965,False,False,1788
FCRL1,0.083582,2,other,1.0,0.1902,0.36837,0.0,0.0,0,0.0,1.0,0.0,0,N/A,0.0352,False,False,1789
F9,0.083486,2,other,1.0,0.191,0.369907,0.0,0.0,0,0.0,1.0,0.0,0,N/A,0.031,False,False,1790
CLEC4G,0.082988,2,other,1.0,0.1858,0.360005,0.0,0.0,0,0.0,1.0,0.0,0,N/A,0.047,False,False,1791
TCL6,0.08262,2,other,1.0,0.1929,0.373577,0.0,0.0,0,0.0,1.0,0.0,0,N/A,0.0151,False,False,1792
RPS6KA5,0.082182,3,ribosomal,0.55,0.2984,0.574928,0.0,0.0,0,0.0049,2.4392852858627783e-15,0.2889,3,increasing,0.155,False,False,1793
CLEC4C,0.082178,2,other,1.0,0.1862,0.360785,0.0,0.0,0,0.0,1.0,0.0,0,N/A,0.0377,False,False,1794
NR2C2,0.079678,2,other,1.0,0.0,0.0,0.1485,314.5895,81,0.0,1.0,0.0,0,N/A,0.3877,False,True,1795
RPS17,0.079503,3,ribosomal,0.55,0.2888,0.556529,0.0,0.0,0,0.0155,8.945860190099452e-18,0.594,9,increasing,0.128,False,False,1796
IGLL1,0.078957,3,immunoglobulin,0.55,0.3182,0.612669,0.0,0.0,0,0.0017,1.719415543442378e-05,0.3185,3,decreasing,0.029,False,False,1797
KMT2C,0.078597,3,other,1.0,0.0429,0.087148,0.0,0.0,0,0.1852,0.0,0.4896,5,increasing,0.1724,False,False,1798
RAD51B,0.077778,3,other,1.0,0.031,0.064407,0.0,0.0,0,0.2474,0.0,0.7689,4,increasing,0.0881,False,False,1799
AMPD1,0.076809,2,other,1.0,0.1755,0.340288,0.0,0.0,0,0.0,1.0,0.0,0,N/A,0.0295,False,False,1800
CERS6,0.074829,3,other,1.0,0.0302,0.062873,0.0,0.0,0,0.2261,0.0,0.7528,3,increasing,0.1073,False,False,1801
AZU1,0.07438,3,other,1.0,0.1594,0.309515,0.0,0.0,0,0.0005,0.004215412563961019,0.2337,2,decreasing,0.0376,False,False,1802
SPIDR,0.073862,3,other,1.0,0.0321,0.066516,0.0,0.0,0,0.2263,0.0,0.685,4,increasing,0.0903,False,False,1803
BRF2,0.073798,2,other,1.0,0.0,0.0,0.077,168.7333,81,0.0,1.0,0.0,0,N/A,0.5103,False,True,1804
TAFA2,0.072504,2,other,1.0,0.0076,0.019715,0.0,0.0,0,0.3301,0.0,1.2688,3,increasing,0.0,False,False,1805
SREBF1,0.071098,2,other,1.0,0.0,0.0,0.0805,175.7971,81,0.0,1.0,0.0,0,N/A,0.476,False,True,1806
MT1G,0.070758,2,other,1.0,0.159,0.308826,0.0,0.0,0,0.0,1.0,0.0,0,N/A,0.0378,False,False,1807
LILRB2,0.070454,2,other,1.0,0.1632,0.316799,0.0,0.0,0,0.0,1.0,0.0,0,N/A,0.0182,False,False,1808
THAP1,0.068219,2,other,1.0,0.0,0.0,0.104,223.7769,81,0.0,1.0,0.0,0,N/A,0.3898,False,True,1809
IFI27,0.067931,3,other,1.0,0.0313,0.065022,0.0,0.0,0,0.2116,0.0,0.8604,1,increasing,0.0691,False,False,1810
COP1,0.06782,2,other,1.0,0.0521,0.104708,0.0,0.0,0,0.2187,0.0,0.6556,4,increasing,0.0,False,False,1811
HSF1,0.066429,2,other,1.0,0.0,0.0,0.0607,135.5122,81,0.0,1.0,0.0,0,N/A,0.4809,False,True,1812
PLBD1,0.06626,3,other,1.0,0.1335,0.260117,0.0,0.0,0,0.0051,8.865336448488287e-15,0.3134,3,increasing,0.0582,False,False,1813
ATP5MC3,0.062458,2,other,1.0,0.1004,0.196958,0.0,0.0,0,0.0966,0.0,0.2967,2,decreasing,0.0,False,False,1814
IGHM,0.061622,3,immunoglobulin,0.55,0.2502,0.482801,0.0,0.0,0,0.004,2.252636571624847e-09,0.4707,2,decreasing,0.0099,False,False,1815
BDP1,0.061404,2,other,1.0,0.0,0.0,0.028,68.7952,81,0.0,1.0,0.0,0,N/A,0.5147,False,True,1816
RIPOR2,0.060729,3,other,1.0,0.0093,0.022959,0.0,0.0,0,0.2567,0.0,0.8071,4,increasing,0.0015,False,False,1817
ATP5F1B,0.060603,2,other,1.0,0.0997,0.195513,0.0,0.0,0,0.0892,0.0,0.2995,1,increasing,0.0,False,False,1818
TTTY14,0.060527,3,other,1.0,0.0405,0.082583,0.0,0.0,0,0.1841,0.0,0.5287,4,increasing,0.0199,False,False,1819
KAT2A,0.060486,2,other,1.0,0.0,0.0,0.032,76.959,81,0.0,1.0,0.0,0,N/A,0.496,False,True,1820
MCU,0.059265,3,other,1.0,0.0415,0.084406,0.0,0.0,0,0.1321,0.0,0.356,4,increasing,0.1087,False,False,1821
ESRRA,0.057553,2,other,1.0,0.0,0.0,0.0353,83.6251,81,0.0,1.0,0.0,0,N/A,0.4599,False,True,1822
ZZZ3,0.057396,2,other,1.0,0.0,0.0,0.0852,185.5163,81,0.0,1.0,0.0,0,N/A,0.3336,False,True,1823
GYPB,0.057354,3,other,1.0,0.1089,0.213162,0.0,0.0,0,0.0119,6.612035366134917e-20,0.7366,1,decreasing,0.0618,False,False,1824
FECH,0.056928,3,other,1.0,0.1022,0.20031,0.0,0.0,0,0.0034,9.117199905175081e-09,0.471,1,decreasing,0.1019,False,False,1825
HBQ1,0.056371,3,hemoglobin,0.45,0.2558,0.49361,0.0,0.0,0,0.0002,0.02631724026014111,0.1735,1,decreasing,0.1152,False,False,1826
POLR3G,0.055888,2,other,1.0,0.0,0.0,0.0024,16.5649,81,0.0,1.0,0.0,0,N/A,0.5262,False,True,1827
PRSS57,0.055801,3,other,1.0,0.0508,0.102212,0.0,0.0,0,0.1398,0.0,0.3803,4,increasing,0.0245,False,False,1828
SELENBP1,0.055578,3,other,1.0,0.0994,0.194986,0.0,0.0,0,0.0098,2.4178677962369302e-17,0.6846,1,decreasing,0.0881,False,False,1829
GZMA,0.055302,3,other,1.0,0.1187,0.231903,0.0,0.0,0,0.0003,0.004905268367877817,0.1549,2,decreasing,0.0272,False,False,1830
SNHG9,0.054993,3,other,1.0,0.0843,0.16624,0.0,0.0,0,0.0013,5.262378343695584e-06,0.2053,4,increasing,0.1599,False,False,1831
HBG1,0.054366,3,hemoglobin,0.45,0.2616,0.504737,0.0,0.0,0,0.0028,3.667461704696488e-10,0.2581,3,increasing,0.0461,False,False,1832
CASC15,0.054358,3,other,1.0,0.0075,0.0196,0.0,0.0,0,0.2142,0.0,0.7788,2,increasing,0.0357,False,False,1833
ZNF274,0.054118,2,other,1.0,0.0,0.0,0.0644,142.995,81,0.0,1.0,0.0,0,N/A,0.3544,False,True,1834
FGFBP2,0.053129,3,other,1.0,0.1124,0.219714,0.0,0.0,0,0.0007,0.0002032910416777852,0.1918,2,increasing,0.0322,False,False,1835
MYCN,0.052477,2,tf,1.3,0.0658,0.130841,0.0,0.0,0,0.0,1.0,0.0,0,N/A,0.1212,False,False,1836
HBE1,0.052379,2,hemoglobin,0.45,0.2593,0.50034,0.0,0.0,0,0.0,1.0,0.0,0,N/A,0.0712,False,False,1837
MNDA,0.052291,3,other,1.0,0.1054,0.206487,0.0,0.0,0,0.0032,2.3554237498417651e-07,0.4941,2,decreasing,0.0473,False,False,1838
MAFB,0.052058,2,tf,1.3,0.0711,0.14096,0.0,0.0,0,0.0,1.0,0.0,0,N/A,0.097,False,False,1839
FTX,0.052023,2,other,1.0,0.0,0.0,0.0,0.0,0,0.2104,0.0,0.6241,4,increasing,0.0747,False,False,1840
CA2,0.051854,3,other,1.0,0.0909,0.178755,0.0,0.0,0,0.0062,7.815294456258992e-13,0.5814,1,decreasing,0.0954,False,False,1841
WDPCP,0.050672,2,other,1.0,0.0,0.0,0.0,0.0,0,0.1653,0.0,0.5073,3,increasing,0.152,False,False,1842
PTTG1,0.050464,2,other,1.0,0.0964,0.189269,0.0,0.0,0,0.0,1.0,0.0,0,N/A,0.095,False,False,1843
FCN1,0.049966,3,other,1.0,0.1032,0.202253,0.0,0.0,0,0.0005,0.00022952177255239275,0.1393,2,increasing,0.0404,False,False,1844
MT-ND4,0.049,2,mitochondrial,0.7,0.1631,0.316557,0.0,0.0,0,0.0072,4.389749708865619e-11,0.4587,8,decreasing,0.0,False,False,1845
YBX3,0.048233,3,other,1.0,0.0728,0.144278,0.0,0.0,0,0.0129,8.459318688575613e-20,0.7341,2,decreasing,0.1213,False,False,1846
IFIT1,0.047969,2,other,1.0,0.088,0.173147,0.0,0.0,0,0.0,1.0,0.0,0,N/A,0.105,False,False,1847
IFIT1B,0.047914,3,other,1.0,0.1011,0.19816,0.0,0.0,0,0.0012,8.22028457539483e-05,0.3245,1,decreasing,0.0289,False,False,1848
APOBEC3A,0.047813,3,other,1.0,0.1029,0.20176,0.0,0.0,0,0.0003,0.0014516442098288626,0.1267,1,increasing,0.0223,False,False,1849
AC079793.1,0.047705,2,other,1.0,0.0078,0.020065,0.0,0.0,0,0.2116,0.0,0.691,3,increasing,0.0,False,False,1850
IGHG1,0.046893,3,immunoglobulin,0.55,0.1912,0.370215,0.0,0.0,0,0.0012,0.00030156044923278046,0.2974,4,decreasing,0.0079,False,False,1851
MYL9,0.046774,3,other,1.0,0.0878,0.172911,0.0,0.0,0,0.0019,1.6477097256606399e-06,0.3594,1,increasing,0.07,False,False,1852
KLRD1,0.046642,3,other,1.0,0.0946,0.185771,0.0,0.0,0,0.0011,6.980143069068578e-06,0.2047,2,increasing,0.0435,False,False,1853
DANT2,0.046471,2,other,1.0,0.0075,0.0196,0.0,0.0,0,0.2062,0.0,0.7412,2,increasing,0.0,False,False,1854
AL589693.1,0.046199,2,other,1.0,0.0075,0.019601,0.0,0.0,0,0.2049,0.0,0.6632,3,increasing,0.0,False,False,1855
HBZ,0.045796,2,hemoglobin,0.45,0.2263,0.437264,0.0,0.0,0,0.0,1.0,0.0,0,N/A,0.064,False,False,1856
DEFA4,0.045622,3,other,1.0,0.0856,0.168615,0.0,0.0,0,0.0321,1.3447326115859721e-31,1.1721,3,decreasing,0.0082,False,False,1857
MGST1,0.045184,3,other,1.0,0.0834,0.164366,0.0,0.0,0,0.0019,5.637074148686387e-08,0.205,4,increasing,0.0736,False,False,1858
KLHL13,0.045149,3,other,1.0,0.0828,0.163264,0.0,0.0,0,0.0,0.04673701063275349,0.077,1,increasing,0.0793,False,False,1859
IGHA2,0.044732,1,immunoglobulin,0.55,0.2033,0.393405,0.0,0.0,0,0.0,1.0,0.0,0,N/A,0.0,False,False,1860
PEAK1,0.044431,2,other,1.0,0.0,0.0,0.0,0.0,0,0.1489,0.0,0.4095,4,increasing,0.1254,False,False,1861
SREBF2,0.043848,2,other,1.0,0.0,0.0,0.0073,26.59,81,0.0,1.0,0.0,0,N/A,0.3992,False,True,1862
ATP5PF,0.043604,2,other,1.0,0.1021,0.200214,0.0,0.0,0,0.0034,2.059656149337267e-12,0.246,3,decreasing,0.0,False,False,1863
MIR99AHG,0.043322,3,other,1.0,0.0076,0.019621,0.0,0.0,0,0.1733,0.0,0.6628,1,increasing,0.017,False,False,1864
IGHE,0.043253,2,immunoglobulin,0.55,0.1856,0.359597,0.0,0.0,0,0.0,1.0,0.0,0,N/A,0.0065,False,False,1865
CCSER1,0.043132,2,other,1.0,0.0,0.0,0.0,0.0,0,0.1737,0.0,0.5392,3,increasing,0.0634,False,False,1866
HLA-DQA2,0.041436,3,other,1.0,0.0824,0.162513,0.0,0.0,0,0.0002,0.026668500391121005,0.1675,1,decreasing,0.0467,False,False,1867
RHEX,0.041264,2,other,1.0,0.0075,0.019596,0.0,0.0,0,0.1814,0.0,0.7029,1,increasing,0.0,False,False,1868
ATP5F1A,0.04109,2,other,1.0,0.0963,0.188985,0.0,0.0,0,0.0032,1.2001747113862756e-13,0.2472,1,increasing,0.0,False,False,1869
HP,0.040331,3,other,1.0,0.078,0.154183,0.0,0.0,0,0.0002,0.0033400866863802503,0.1257,1,increasing,0.054,False,False,1870
IL12A-AS1,0.040254,2,other,1.0,0.0075,0.0196,0.0,0.0,0,0.1766,0.0,0.679,1,increasing,0.0,False,False,1871
KANSL1,0.040065,2,other,1.0,0.0,0.0,0.0,0.0,0,0.124,0.0,0.331,4,increasing,0.1335,False,False,1872
GUCY1A1,0.040051,2,other,1.0,0.0075,0.019596,0.0,0.0,0,0.1756,0.0,0.6743,1,increasing,0.0,False,False,1873
GMDS-DT,0.039674,1,other,1.0,0.0,0.0,0.0,0.0,0,0.1984,0.0,0.6364,3,increasing,0.0,False,False,1874
ANO5,0.039454,3,other,1.0,0.0756,0.149481,0.0,0.0,0,0.0002,0.00380262141652007,0.112,1,increasing,0.056,False,False,1875
NDUFAF6,0.039429,2,other,1.0,0.0,0.0,0.0,0.0,0,0.1258,0.0,0.3666,3,increasing,0.124,False,False,1876
PCNX1,0.039118,3,other,1.0,0.0202,0.043761,0.0,0.0,0,0.1356,0.0,0.367,4,increasing,0.0036,False,False,1877
CMSS1,0.039107,2,other,1.0,0.0,0.0,0.0,0.0,0,0.1322,0.0,0.3564,4,increasing,0.108,False,False,1878
BABAM2,0.038799,2,other,1.0,0.0,0.0,0.0,0.0,0,0.1688,0.0,0.5208,3,increasing,0.0318,False,False,1879
C1QC,0.038621,2,other,1.0,0.0606,0.120814,0.0,0.0,0,0.0,1.0,0.0,0,N/A,0.1256,False,False,1880
USP9Y,0.038296,3,other,1.0,0.0132,0.030502,0.0,0.0,0,0.1325,0.0,0.3896,3,increasing,0.0301,False,False,1881
FRZB,0.038141,2,other,1.0,0.0763,0.150966,0.0,0.0,0,0.0,1.0,0.0,0,N/A,0.0579,False,False,1882
IGF2,0.038049,2,other,1.0,0.0764,0.150978,0.0,0.0,0,0.0,1.0,0.0,0,N/A,0.057,False,False,1883
GYPE,0.038022,2,other,1.0,0.0794,0.15676,0.0,0.0,0,0.0,1.0,0.0,0,N/A,0.0446,False,False,1884
C1QA,0.037832,2,other,1.0,0.0609,0.121552,0.0,0.0,0,0.0,1.0,0.0,0,N/A,0.1166,False,False,1885
NKX6-1,0.037695,2,other,1.0,0.075,0.148359,0.0,0.0,0,0.0,1.0,0.0,0,N/A,0.0591,False,False,1886
SLAMF9,0.037694,2,other,1.0,0.0764,0.151001,0.0,0.0,0,0.0,1.0,0.0,0,N/A,0.0535,False,False,1887
OLFM3,0.037486,2,other,1.0,0.0768,0.151776,0.0,0.0,0,0.0,1.0,0.0,0,N/A,0.0499,False,False,1888
CLC,0.037463,3,other,1.0,0.0765,0.151178,0.0,0.0,0,0.0014,2.054576846218183e-07,0.2159,1,increasing,0.032,False,False,1889
CCDC171,0.037082,2,other,1.0,0.0,0.0,0.0,0.0,0,0.1259,0.0,0.4033,2,increasing,0.1013,False,False,1890
PRKY,0.036975,3,other,1.0,0.0743,0.146968,0.0,0.0,0,0.0033,7.576638867870584e-12,0.2518,3,increasing,0.0326,False,False,1891
LINC01473,0.036884,1,other,1.0,0.0,0.0,0.0,0.0,0,0.1844,0.0,0.5807,3,increasing,0.0,False,False,1892
NPY,0.036767,2,other,1.0,0.075,0.148387,0.0,0.0,0,0.0,1.0,0.0,0,N/A,0.0502,False,False,1893
CHRDL1,0.036617,2,other,1.0,0.0764,0.150998,0.0,0.0,0,0.0,1.0,0.0,0,N/A,0.0433,False,False,1894
MGP,0.036555,2,other,1.0,0.0708,0.14037,0.0,0.0,0,0.0,1.0,0.0,0,N/A,0.065,False,False,1895
ZCCHC12,0.036522,2,other,1.0,0.075,0.148347,0.0,0.0,0,0.0,1.0,0.0,0,N/A,0.0479,False,False,1896
TRGV9,0.036181,2,other,1.0,0.0328,0.067888,0.0,0.0,0,0.1066,0.0,0.3323,2,increasing,0.0,False,False,1897
RAMP2,0.036127,2,other,1.0,0.0708,0.140344,0.0,0.0,0,0.0,1.0,0.0,0,N/A,0.0609,False,False,1898
AC008014.1,0.035377,1,other,1.0,0.0,0.0,0.0,0.0,0,0.1769,0.0,0.5514,3,increasing,0.0,False,False,1899
AC103591.3,0.035248,2,other,1.0,0.0831,0.163826,0.0,0.0,0,0.0017,8.9103351928382e-05,0.3864,3,increasing,0.0,False,False,1900
TCL1B,0.034706,2,other,1.0,0.0764,0.151032,0.0,0.0,0,0.0,1.0,0.0,0,N/A,0.025,False,False,1901
GRIN3A,0.034585,2,other,1.0,0.0709,0.140497,0.0,0.0,0,0.0,1.0,0.0,0,N/A,0.0459,False,False,1902
CD1C,0.034539,2,other,1.0,0.0764,0.151045,0.0,0.0,0,0.0,1.0,0.0,0,N/A,0.0234,False,False,1903
FMOD,0.034004,2,other,1.0,0.0708,0.140421,0.0,0.0,0,0.0,1.0,0.0,0,N/A,0.0406,False,False,1904
DEPTOR,0.033863,2,other,1.0,0.0,0.0,0.0,0.0,0,0.1032,0.0,0.3201,2,increasing,0.1161,False,False,1905
SNHG32,0.033815,1,other,1.0,0.0,0.0,0.0,0.0,0,0.1691,0.0,0.5758,2,increasing,0.0,False,False,1906
KIR3DL1,0.033814,3,other,1.0,0.0712,0.141238,0.0,0.0,0,0.0,0.03541802555783179,0.0849,1,increasing,0.0223,False,False,1907
SOX21,0.033319,2,other,1.0,0.0651,0.129468,0.0,0.0,0,0.0,1.0,0.0,0,N/A,0.057,False,False,1908
NLGN4X,0.033318,2,other,1.0,0.0708,0.140426,0.0,0.0,0,0.0,1.0,0.0,0,N/A,0.034,False,False,1909
MIR924HG,0.032827,2,other,1.0,0.0198,0.043025,0.0,0.0,0,0.1167,0.0,0.3362,3,increasing,0.0,False,False,1910
CYBB,0.032805,3,other,1.0,0.0594,0.118636,0.0,0.0,0,0.0002,0.007810715367401572,0.1136,2,increasing,0.0602,False,False,1911
XACT,0.032306,2,other,1.0,0.0262,0.055169,0.0,0.0,0,0.1015,0.0,0.314,2,increasing,0.0,False,False,1912
GYPA,0.032255,3,other,1.0,0.0473,0.095522,0.0,0.0,0,0.0231,1.3779981090683824e-31,0.9348,1,decreasing,0.0579,False,False,1913
KANSL1L,0.031931,2,other,1.0,0.0,0.0,0.0,0.0,0,0.0978,0.0,0.3325,1,increasing,0.1085,False,False,1914
TRDV2,0.031761,2,other,1.0,0.0295,0.061442,0.0,0.0,0,0.0923,0.0,0.3113,1,increasing,0.0,False,False,1915
MALRD1,0.031562,1,other,1.0,0.0,0.0,0.0,0.0,0,0.1578,0.0,0.5889,1,increasing,0.0,False,False,1916
CNBD1,0.03144,2,other,1.0,0.0707,0.140263,0.0,0.0,0,0.0,1.0,0.0,0,N/A,0.0165,False,False,1917
STMP1,0.031352,2,other,1.0,0.0737,0.146002,0.0,0.0,0,0.0018,2.726445056398789e-06,0.3162,2,decreasing,0.0,False,False,1918
CEACAM8,0.031141,3,other,1.0,0.0618,0.123159,0.0,0.0,0,0.0003,0.01808535852904432,0.2411,1,decreasing,0.0353,False,False,1919
RDBP,0.030934,1,other,1.0,0.0,0.0,0.1237,264.1158,81,0.0,1.0,0.0,0,N/A,0.0,False,False,1920
TPSG1,0.030888,2,other,1.0,0.0651,0.129526,0.0,0.0,0,0.0,1.0,0.0,0,N/A,0.0337,False,False,1921
KIAA0087,0.03084,2,other,1.0,0.0707,0.140252,0.0,0.0,0,0.0,1.0,0.0,0,N/A,0.0108,False,False,1922
LINC01122,0.030738,1,other,1.0,0.0,0.0,0.0,0.0,0,0.1537,0.0,0.5699,1,increasing,0.0,False,False,1923
CD24,0.030342,3,other,1.0,0.0544,0.109023,0.0,0.0,0,0.0017,7.679106881529811e-05,0.4183,2,decreasing,0.0549,False,False,1924
SPARCL1,0.030242,2,other,1.0,0.0664,0.131921,0.0,0.0,0,0.0,1.0,0.0,0,N/A,0.0225,False,False,1925
TPSB2,0.030069,2,other,1.0,0.0658,0.130795,0.0,0.0,0,0.0,1.0,0.0,0,N/A,0.0232,False,False,1926
IGLL5,0.029661,3,immunoglobulin,0.55,0.0192,0.041827,0.0,0.0,0,0.0002,0.03333662629967919,0.1579,1,decreasing,0.4132,False,False,1927
AC139720.1,0.028441,1,other,1.0,0.0,0.0,0.0,0.0,0,0.1422,0.0,0.5179,1,increasing,0.0,False,False,1928
RTRAF,0.028365,3,other,1.0,0.0625,0.124619,0.0,0.0,0,0.0028,9.069909497959409e-08,0.3852,2,decreasing,0.0022,False,False,1929
RNASE3,0.028101,2,other,1.0,0.0615,0.122601,0.0,0.0,0,0.0,1.0,0.0,0,N/A,0.0217,False,False,1930
LILRA5,0.027822,3,other,1.0,0.0558,0.111811,0.0,0.0,0,0.0003,0.0019852501880039133,0.1231,1,increasing,0.0291,False,False,1931
C1QTNF4,0.027764,3,other,1.0,0.0509,0.102456,0.0,0.0,0,0.0019,1.1970547965598803e-05,0.4311,1,decreasing,0.0448,False,False,1932
RFX3-AS1,0.027691,1,other,1.0,0.0,0.0,0.0,0.0,0,0.1385,0.0,0.4513,2,increasing,0.0,False,False,1933
BTNL9,0.027505,2,other,1.0,0.0611,0.121897,0.0,0.0,0,0.0,1.0,0.0,0,N/A,0.0175,False,False,1934
GABRA2,0.027442,2,other,1.0,0.055,0.110245,0.0,0.0,0,0.0,1.0,0.0,0,N/A,0.0413,False,False,1935
CD5L,0.027368,2,other,1.0,0.0549,0.110006,0.0,0.0,0,0.0,1.0,0.0,0,N/A,0.0411,False,False,1936
TMEM196,0.027353,2,other,1.0,0.0549,0.110038,0.0,0.0,0,0.0,1.0,0.0,0,N/A,0.0409,False,False,1937
MT1H,0.02729,2,other,1.0,0.0549,0.109987,0.0,0.0,0,0.0,1.0,0.0,0,N/A,0.0404,False,False,1938
RBIS,0.026985,2,other,1.0,0.0632,0.12596,0.0,0.0,0,0.002,6.24905386873424e-07,0.313,2,decreasing,0.0,False,False,1939
MICOS10,0.026836,2,other,1.0,0.0635,0.126421,0.0,0.0,0,0.0008,3.6658733251406583e-06,0.1576,1,increasing,0.0,False,False,1940
AC253572.2,0.02674,2,other,1.0,0.0614,0.122338,0.0,0.0,0,0.0046,1.135942023288967e-08,0.5573,3,decreasing,0.0,False,False,1941
AJ009632.2,0.026624,1,other,1.0,0.0,0.0,0.0,0.0,0,0.1331,0.0,0.478,1,increasing,0.0,False,False,1942
ATP5F1C,0.026589,2,other,1.0,0.0622,0.124026,0.0,0.0,0,0.0021,3.5727501244214326e-10,0.2103,2,decreasing,0.0,False,False,1943
CCL3L1,0.026574,2,other,1.0,0.0551,0.110335,0.0,0.0,0,0.0,1.0,0.0,0,N/A,0.0328,False,False,1944
ATP5PB,0.0263,2,other,1.0,0.062,0.123577,0.0,0.0,0,0.0012,2.2669967822466716e-07,0.1755,2,decreasing,0.0,False,False,1945
BRF1,0.02622,2,other,1.0,0.0,0.0,0.0039,19.6477,81,0.0,1.0,0.0,0,N/A,0.2399,False,False,1946
LINC01272,0.025983,2,other,1.0,0.0618,0.123181,0.0,0.0,0,0.0001,0.02853755428392235,0.1427,1,decreasing,0.0,False,False,1947
AC245014.3,0.025925,2,other,1.0,0.0609,0.121396,0.0,0.0,0,0.0017,2.3772972053527757e-05,0.4165,1,decreasing,0.0,False,False,1948
TENT5A,0.025628,2,other,1.0,0.0609,0.121514,0.0,0.0,0,0.0002,0.04175668915414749,0.2036,1,decreasing,0.0,False,False,1949
LNCAROD,0.025468,1,other,1.0,0.0,0.0,0.0,0.0,0,0.1273,0.0,0.4531,1,increasing,0.0,False,False,1950
VSIR,0.025403,2,other,1.0,0.0603,0.120417,0.0,0.0,0,0.0,1.0,0.0,0,N/A,0.0006,False,False,1951
KIR2DL1,0.02535,2,other,1.0,0.055,0.110248,0.0,0.0,0,0.0,1.0,0.0,0,N/A,0.0214,False,False,1952
NRG4,0.025272,2,other,1.0,0.05,0.100736,0.0,0.0,0,0.0,1.0,0.0,0,N/A,0.0405,False,False,1953
ADAMTSL4-AS1,0.025179,2,other,1.0,0.0595,0.118733,0.0,0.0,0,0.001,1.4353314250470994e-05,0.1643,4,increasing,0.0,False,False,1954
CD1E,0.024695,2,other,1.0,0.0549,0.110026,0.0,0.0,0,0.0,1.0,0.0,0,N/A,0.0156,False,False,1955
MEF2C-AS1,0.024426,1,other,1.0,0.0,0.0,0.0,0.0,0,0.1221,0.0,0.4311,1,increasing,0.0,False,False,1956
WHIP,0.024414,1,other,1.0,0.0,0.0,0.0977,210.8967,81,0.0,1.0,0.0,0,N/A,0.0,False,False,1957
ADA2,0.024232,1,other,1.0,0.0606,0.120869,0.0,0.0,0,0.0,1.0,0.0,0,N/A,0.0,False,False,1958
EXOC3L2,0.02411,2,other,1.0,0.0495,0.099626,0.0,0.0,0,0.0,1.0,0.0,0,N/A,0.0318,False,False,1959
ATP5IF1,0.023917,2,other,1.0,0.0538,0.107889,0.0,0.0,0,0.0063,1.9647583223669435e-15,0.3838,3,decreasing,0.0,False,False,1960
AP000331.1,0.023907,1,other,1.0,0.0,0.0,0.0,0.0,0,0.1195,0.0,0.4202,1,increasing,0.0,False,False,1961
KIR2DL4,0.023889,2,other,1.0,0.0549,0.11011,0.0,0.0,0,0.0,1.0,0.0,0,N/A,0.0077,False,False,1962
TPSD1,0.023513,2,other,1.0,0.0494,0.099494,0.0,0.0,0,0.0,1.0,0.0,0,N/A,0.0264,False,False,1963
GP9,0.023459,3,other,1.0,0.0445,0.090241,0.0,0.0,0,0.0017,5.337946048566966e-06,0.3378,1,increasing,0.0318,False,False,1964
AFDN,0.023126,2,other,1.0,0.0,0.0,0.0,0.0,0,0.1054,0.0,0.3626,1,increasing,0.0094,False,False,1965
AL050309.1,0.02299,1,other,1.0,0.0,0.0,0.0,0.0,0,0.115,0.0,0.4013,1,increasing,0.0,False,False,1966
TTTY10,0.022906,2,other,1.0,0.0,0.0,0.0,0.0,0,0.1059,0.0,0.3646,1,increasing,0.0063,False,False,1967
ATP5MF,0.022764,2,other,1.0,0.0519,0.104275,0.0,0.0,0,0.0046,4.019895527562767e-13,0.3273,3,decreasing,0.0,False,False,1968
AC092821.3,0.022571,1,other,1.0,0.0,0.0,0.0,0.0,0,0.1129,0.0,0.3927,1,increasing,0.0,False,False,1969
VPREB1,0.022503,3,other,1.0,0.0414,0.084241,0.0,0.0,0,0.0002,0.032493964074612344,0.1578,1,decreasing,0.0387,False,False,1970
TRGV3,0.022112,1,other,1.0,0.0553,0.11075,0.0,0.0,0,0.0,1.0,0.0,0,N/A,0.0,False,False,1971
TUBB4B,0.02178,2,other,1.0,0.0,0.0,0.0,0.0,0,0.0003,0.0023634991690694505,0.1324,2,increasing,0.2068,False,False,1972
NPTX2,0.021421,2,other,1.0,0.0295,0.06149,0.0,0.0,0,0.0,1.0,0.0,0,N/A,0.0861,False,False,1973
PCLAF,0.021306,3,other,1.0,0.0364,0.074793,0.0,0.0,0,0.0033,2.8051937190365586e-13,0.2436,2,decreasing,0.0413,False,False,1974
AC118549.1,0.02129,1,other,1.0,0.0,0.0,0.0,0.0,0,0.1065,0.0,0.3026,3,increasing,0.0,False,False,1975
MZB1,0.021173,3,other,1.0,0.0202,0.043714,0.0,0.0,0,0.0005,0.005177741923958,0.2671,1,decreasing,0.1108,False,False,1976
KIAA0125,0.021079,1,other,1.0,0.0527,0.105819,0.0,0.0,0,0.0,1.0,0.0,0,N/A,0.0,False,False,1977
AC096577.1,0.020009,1,other,1.0,0.0,0.0,0.0,0.0,0,0.1,0.0,0.3413,1,increasing,0.0,False,False,1978
DISC1FP1,0.019972,1,other,1.0,0.0,0.0,0.0,0.0,0,0.0999,0.0,0.3406,1,increasing,0.0,False,False,1979
AC107223.1,0.019422,1,other,1.0,0.0,0.0,0.0,0.0,0,0.0971,0.0,0.3298,1,increasing,0.0,False,False,1980
VMP1,0.019276,2,other,1.0,0.0,0.0,0.0,0.0,0,0.0046,4.5475775922732e-14,0.2726,4,increasing,0.1745,False,False,1981
CARMIL1,0.019261,2,other,1.0,0.0,0.0,0.0,0.0,0,0.0904,0.0,0.3038,1,increasing,0.0027,False,False,1982
SINHCAF,0.019126,2,other,1.0,0.0,0.0,0.0,0.0,0,0.0006,0.00010204170156210108,0.1451,3,increasing,0.1809,False,False,1983
TBL1Y,0.018786,2,other,1.0,0.0295,0.061498,0.0,0.0,0,0.0,1.0,0.0,0,N/A,0.061,False,False,1984
AC010737.1,0.018575,1,other,1.0,0.0,0.0,0.0,0.0,0,0.0929,0.0,0.3134,1,increasing,0.0,False,False,1985
CYTL1,0.018157,3,other,1.0,0.031,0.064346,0.0,0.0,0,0.0007,1.649783615618587e-05,0.1469,1,increasing,0.0399,False,False,1986
LINC01515,0.018077,1,other,1.0,0.0,0.0,0.0,0.0,0,0.0904,0.0,0.3039,1,increasing,0.0,False,False,1987
CST7,0.017797,3,other,1.0,0.0325,0.06721,0.0,0.0,0,0.0011,8.703422223477197e-06,0.2021,2,increasing,0.0298,False,False,1988
THBD,0.017609,2,other,1.0,0.0182,0.040048,0.0,0.0,0,0.0,1.0,0.0,0,N/A,0.0947,False,False,1989
CENPU,0.016042,2,other,1.0,0.0,0.0,0.0,0.0,0,0.0006,2.5168347877655234e-05,0.1438,1,increasing,0.1516,False,False,1990
AC007952.4,0.015591,2,other,1.0,0.0316,0.065488,0.0,0.0,0,0.0111,1.841776129827681e-15,0.7597,3,decreasing,0.0,False,False,1991
CYYR1,0.015335,3,other,1.0,0.0193,0.042133,0.0,0.0,0,0.0048,4.554607664365197e-16,0.2964,2,increasing,0.0524,False,False,1992
CPED1,0.015199,2,other,1.0,0.0,0.0,0.0,0.0,0,0.0031,8.906769403013378e-13,0.2623,1,increasing,0.1386,False,False,1993
KIAA0825,0.014287,2,other,1.0,0.0,0.0,0.0,0.0,0,0.0006,0.00013011965833344,0.146,2,increasing,0.1349,False,False,1994
CAMKMT,0.014243,2,other,1.0,0.0,0.0,0.0,0.0,0,0.0046,4.700678843993184e-14,0.2759,4,increasing,0.1264,False,False,1995
RNASE2,0.014094,3,other,1.0,0.02,0.043356,0.0,0.0,0,0.0015,9.521520740948373e-05,0.4122,1,decreasing,0.0452,False,False,1996
SELENOH,0.014061,3,other,1.0,0.029,0.060657,0.0,0.0,0,0.0045,2.0261570199409107e-15,0.264,3,decreasing,0.0026,False,False,1997
TRAF3IP2-AS1,0.014041,2,other,1.0,0.0,0.0,0.0,0.0,0,0.0011,2.856490532079787e-06,0.1765,3,increasing,0.1315,False,False,1998
CALB1,0.013969,2,other,1.0,0.0182,0.039985,0.0,0.0,0,0.0,1.0,0.0,0,N/A,0.0602,False,False,1999
EIF1AY,0.013919,3,other,1.0,0.0151,0.034014,0.0,0.0,0,0.0052,2.3295121173929966e-13,0.4043,2,decreasing,0.0557,False,False,2000
TCHH,0.013829,2,other,1.0,0.0281,0.058918,0.0,0.0,0,0.0,1.0,0.0,0,N/A,0.0192,False,False,2001
IGKV4-1,0.013706,2,immunoglobulin,0.55,0.0592,0.118236,0.0,0.0,0,0.0,1.0,0.0,0,N/A,0.0005,False,False,2002
C11ORF87,0.01365,2,other,1.0,0.0295,0.061487,0.0,0.0,0,0.0,1.0,0.0,0,N/A,0.0121,False,False,2003
ADRA2A,0.013633,2,other,1.0,0.0182,0.039998,0.0,0.0,0,0.0,1.0,0.0,0,N/A,0.0569,False,False,2004
DPH6,0.01323,2,other,1.0,0.0,0.0,0.0,0.0,0,0.0042,9.387552463774935e-15,0.2831,2,increasing,0.1175,False,False,2005
FAM210B,0.013036,3,other,1.0,0.0087,0.021894,0.0,0.0,0,0.0047,1.0070887435756144e-10,0.5275,1,decreasing,0.0741,False,False,2006
CDH6,0.012783,2,other,1.0,0.0182,0.039993,0.0,0.0,0,0.0,1.0,0.0,0,N/A,0.0489,False,False,2007
XRCC4,0.012301,1,other,1.0,0.0,0.0,0.0,11.5956,81,0.0,1.0,0.0,0,N/A,0.123,False,False,2008
DANCR,0.012239,2,other,1.0,0.0,0.0,0.0,0.0,0,0.0006,3.164947828450808e-05,0.1421,1,increasing,0.1154,False,False,2009
TRDV1,0.012095,2,other,1.0,0.0288,0.06013,0.0,0.0,0,0.0001,0.0285656856506654,0.0902,1,increasing,0.0,False,False,2010
AC020656.1,0.012018,2,other,1.0,0.0275,0.057702,0.0,0.0,0,0.0022,3.0530965280306326e-08,0.2836,2,decreasing,0.0,False,False,2011
AC011139.1,0.012008,2,other,1.0,0.0282,0.059011,0.0,0.0,0,0.0008,7.722828024783611e-06,0.1691,1,increasing,0.0,False,False,2012
CLEC10A,0.011249,2,other,1.0,0.0183,0.040239,0.0,0.0,0,0.0,1.0,0.0,0,N/A,0.0337,False,False,2013
IGHG2,0.011231,2,immunoglobulin,0.55,0.0479,0.096666,0.0,0.0,0,0.0,1.0,0.0,0,N/A,0.0029,False,False,2014
MOB1B,0.011044,2,other,1.0,0.0,0.0,0.0,0.0,0,0.0008,0.0004525909299939381,0.2138,3,decreasing,0.1036,False,False,2015
ZC3H12B,0.009989,3,other,1.0,0.0183,0.040128,0.0,0.0,0,0.0004,0.000625261557516192,0.1313,1,increasing,0.0169,False,False,2016
OR51E1,0.009894,2,other,1.0,0.0182,0.039981,0.0,0.0,0,0.0,1.0,0.0,0,N/A,0.0214,False,False,2017
MB21D2,0.009741,2,other,1.0,0.0,0.0,0.0,0.0,0,0.0,0.03635187819610813,0.0813,1,increasing,0.0927,False,False,2018
TBC1D32,0.009563,2,other,1.0,0.0,0.0,0.0,0.0,0,0.0023,9.476921560330824e-11,0.2389,1,increasing,0.0864,False,False,2019
GABRG1,0.009185,2,other,1.0,0.0131,0.030188,0.0,0.0,0,0.0,1.0,0.0,0,N/A,0.0351,False,False,2020
NUPR1,0.008819,2,other,1.0,0.0024,0.0098,0.0,0.0,0,0.0,1.0,0.0,0,N/A,0.0744,False,False,2021
LDLRAD4,0.008474,2,other,1.0,0.0,0.0,0.0,0.0,0,0.0037,9.272063736953146e-13,0.2621,3,increasing,0.0734,False,False,2022
RNF217-AS1,0.008342,2,other,1.0,0.0,0.0,0.0,0.0,0,0.0002,0.0029120496024459155,0.1151,1,increasing,0.079,False,False,2023
RP5-887A10.1,0.008262,2,other,1.0,0.0191,0.041609,0.0,0.0,0,0.0012,3.42791126753791e-07,0.1932,1,increasing,0.0,False,False,2024
TPSAB1,0.008159,2,other,1.0,0.0132,0.03032,0.0,0.0,0,0.0,1.0,0.0,0,N/A,0.0251,False,False,2025
LINC00278,0.008122,2,other,1.0,0.0178,0.039168,0.0,0.0,0,0.0031,7.92517351980455e-11,0.2651,3,increasing,0.0,False,False,2026
AC079767.4,0.008098,2,other,1.0,0.0191,0.041609,0.0,0.0,0,0.0004,0.0003134584239957082,0.1395,1,increasing,0.0,False,False,2027
CXCL8,0.007632,2,other,1.0,0.0,0.0,0.0,0.0,0,0.0001,0.02469061659857206,0.0876,1,increasing,0.0726,False,False,2028
AC092650.1,0.00761,2,other,1.0,0.0176,0.03873,0.0,0.0,0,0.0011,1.5232795790222639e-06,0.2007,1,increasing,0.0,False,False,2029
MYH7,0.007494,2,other,1.0,0.0024,0.009801,0.0,0.0,0,0.0,1.0,0.0,0,N/A,0.0617,False,False,2030
MTURN,0.007489,3,other,1.0,0.0,0.005218,0.0,0.0,0,0.0006,0.0009627771529912856,0.1889,3,increasing,0.0668,False,False,2031
LRRC75A,0.007453,2,other,1.0,0.0,0.0,0.0,0.0,0,0.0042,1.3669221165081283e-08,0.5536,2,decreasing,0.0626,False,False,2032
BEX1,0.00744,3,other,1.0,0.0041,0.012994,0.0,0.0,0,0.0013,3.314153758419262e-07,0.1885,2,increasing,0.0487,False,False,2033
INHBB,0.007389,2,other,1.0,0.0024,0.009805,0.0,0.0,0,0.0,1.0,0.0,0,N/A,0.0607,False,False,2034
IFNG,0.007325,2,other,1.0,0.0024,0.009798,0.0,0.0,0,0.0,1.0,0.0,0,N/A,0.0601,False,False,2035
FAM48A,0.007264,1,other,1.0,0.0,0.0,0.0291,70.8943,81,0.0,1.0,0.0,0,N/A,0.0,False,False,2036
STPG2,0.007109,2,other,1.0,0.0,0.0,0.0,0.0,0,0.0,0.031108141268208562,0.0839,1,increasing,0.0676,False,False,2037
AL139042.1,0.007,1,other,1.0,0.0175,0.038617,0.0,0.0,0,0.0,1.0,0.0,0,N/A,0.0,False,False,2038
CCDC175,0.006659,2,other,1.0,0.0,0.0,0.0,0.0,0,0.0041,2.432899722287221e-15,0.2891,1,increasing,0.0552,False,False,2039
MAP3K7CL,0.006036,3,other,1.0,0.0001,0.005425,0.0,0.0,0,0.0047,1.1920766884452253e-12,0.4214,1,decreasing,0.0451,False,False,2040
NSD2,0.005951,2,other,1.0,0.0,0.0,0.0,0.0,0,0.0008,2.9655776069612863e-05,0.1586,3,increasing,0.0551,False,False,2041
ACKR1,0.005808,2,other,1.0,0.0,0.0,0.0,0.0,0,0.0003,0.011879595555477001,0.204,1,decreasing,0.0547,False,False,2042
CEP128,0.005806,2,other,1.0,0.0,0.0,0.0,0.0,0,0.002,6.907682767985616e-09,0.2127,3,increasing,0.0513,False,False,2043
CEACAM6,0.00538,2,other,1.0,0.0,0.0,0.0,0.0,0,0.0007,0.003128518119915361,0.3103,1,decreasing,0.0499,False,False,2044
RFX8,0.005295,2,other,1.0,0.0,0.0,0.0,0.0,0,0.0001,0.02416582368111482,0.0841,1,increasing,0.0503,False,False,2045
IGHD,0.005251,3,immunoglobulin,0.55,0.0202,0.043861,0.0,0.0,0,0.001,0.00017150940858409427,0.2967,1,decreasing,0.0038,False,False,2046
SMIM24,0.005239,2,other,1.0,0.0,0.0,0.0,0.0,0,0.0006,0.00387133029830454,0.2773,2,decreasing,0.0486,False,False,2047
IGLV3-19,0.004927,3,immunoglobulin,0.55,0.0191,0.041621,0.0,0.0,0,0.0009,4.780557110611579e-06,0.1748,1,increasing,0.0034,False,False,2048
TENT5C,0.004006,2,other,1.0,0.0087,0.021798,0.0,0.0,0,0.0017,9.076604549360473e-06,0.3657,1,decreasing,0.0,False,False,2049
TLCD4,0.003937,2,other,1.0,0.0086,0.021608,0.0,0.0,0,0.0016,1.61276926096289e-05,0.3554,1,decreasing,0.0,False,False,2050
CTAG2,0.003778,2,other,1.0,0.0024,0.009797,0.0,0.0,0,0.0,1.0,0.0,0,N/A,0.0264,False,False,2051
FER1L6-AS1,0.003454,2,other,1.0,0.0,0.0,0.0,0.0,0,0.0001,0.007814112704522223,0.1034,1,increasing,0.0326,False,False,2052
METTL26,0.00311,2,other,1.0,0.0,0.0,0.0,0.0,0,0.0007,1.0285994700156987e-05,0.1503,1,increasing,0.0282,False,False,2053
GCSAML,0.002813,2,other,1.0,0.0,0.0,0.0,0.0,0,0.0005,0.00021442154321339995,0.1415,1,increasing,0.0259,False,False,2054
LINC00486,0.002804,2,other,1.0,0.0,0.0,0.0,0.0,0,0.0007,8.20569148023986e-06,0.152,1,increasing,0.0253,False,False,2055
CLEC1B,0.0027,2,other,1.0,0.0,0.005206,0.0,0.0,0,0.0008,0.0005400053778223945,0.2546,1,increasing,0.0242,False,False,2056
NSD3,0.00265,2,other,1.0,0.0,0.0,0.0,0.0,0,0.0009,6.4551463585414955e-06,0.1537,3,increasing,0.0234,False,False,2057
LINC00570,0.00223,2,other,1.0,0.0,0.0,0.0,0.0,0,0.0002,0.033927248022283474,0.1624,1,decreasing,0.0209,False,False,2058
MEG8,0.002007,2,other,1.0,0.0,0.0,0.0,0.0,0,0.0003,0.0014144567862909867,0.123,1,increasing,0.0185,False,False,2059
SMIM1,0.001909,2,other,1.0,0.0,0.0,0.0,0.0,0,0.0005,0.004243580984360659,0.2339,1,decreasing,0.0172,False,False,2060
BEX3,0.001891,2,other,1.0,0.0,0.0,0.0,0.0,0,0.0011,5.667772135412955e-06,0.2055,2,decreasing,0.0158,False,False,2061
NDUFAF8,0.001694,2,other,1.0,0.0,0.0,0.0,0.0,0,0.0004,0.0002322830901006392,0.1263,1,increasing,0.0153,False,False,2062
ADGRG6,0.001596,2,other,1.0,0.0,0.0,0.0,0.0,0,0.0019,1.6606635278828163e-09,0.2235,1,increasing,0.0114,False,False,2063
CAVIN1,0.001534,2,other,1.0,0.0,0.0,0.0,0.0,0,0.0001,0.016684327673079945,0.0808,2,increasing,0.0145,False,False,2064
JPT1,0.001454,2,other,1.0,0.0,0.0,0.0,0.0,0,0.0006,2.1878028803422917e-05,0.1449,1,increasing,0.0126,False,False,2065
SEM1,0.001428,2,other,1.0,0.0,0.0,0.0,0.0,0,0.0026,6.688409952302108e-08,0.3546,2,decreasing,0.0084,False,False,2066
ERBIN,0.001304,2,other,1.0,0.0,0.0,0.0,0.0,0,0.0013,6.242039091891343e-07,0.1871,3,increasing,0.0097,False,False,2067
TMEM131L,0.00116,2,other,1.0,0.0,0.0,0.0,0.0,0,0.0016,3.2057083031204213e-07,0.1915,4,increasing,0.0079,False,False,2068
TENT2,0.001083,1,other,1.0,0.0,0.0,0.0,0.0,0,0.0054,1.3410789233964192e-15,0.2916,4,increasing,0.0,False,False,2069
GRK3,0.001058,2,other,1.0,0.0,0.0,0.0,0.0,0,0.0048,4.561047341011472e-15,0.2863,3,increasing,0.0006,False,False,2070
MIR181A1HG,0.001037,1,other,1.0,0.0,0.0,0.0,0.0,0,0.0052,5.880884338360978e-16,0.2943,3,increasing,0.0,False,False,2071
MEI4,0.000986,2,other,1.0,0.0,0.0,0.0,0.0,0,0.0003,0.0015625329501105668,0.1219,1,increasing,0.0088,False,False,2072
CYTOR,0.000982,2,other,1.0,0.0,0.0,0.0,0.0,0,0.0022,2.7551246754106057e-10,0.2116,2,decreasing,0.005,False,False,2073
LINC01572,0.000982,1,other,1.0,0.0,0.0,0.0,0.0,0,0.0049,2.2292340943001165e-15,0.2893,3,increasing,0.0,False,False,2074
TAPT1-AS1,0.000976,2,other,1.0,0.0,0.0,0.0,0.0,0,0.0041,2.8528406188614737e-15,0.2884,1,increasing,0.0011,False,False,2075
SOCS2-AS1,0.000932,2,other,1.0,0.0,0.0,0.0,0.0,0,0.0008,6.088262375182631e-06,0.1709,1,increasing,0.0072,False,False,2076
ITGA9-AS1,0.000911,1,other,1.0,0.0,0.0,0.0,0.0,0,0.0046,2.321098136647649e-16,0.2989,1,increasing,0.0,False,False,2077
ST8SIA6-AS1,0.000884,1,other,1.0,0.0,0.0,0.0,0.0,0,0.0044,4.591737618150784e-16,0.2953,1,increasing,0.0,False,False,2078
AOPEP,0.000876,1,other,1.0,0.0,0.0,0.0,0.0,0,0.0044,2.7604981007338173e-14,0.2783,3,increasing,0.0,False,False,2079
FAM241A,0.000827,2,other,1.0,0.0,0.0,0.0,0.0,0,0.0022,3.077825226321469e-10,0.2327,1,increasing,0.0035,False,False,2080
AL513166.1,0.000808,1,other,1.0,0.0,0.0,0.0,0.0,0,0.004,3.919545100854483e-15,0.2869,1,increasing,0.0,False,False,2081
ARMH3,0.00079,1,other,1.0,0.0,0.0,0.0,0.0,0,0.004,2.2760856118193586e-13,0.2687,3,increasing,0.0,False,False,2082
AC244502.1,0.000756,1,other,1.0,0.0,0.0,0.0,0.0,0,0.0038,1.6516445688145375e-14,0.2806,1,increasing,0.0,False,False,2083
GUCY1B1,0.000744,1,other,1.0,0.0,0.0,0.0,0.0,0,0.0037,2.3749106606117187e-14,0.2789,1,increasing,0.0,False,False,2084
SELENOK,0.000721,2,other,1.0,0.0,0.0,0.0,0.0,0,0.0003,0.018788476814318028,0.1584,4,decreasing,0.0063,False,False,2085
ERVMER61-1,0.000717,2,other,1.0,0.0,0.0,0.0,0.0,0,0.0033,6.307864390979905e-12,0.2528,3,increasing,0.0002,False,False,2086
AC008568.1,0.000709,1,other,1.0,0.0,0.0,0.0,0.0,0,0.0035,6.491149081659009e-14,0.2744,1,increasing,0.0,False,False,2087
TUT4,0.000702,1,other,1.0,0.0,0.0,0.0,0.0,0,0.0035,2.081721907994365e-12,0.2581,3,increasing,0.0,False,False,2088
AC090825.1,0.000699,1,other,1.0,0.0,0.0,0.0,0.0,0,0.0035,8.632911442473899e-14,0.2731,1,increasing,0.0,False,False,2089
MRTFA,0.000677,1,other,1.0,0.0,0.0,0.0,0.0,0,0.0034,1.4725822679999128e-11,0.2485,4,increasing,0.0,False,False,2090
IGHG4,0.000663,3,immunoglobulin,0.55,0.0025,0.010014,0.0,0.0,0,0.0002,0.0297935529885118,0.1681,1,decreasing,0.0005,False,False,2091
FIRRE,0.000632,2,other,1.0,0.0,0.0,0.0,0.0,0,0.0027,1.4295726724693747e-10,0.2368,3,increasing,0.0006,False,False,2092
AC090630.1,0.000629,1,other,1.0,0.0,0.0,0.0,0.0,0,0.0031,6.830604056230025e-13,0.2635,1,increasing,0.0,False,False,2093
GIHCG,0.000619,1,other,1.0,0.0,0.0,0.0,0.0,0,0.0031,1.3522816974725258e-10,0.2976,2,decreasing,0.0,False,False,2094
PCAT1,0.000612,2,other,1.0,0.0,0.0,0.0,0.0,0,0.0011,1.050914873584595e-06,0.1835,1,increasing,0.0037,False,False,2095
CCDC26,0.000608,2,other,1.0,0.0,0.0,0.0,0.0,0,0.0001,0.0166503734817435,0.0808,1,increasing,0.0057,False,False,2096
TASOR2,0.000586,1,other,1.0,0.0,0.0,0.0,0.0,0,0.0029,4.436738923112486e-11,0.2429,3,increasing,0.0,False,False,2097
ARNTL2-AS1,0.000578,1,other,1.0,0.0,0.0,0.0,0.0,0,0.0029,3.1627304310853012e-12,0.2561,1,increasing,0.0,False,False,2098
LINC02100,0.000574,1,other,1.0,0.0,0.0,0.0,0.0,0,0.0029,3.592750435779007e-12,0.2555,1,increasing,0.0,False,False,2099
AL627171.2,0.00051,1,other,1.0,0.0,0.0,0.0,0.0,0,0.0025,1.1509950952728293e-06,0.4785,1,decreasing,0.0,False,False,2100
CRPPA,0.000483,1,other,1.0,0.0,0.0,0.0,0.0,0,0.0024,2.4090427397466774e-10,0.2341,2,increasing,0.0,False,False,2101
AL365295.1,0.000474,1,other,1.0,0.0,0.0,0.0,0.0,0,0.0024,8.213557265626163e-11,0.2397,1,increasing,0.0,False,False,2102
ZRANB2-AS2,0.000472,2,other,1.0,0.0,0.0,0.0,0.0,0,0.0,0.04993375654069864,0.0758,1,increasing,0.0045,False,False,2103
PATJ,0.000445,2,other,1.0,0.0,0.0,0.0,0.0,0,0.0013,1.4506644323375214e-07,0.1967,1,increasing,0.0016,False,False,2104
TRAV20,0.000427,2,other,1.0,0.0,0.0,0.0,0.0,0,0.0001,0.022304099107195604,0.1066,1,increasing,0.0039,False,False,2105
AP000787.1,0.000422,1,other,1.0,0.0,0.0,0.0,0.0,0,0.0021,4.5878231763315336e-10,0.2306,1,increasing,0.0,False,False,2106
GPAT3,0.000422,2,other,1.0,0.0,0.0,0.0,0.0,0,0.0006,5.3174430761104916e-05,0.1537,1,increasing,0.0028,False,False,2107
AC090945.1,0.000421,1,other,1.0,0.0,0.0,0.0,0.0,0,0.0021,4.695438578100013e-10,0.2304,1,increasing,0.0,False,False,2108
SEPTIN6,0.000411,1,other,1.0,0.0,0.0,0.0,0.0,0,0.0021,6.354650588003445e-10,0.2073,2,increasing,0.0,False,False,2109
SEPTIN11,0.00041,1,other,1.0,0.0,0.0,0.0,0.0,0,0.0021,6.723924845224295e-09,0.2154,3,increasing,0.0,False,False,2110
AC010880.1,0.000406,1,other,1.0,0.0,0.0,0.0,0.0,0,0.002,7.96039133959232e-10,0.2276,1,increasing,0.0,False,False,2111
IGHG3,0.000406,2,immunoglobulin,0.55,0.0,0.0,0.0,0.0,0,0.0002,0.022921676104789165,0.1796,1,decreasing,0.0066,False,False,2112
UBA6-AS1,0.000404,1,other,1.0,0.0,0.0,0.0,0.0,0,0.002,8.558808988400106e-10,0.2271,1,increasing,0.0,False,False,2113
ECPAS,0.000402,1,other,1.0,0.0,0.0,0.0,0.0,0,0.002,8.577106679539655e-09,0.214,3,increasing,0.0,False,False,2114
ATP5MC1,0.0004,1,other,1.0,0.0,0.0,0.0,0.0,0,0.002,9.407499202083192e-10,0.2054,2,decreasing,0.0,False,False,2115
C6ORF25,0.000391,2,other,1.0,0.0,0.005237,0.0,0.0,0,0.0018,2.4551485264442028e-06,0.3519,1,increasing,0.0,False,False,2116
SCN1A-AS1,0.000383,1,other,1.0,0.0,0.0,0.0,0.0,0,0.0019,1.7524898505394586e-09,0.2231,1,increasing,0.0,False,False,2117
SATB1-AS1,0.000358,1,other,1.0,0.0,0.0,0.0,0.0,0,0.0018,4.164524283914202e-09,0.2182,1,increasing,0.0,False,False,2118
LINC02232,0.000344,1,other,1.0,0.0,0.0,0.0,0.0,0,0.0017,6.766760858553437e-09,0.2154,1,increasing,0.0,False,False,2119
FAM30A,0.000333,1,other,1.0,0.0,0.0,0.0,0.0,0,0.0017,5.6964005046686375e-05,0.3964,2,decreasing,0.0,False,False,2120
AL021155.5,0.000324,1,other,1.0,0.0,0.0,0.0,0.0,0,0.0016,3.790747415909047e-05,0.4066,1,decreasing,0.0,False,False,2121
AP001636.3,0.000322,1,other,1.0,0.0,0.0,0.0,0.0,0,0.0016,1.5035436274278e-08,0.2107,1,increasing,0.0,False,False,2122
SHLD2,0.000317,1,other,1.0,0.0,0.0,0.0,0.0,0,0.0016,1.2077712596337324e-07,0.1979,3,increasing,0.0,False,False,2123
AC027097.2,0.000298,1,other,1.0,0.0,0.0,0.0,0.0,0,0.0015,3.54957273052895e-08,0.2055,1,increasing,0.0,False,False,2124
AC053527.2,0.000283,1,other,1.0,0.0,0.0,0.0,0.0,0,0.0014,6.210384435395925e-08,0.2021,1,increasing,0.0,False,False,2125
WARS2-AS1,0.000278,1,other,1.0,0.0,0.0,0.0,0.0,0,0.0014,7.564264082749602e-08,0.2009,1,increasing,0.0,False,False,2126
NIBAN1,0.00026,1,other,1.0,0.0,0.0,0.0,0.0,0,0.0013,3.1987052049795516e-07,0.1888,2,increasing,0.0,False,False,2127
LINC01278,0.000252,1,other,1.0,0.0,0.0,0.0,0.0,0,0.0013,2.0189647895954352e-07,0.1946,1,increasing,0.0,False,False,2128
HMGA2-AS1,0.000228,1,other,1.0,0.0,0.0,0.0,0.0,0,0.0011,5.118235850352848e-07,0.1884,1,increasing,0.0,False,False,2129
ATP5PD,0.000222,1,other,1.0,0.0,0.0,0.0,0.0,0,0.0011,2.6704698323929333e-07,0.1745,1,increasing,0.0,False,False,2130
AL359232.1,0.000206,1,other,1.0,0.0,0.0,0.0,0.0,0,0.001,1.2463277046418324e-06,0.1823,1,increasing,0.0,False,False,2131
AC079142.1,0.00019,1,other,1.0,0.0,0.0,0.0,0.0,0,0.001,5.075165577917299e-06,0.1723,2,increasing,0.0,False,False,2132
MIR646HG,0.00019,1,other,1.0,0.0,0.0,0.0,0.0,0,0.001,2.0205169371253124e-05,0.1797,3,increasing,0.0,False,False,2133
LINC02328,0.000189,1,other,1.0,0.0,0.0,0.0,0.0,0,0.0009,5.350609853083695e-06,0.1719,2,increasing,0.0,False,False,2134
AC104389.5,0.000183,1,other,1.0,0.0,0.0,0.0,0.0,0,0.0009,3.3056481151862197e-06,0.1754,1,increasing,0.0,False,False,2135
CERT1,0.000166,1,other,1.0,0.0,0.0,0.0,0.0,0,0.0008,1.3477671753734432e-05,0.1648,2,increasing,0.0,False,False,2136
IGLC1,0.000159,2,immunoglobulin,0.55,0.0,0.0,0.0,0.0,0,0.0004,0.009528490589865211,0.2464,1,decreasing,0.0019,False,False,2137
AL390860.1,0.000158,1,other,1.0,0.0,0.0,0.0,0.0,0,0.0008,9.711310729420792e-06,0.1674,1,increasing,0.0,False,False,2138
CCDC200,0.000153,1,other,1.0,0.0,0.0,0.0,0.0,0,0.0008,1.2150585177559077e-05,0.1656,1,increasing,0.0,False,False,2139
AC009093.2,0.000149,1,other,1.0,0.0,0.0,0.0,0.0,0,0.0007,1.4248386377938624e-05,0.1643,1,increasing,0.0,False,False,2140
AC108134.2,0.000146,1,other,1.0,0.0,0.0,0.0,0.0,0,0.0007,0.0018210883020440135,0.3029,1,decreasing,0.0,False,False,2141
AL035446.2,0.000139,1,other,1.0,0.0,0.0,0.0,0.0,0,0.0007,2.30274835670249e-05,0.1606,1,increasing,0.0,False,False,2142
CALHM6,0.000135,2,other,1.0,0.0,0.0,0.0,0.0,0,0.0003,0.016864217709568367,0.2217,1,decreasing,0.0007,False,False,2143
CEMIP2,0.000131,1,other,1.0,0.0,0.0,0.0,0.0,0,0.0007,5.774116754039489e-05,0.153,2,increasing,0.0,False,False,2144
LINC01684,0.000127,1,other,1.0,0.0,0.0,0.0,0.0,0,0.0006,4.018503030194046e-05,0.156,1,increasing,0.0,False,False,2145
SEPTIN2,0.000125,1,other,1.0,0.0,0.0,0.0,0.0,0,0.0006,2.191171054874985e-05,0.1449,1,increasing,0.0,False,False,2146
PCNX2,0.000122,1,other,1.0,0.0,0.0,0.0,0.0,0,0.0006,4.887733990541243e-05,0.1544,1,increasing,0.0,False,False,2147
EIF1B-AS1,0.000117,1,other,1.0,0.0,0.0,0.0,0.0,0,0.0006,6.334841577737915e-05,0.1522,1,increasing,0.0,False,False,2148
AL162493.1,0.000117,1,other,1.0,0.0,0.0,0.0,0.0,0,0.0006,6.375008481162789e-05,0.1522,1,increasing,0.0,False,False,2149
AC068051.1,0.000116,1,other,1.0,0.0,0.0,0.0,0.0,0,0.0006,6.564807575232192e-05,0.1519,1,increasing,0.0,False,False,2150
LINC02147,0.000112,1,other,1.0,0.0,0.0,0.0,0.0,0,0.0006,8.138379763639116e-05,0.15,1,increasing,0.0,False,False,2151
HACD1,0.000107,1,other,1.0,0.0,0.0,0.0,0.0,0,0.0005,5.391747415370093e-05,0.138,1,increasing,0.0,False,False,2152
MIR222HG,0.000107,1,other,1.0,0.0,0.0,0.0,0.0,0,0.0005,9.072489392800862e-05,0.1462,1,increasing,0.0,False,False,2153
AC020916.1,9.7e-05,1,other,1.0,0.0,0.0,0.0,0.0,0,0.0005,0.0023245791867285205,0.212,1,decreasing,0.0,False,False,2154
NBDY,7.9e-05,1,other,1.0,0.0,0.0,0.0,0.0,0,0.0004,0.00038591786878497576,0.1215,2,increasing,0.0,False,False,2155
LINC00342,7.1e-05,2,other,1.0,0.0,0.0,0.0,0.0,0,0.0,0.03626576828485916,0.0814,2,increasing,0.0006,False,False,2156
AC100835.2,6e-05,1,other,1.0,0.0,0.0,0.0,0.0,0,0.0003,0.01265050264269871,0.2005,1,decreasing,0.0,False,False,2157
AC006299.1,5.8e-05,1,other,1.0,0.0,0.0,0.0,0.0,0,0.0003,0.00130140711661319,0.1239,1,increasing,0.0,False,False,2158
OVCH1-AS1,5.6e-05,1,other,1.0,0.0,0.0,0.0,0.0,0,0.0003,0.0021670164342808295,0.1184,2,increasing,0.0,False,False,2159
LINC01088,5.4e-05,2,other,1.0,0.0,0.0,0.0,0.0,0,0.0001,0.008414887975118378,0.1024,1,increasing,0.0002,False,False,2160
AC000065.1,5.2e-05,1,other,1.0,0.0,0.0,0.0,0.0,0,0.0003,0.0018649856262074184,0.12,1,increasing,0.0,False,False,2161
SLC49A4,5e-05,1,other,1.0,0.0,0.0,0.0,0.0,0,0.0003,0.0029101504349000264,0.1151,2,increasing,0.0,False,False,2162
LINC02246,4.3e-05,1,other,1.0,0.0,0.0,0.0,0.0,0,0.0002,0.003090308374253224,0.1144,1,increasing,0.0,False,False,2163
IGLV2-8,4.3e-05,2,immunoglobulin,0.55,0.0,0.0,0.0,0.0,0,0.0001,0.012394457085282319,0.0952,1,increasing,0.0005,False,False,2164
THRB-AS1,4.1e-05,1,other,1.0,0.0,0.0,0.0,0.0,0,0.0002,0.0036770474923995843,0.1124,1,increasing,0.0,False,False,2165
FAM198B-AS1,4e-05,1,other,1.0,0.0,0.0,0.0,0.0,0,0.0002,0.003811625793112406,0.112,1,increasing,0.0,False,False,2166
LINC02772,3.9e-05,1,other,1.0,0.0,0.0,0.0,0.0,0,0.0002,0.026099156153616247,0.1734,1,decreasing,0.0,False,False,2167
TRBV2,3.1e-05,1,other,1.0,0.0,0.0,0.0,0.0,0,0.0002,0.0121084347901318,0.1189,1,increasing,0.0,False,False,2168
AC068413.1,3.1e-05,1,other,1.0,0.0,0.0,0.0,0.0,0,0.0002,0.0069618652335501525,0.1049,1,increasing,0.0,False,False,2169
SNHG31,3e-05,1,other,1.0,0.0,0.0,0.0,0.0,0,0.0002,0.00711748825077146,0.1046,1,increasing,0.0,False,False,2170
RP11-731F5.2,2.7e-05,1,other,1.0,0.0,0.0,0.0,0.0,0,0.0001,0.008582011484973638,0.1005,1,increasing,0.0,False,False,2171
AC005062.1,2.6e-05,1,other,1.0,0.0,0.0,0.0,0.0,0,0.0001,0.00929038782071529,0.1012,1,increasing,0.0,False,False,2172
Z94721.1,2.5e-05,1,other,1.0,0.0,0.0,0.0,0.0,0,0.0001,0.009113155202753456,0.0983,1,increasing,0.0,False,False,2173
AC058791.1,2.4e-05,1,other,1.0,0.0,0.0,0.0,0.0,0,0.0001,0.010153499928423893,0.0981,1,increasing,0.0,False,False,2174
PCNX4,2.1e-05,2,other,1.0,0.0,0.0,0.0,0.0,0,0.0,0.025939132444287256,0.0743,2,increasing,0.0001,False,False,2175
AC104248.1,1.8e-05,1,other,1.0,0.0,0.0,0.0,0.0,0,0.0001,0.0168166891173536,0.0933,1,increasing,0.0,False,False,2176
AL157895.1,1.6e-05,1,other,1.0,0.0,0.0,0.0,0.0,0,0.0001,0.017429112021855264,0.0831,2,increasing,0.0,False,False,2177
IGHV3-21,1.5e-05,1,immunoglobulin,0.55,0.0,0.0,0.0,0.0,0,0.0001,0.008487160475779338,0.1015,1,increasing,0.0,False,False,2178
LINC01376,1.2e-05,1,other,1.0,0.0,0.0,0.0,0.0,0,0.0001,0.02493282782188818,0.0875,1,increasing,0.0,False,False,2179
LINC00571,1.1e-05,1,other,1.0,0.0,0.0,0.0,0.0,0,0.0001,0.027518989460677566,0.0859,1,increasing,0.0,False,False,2180
CCDC18-AS1,1.1e-05,1,other,1.0,0.0,0.0,0.0,0.0,0,0.0001,0.02936585165488534,0.0808,2,increasing,0.0,False,False,2181
AC078785.1,1.1e-05,1,other,1.0,0.0,0.0,0.0,0.0,0,0.0001,0.026716408416873953,0.0864,1,increasing,0.0,False,False,2182
AC098617.1,1e-05,1,other,1.0,0.0,0.0,0.0,0.0,0,0.0001,0.028514465225865083,0.0853,1,increasing,0.0,False,False,2183
TRBV7-9,1e-05,1,other,1.0,0.0,0.0,0.0,0.0,0,0.0001,0.040383297635030894,0.0948,1,increasing,0.0,False,False,2184
SGO1-AS1,1e-05,1,other,1.0,0.0,0.0,0.0,0.0,0,0.0001,0.02851878122069091,0.0853,1,increasing,0.0,False,False,2185
LINC01798,9e-06,1,other,1.0,0.0,0.0,0.0,0.0,0,0.0,0.030794740550282466,0.0841,1,increasing,0.0,False,False,2186
ARMH1,7e-06,1,other,1.0,0.0,0.0,0.0,0.0,0,0.0,0.03870577285075897,0.0762,2,increasing,0.0,False,False,2187
DIPK1A,7e-06,1,other,1.0,0.0,0.0,0.0,0.0,0,0.0,0.03593320932946721,0.0815,1,increasing,0.0,False,False,2188
AL356804.1,6e-06,1,other,1.0,0.0,0.0,0.0,0.0,0,0.0,0.03870369720411363,0.0802,1,increasing,0.0,False,False,2189
LINC01266,6e-06,1,other,1.0,0.0,0.0,0.0,0.0,0,0.0,0.0403864736158458,0.0794,1,increasing,0.0,False,False,2190
AC002454.1,6e-06,1,other,1.0,0.0,0.0,0.0,0.0,0,0.0,0.029307694579318713,0.0725,1,increasing,0.0,False,False,2191
AC123912.4,6e-06,1,other,1.0,0.0,0.0,0.0,0.0,0,0.0,0.03867089707435286,0.0802,1,increasing,0.0,False,False,2192
AC078881.1,6e-06,1,other,1.0,0.0,0.0,0.0,0.0,0,0.0,0.03979365404101778,0.0797,1,increasing,0.0,False,False,2193
RESF1,5e-06,1,other,1.0,0.0,0.0,0.0,0.0,0,0.0,0.044709677012905236,0.0777,1,increasing,0.0,False,False,2194
AC023590.1,4e-06,1,other,1.0,0.0,0.0,0.0,0.0,0,0.0,0.04848378021829217,0.0763,1,increasing,0.0,False,False,2195
AC007262.2,2e-06,1,other,1.0,0.0,0.0,0.0,0.0,0,0.0,0.04977990268935247,0.0718,1,increasing,0.0,False,False,2196
RFLNB,1e-06,1,other,1.0,0.0,0.0,0.0,0.0,0,0.0,0.046072961084551084,0.0652,1,increasing,0.0,False,False,2197
AC069410.1,0.0,0,other,1.0,0.0,0.0,0.0,0.0,0,0.0,0.049576897250733526,0.0639,1,increasing,0.0,False,False,2198
